TITLE = "B000005"
VARIABLES = "x[mm]" "y[mm]" "z[mm]" "I" "Vx[m/s]" "Vy[m/s]" "Vz[m/s]" "|V|[m/s]" "trackID" "Ax[m/s²]" "Ay[m/s²]" "Az[m/s²]" "|A|[m/s²]" "Absolute intensity[]"
ZONE T="Snapshot 0005"
STRANDID=1, SOLUTIONTIME=None
I=1390, J=1, K=1, ZONETYPE=Ordered
DATAPACKING=POINT
-4.07325 13.961 -0.576723 1e-06 -0.151813 0.12021 0.241446 0.309505 5 0 0 0 0 1e-06
-8.86425 -6.92451 -0.0370057 1e-06 -0.196279 0.130996 0.203891 0.311861 10 0 0 0 0 1e-06
-2.88409 15.5596 -0.0139784 1e-06 -0.154439 0.13271 0.224626 0.303184 15 0 0 0 0 1e-06
-2.54349 10.0285 -0.0541394 1e-06 -0.159131 0.138903 0.141476 0.254228 22 0 0 0 0 1e-06
5.72075 8.96087 -1.57738 1e-06 -0.238977 0.0794203 -0.0606154 0.259021 24 0 0 0 0 1e-06
-1.72197 8.90465 -0.227694 1e-06 -0.175712 0.138526 0.143969 0.266066 25 0 0 0 0 1e-06
5.56964 7.6396 -0.784371 1e-06 -0.232833 0.0780573 0.0362856 0.248235 27 0 0 0 0 1e-06
-11.1319 7.38755 0.610163 1e-06 -0.13085 0.0527695 0.205863 0.249571 28 0 0 0 0 1e-06
-12.1256 5.94993 0.378222 1e-06 -0.125709 0.0387786 0.243869 0.27709 29 0 0 0 0 1e-06
-2.22165 6.38037 -0.238193 1e-06 -0.181845 0.15321 0.143225 0.277586 30 0 0 0 0 1e-06
0.143547 5.3294 -0.205226 1e-06 -0.194803 0.12058 0.116305 0.256934 31 0 0 0 0 1e-06
-11.37 3.67973 0.670606 1e-06 -0.130655 0.0523238 0.270708 0.305109 32 0 0 0 0 1e-06
-5.93575 1.48443 0.259031 1e-06 -0.163428 0.150247 0.183347 0.287922 33 0 0 0 0 1e-06
0.944254 -0.437687 -0.86132 1e-06 -0.25129 0.138956 0.0450108 0.290657 38 0 0 0 0 1e-06
-10.9009 -2.86034 0.422198 1e-06 -0.142258 0.0886635 0.261539 0.310646 40 0 0 0 0 1e-06
-9.99805 -3.59893 0.452265 1e-06 -0.148073 0.111739 0.21208 0.281761 45 0 0 0 0 1e-06
-15.246 -5.48735 1.01672 1e-06 -0.116433 0.0351051 0.308451 0.331558 48 0 0 0 0 1e-06
-14.7862 -6.68283 0.615736 1e-06 -0.133966 0.0393743 0.21104 0.253051 51 0 0 0 0 1e-06
-2.07412 -9.82507 -0.535629 1e-06 -0.268852 0.146686 0.0665273 0.313407 53 0 0 0 0 1e-06
-1.75183 -13.5139 -0.776754 1e-06 -0.271497 0.155095 -0.0048381 0.312712 55 0 0 0 0 1e-06
-11.9193 -15.126 0.144 1e-06 -0.231164 0.0869836 0.122817 0.275839 58 0 0 0 0 1e-06
-15.3282 -13.0353 0.590007 1e-06 -0.169932 0.0355743 0.194171 0.26047 61 0 0 0 0 1e-06
3.97578 15.2419 -0.331381 1e-06 -0.195737 0.0232013 0.0842958 0.214376 62 0 0 0 0 1e-06
8.06835 14.5609 -1.09545 1e-06 -0.223404 0.0407362 -0.0462688 0.231753 64 0 0 0 0 1e-06
-5.06596 13.672 0.46684 1e-06 -0.124785 0.115148 0.21822 0.276496 66 0 0 0 0 1e-06
9.43728 12.2215 -1.08653 1e-06 -0.227611 0.0440289 -0.0493633 0.237028 68 0 0 0 0 1e-06
-11.3015 11.5717 0.71896 1e-06 -0.104845 0.0535352 0.20159 0.233446 69 0 0 0 0 1e-06
9.15718 11.4089 -0.993118 1e-06 -0.23183 0.0504479 -0.0690165 0.24709 70 0 0 0 0 1e-06
4.25815 10.1441 -0.342391 1e-06 -0.195676 0.0530695 0.0533981 0.209659 72 0 0 0 0 1e-06
-11.582 9.74372 1.15679 1e-06 -0.0927883 0.0476703 0.23675 0.258714 74 0 0 0 0 1e-06
-8.11416 8.42334 1.02758 1e-06 -0.118538 0.0878213 0.291282 0.32651 78 0 0 0 0 1e-06
-14.3582 6.89583 1.40089 1e-06 -0.0794565 0.0375494 0.305346 0.317741 79 0 0 0 0 1e-06
-6.01483 7.14327 0.987061 1e-06 -0.12932 0.133473 0.286868 0.341807 80 0 0 0 0 1e-06
6.8313 6.29473 -1.09357 1e-06 -0.249482 0.0930487 -0.0422021 0.269593 82 0 0 0 0 1e-06
0.739912 4.79036 -0.00854137 1e-06 -0.189028 0.0956663 0.087626 0.229264 84 0 0 0 0 1e-06
0.834225 4.42221 -0.159567 1e-06 -0.203667 0.104034 0.0625445 0.237098 85 0 0 0 0 1e-06
-7.11171 4.33426 0.703772 1e-06 -0.142124 0.13934 0.15857 0.254478 86 0 0 0 0 1e-06
-8.51106 2.866 1.28594 1e-06 -0.126008 0.112158 0.279461 0.326429 89 0 0 0 0 1e-06
-3.47586 2.49642 0.592117 1e-06 -0.177473 0.160993 0.182638 0.301284 90 0 0 0 0 1e-06
-12.1969 1.94094 0.939586 1e-06 -0.118841 0.0450328 0.267841 0.296462 91 0 0 0 0 1e-06
-7.22853 2.13772 0.956339 1e-06 -0.13064 0.13851 0.292713 0.349188 92 0 0 0 0 1e-06
-0.795871 0.792429 0.0209399 1e-06 -0.217103 0.119249 0.088285 0.26296 96 0 0 0 0 1e-06
-7.91752 -5.38907 0.373488 1e-06 -0.185857 0.143211 0.155026 0.281221 106 0 0 0 0 1e-06
-3.96602 -6.60915 0.150155 1e-06 -0.221849 0.123589 0.0911981 0.26983 107 0 0 0 0 1e-06
3.88538 -6.7623 -0.924749 1e-06 -0.272403 0.135227 -0.095356 0.31872 108 0 0 0 0 1e-06
-5.6348 -7.0616 0.255764 1e-06 -0.206207 0.135877 0.135948 0.281897 110 0 0 0 0 1e-06
-3.75755 -7.46536 0.266799 1e-06 -0.229531 0.118175 0.107943 0.279824 112 0 0 0 0 1e-06
-13.1701 -8.33913 0.90981 1e-06 -0.152029 0.0645066 0.254305 0.303224 115 0 0 0 0 1e-06
-13.0865 -8.63056 1.01104 1e-06 -0.146369 0.0675165 0.264149 0.309446 117 0 0 0 0 1e-06
-10.8448 -10.8348 0.557764 1e-06 -0.197895 0.106429 0.183546 0.290135 119 0 0 0 0 1e-06
1.2636 -10.7816 -0.555661 1e-06 -0.267428 0.140466 -0.0762041 0.311538 120 0 0 0 0 1e-06
3.05196 -14.3564 -0.347851 1e-06 -0.251882 0.152067 -0.0395792 0.296877 124 0 0 0 0 1e-06
-9.56922 -15.1247 0.576663 1e-06 -0.224746 0.125874 0.220053 0.33879 127 0 0 0 0 1e-06
-13.648 12.9707 1.57394 1e-06 -0.0596967 0.046888 0.319795 0.328681 132 0 0 0 0 1e-06
-5.95683 9.65641 1.01552 1e-06 -0.126991 0.118241 0.245895 0.300952 134 0 0 0 0 1e-06
-5.69843 8.32924 0.882623 1e-06 -0.122782 0.126414 0.216933 0.279492 135 0 0 0 0 1e-06
-8.89806 6.85593 1.35972 1e-06 -0.128279 0.0825216 0.297103 0.33397 137 0 0 0 0 1e-06
-1.28566 5.96904 0.503666 1e-06 -0.163172 0.136104 0.157151 0.264284 139 0 0 0 0 1e-06
4.99142 -4.99834 -0.811727 1e-06 -0.251596 0.125684 -0.085767 0.294029 146 0 0 0 0 1e-06
1.11794 -5.96377 -0.55696 1e-06 -0.257376 0.128912 -0.0610486 0.294258 147 0 0 0 0 1e-06
-8.39885 -6.20616 0.810303 1e-06 -0.170976 0.142401 0.142613 0.26429 148 0 0 0 0 1e-06
-5.4799 -7.24735 0.999266 1e-06 -0.188814 0.106448 0.181249 0.282547 151 0 0 0 0 1e-06
5.43435 13.052 -0.0593114 1e-06 -0.193006 0.0393964 0.0225813 0.198276 154 0 0 0 0 1e-06
1.27267 9.53109 0.625072 1e-06 -0.149484 0.0634754 0.137697 0.21292 155 0 0 0 0 1e-06
-8.41226 4.48854 1.9519 1e-06 -0.102803 0.105339 0.338207 0.368848 157 0 0 0 0 1e-06
5.46704 2.42256 -0.551292 1e-06 -0.244341 0.112927 -0.0480086 0.273422 158 0 0 0 0 1e-06
-7.87606 -0.324546 1.29327 1e-06 -0.124498 0.137357 0.268368 0.326172 159 0 0 0 0 1e-06
0.032753 -10.8931 0.041759 1e-06 -0.25315 0.114987 -0.0465624 0.281913 161 0 0 0 0 1e-06
-8.50935 -10.9252 1.02897 1e-06 -0.194869 0.12864 0.194629 0.303977 162 0 0 0 0 1e-06
1.79933 11.4288 1.14755 1e-06 -0.157472 0.0307566 0.169439 0.233351 166 0 0 0 0 1e-06
6.19035 11.1503 -0.0430293 1e-06 -0.209434 0.0354378 0.00459911 0.212461 168 0 0 0 0 1e-06
-0.597273 11.2861 1.56967 1e-06 -0.130867 0.0748689 0.288795 0.325782 169 0 0 0 0 1e-06
9.54764 9.78981 -0.832893 1e-06 -0.222393 0.0536485 -0.157405 0.277692 171 0 0 0 0 1e-06
-14.569 9.47034 2.01771 1e-06 -0.0553321 0.0413639 0.324444 0.331718 172 0 0 0 0 1e-06
-10.0716 8.98523 2.4722 1e-06 -0.0733972 0.0552385 0.381302 0.392211 173 0 0 0 0 1e-06
11.9633 8.71983 -0.842781 1e-06 -0.205977 0.0551991 -0.120285 0.244831 174 0 0 0 0 1e-06
2.62301 6.57683 0.261298 1e-06 -0.190215 0.0684672 0.0687624 0.213537 176 0 0 0 0 1e-06
3.32669 4.51333 0.240187 1e-06 -0.200111 0.0837184 0.064943 0.226431 178 0 0 0 0 1e-06
-11.3613 2.53457 1.61232 1e-06 -0.123609 0.0577161 0.271327 0.303692 182 0 0 0 0 1e-06
2.0035 1.45371 0.343408 1e-06 -0.216929 0.109024 0.0347303 0.245256 185 0 0 0 0 1e-06
-7.38594 1.12149 1.93619 1e-06 -0.124947 0.142178 0.398732 0.441377 186 0 0 0 0 1e-06
-13.8463 -0.576062 1.95918 1e-06 -0.0909729 0.029576 0.363425 0.375804 187 0 0 0 0 1e-06
0.510709 -0.900427 0.24712 1e-06 -0.238029 0.122129 0.041854 0.270786 188 0 0 0 0 1e-06
12.6396 -1.85845 -1.00149 1e-06 -0.207612 0.0380625 -0.229815 0.312036 190 0 0 0 0 1e-06
9.80008 -2.62777 -0.594391 1e-06 -0.209998 0.0875926 -0.194458 0.299309 191 0 0 0 0 1e-06
5.27292 -2.68027 -0.183447 1e-06 -0.238901 0.112221 -0.101634 0.282836 192 0 0 0 0 1e-06
-10.7347 -3.34641 1.76957 1e-06 -0.117991 0.106251 0.273276 0.316056 195 0 0 0 0 1e-06
-4.21437 -3.68983 0.796234 1e-06 -0.228999 0.116737 0.0900323 0.272349 196 0 0 0 0 1e-06
-13.3248 -4.36156 1.91829 1e-06 -0.0982343 0.0450997 0.328162 0.345506 197 0 0 0 0 1e-06
-8.00025 -4.86093 0.913941 1e-06 -0.178238 0.14769 0.128178 0.264595 200 0 0 0 0 1e-06
8.73269 -6.91423 -0.519208 1e-06 -0.224506 0.0930215 -0.192965 0.310308 203 0 0 0 0 1e-06
11.1087 -7.29448 -0.830345 1e-06 -0.20765 0.0501446 -0.292819 0.362459 204 0 0 0 0 1e-06
-1.39824 -7.04611 0.227366 1e-06 -0.247454 0.112303 0.0342017 0.273889 205 0 0 0 0 1e-06
-13.2035 -10.422 2.05117 1e-06 -0.130863 0.0729487 0.322144 0.355279 207 0 0 0 0 1e-06
-3.71035 -10.5865 0.6221 1e-06 -0.233123 0.0986216 0.037319 0.255862 209 0 0 0 0 1e-06
5.22423 -11.5279 -0.262172 1e-06 -0.234417 0.133829 -0.177017 0.322795 210 0 0 0 0 1e-06
-6.87408 -11.7388 1.05981 1e-06 -0.2092 0.124532 0.141776 0.281733 211 0 0 0 0 1e-06
-7.25648 -12.3627 1.11166 1e-06 -0.21919 0.129678 0.156177 0.29875 214 0 0 0 0 1e-06
7.07758 -12.9972 -0.36022 1e-06 -0.226577 0.111103 -0.196196 0.319647 215 0 0 0 0 1e-06
12.2764 14.7338 -0.490784 1e-06 -0.184775 0.0260892 -0.19582 0.270495 219 0 0 0 0 1e-06
14.937 13.0156 -0.431626 1e-06 -0.164198 0.00379931 -0.224337 0.278033 220 0 0 0 0 1e-06
12.2353 13.0406 -0.0867612 1e-06 -0.182043 0.0250973 -0.16309 0.245698 221 0 0 0 0 1e-06
-8.18182 12.3141 2.37677 1e-06 -0.0675381 0.0752164 0.35179 0.366026 223 0 0 0 0 1e-06
12.9786 9.08526 -0.601108 1e-06 -0.185088 0.0445208 -0.210258 0.283633 229 0 0 0 0 1e-06
-13.2231 8.54955 2.74493 1e-06 -0.0692253 0.0358914 0.325219 0.334436 230 0 0 0 0 1e-06
3.56951 5.89675 0.656461 1e-06 -0.181422 0.0594345 0.0481717 0.196893 232 0 0 0 0 1e-06
8.4839 4.54226 -0.278121 1e-06 -0.209465 0.0916262 -0.112832 0.254955 235 0 0 0 0 1e-06
8.54871 3.63321 -0.103695 1e-06 -0.202808 0.0892964 -0.12233 0.25312 236 0 0 0 0 1e-06
-2.05621 2.26707 1.7051 1e-06 -0.160421 0.128272 0.198381 0.285558 237 0 0 0 0 1e-06
11.9209 1.30884 -0.748855 1e-06 -0.19883 0.0656979 -0.212684 0.298469 238 0 0 0 0 1e-06
8.26121 -3.0229 -0.457241 1e-06 -0.218613 0.100794 -0.259745 0.354145 242 0 0 0 0 1e-06
6.59959 -3.65818 -0.357124 1e-06 -0.227763 0.114679 -0.119023 0.281414 243 0 0 0 0 1e-06
1.15719 -4.36586 0.576824 1e-06 -0.247585 0.0968488 -0.0123024 0.266138 244 0 0 0 0 1e-06
-7.18284 -4.20762 2.19881 1e-06 -0.128066 0.137982 0.260466 0.321376 245 0 0 0 0 1e-06
14.944 -7.37409 -0.655142 1e-06 -0.165929 -0.0133235 -0.238756 0.291058 250 0 0 0 0 1e-06
9.74118 -7.46554 -0.225839 1e-06 -0.20628 0.0788238 -0.240384 0.326418 251 0 0 0 0 1e-06
-3.80938 -12.3005 1.14365 1e-06 -0.218176 0.0818056 0.0648581 0.241867 255 0 0 0 0 1e-06
4.08224 -13.1569 0.284536 1e-06 -0.225852 0.136432 -0.148253 0.302658 257 0 0 0 0 1e-06
-12.6482 15.4109 3.42931 1e-06 -0.0356138 0.0331313 0.343515 0.346942 265 0 0 0 0 1e-06
8.303 9.71557 0.531521 1e-06 -0.197574 0.0288691 -0.0972766 0.222107 266 0 0 0 0 1e-06
13.8084 9.11272 -0.520475 1e-06 -0.172448 0.0334811 -0.269503 0.3217 268 0 0 0 0 1e-06
-15.3349 8.37722 3.12361 1e-06 -0.0377961 0.0383629 0.330214 0.334577 271 0 0 0 0 1e-06
0.981253 5.75486 1.47071 1e-06 -0.147104 0.0642296 0.0537813 0.169285 273 0 0 0 0 1e-06
0.205867 -4.55444 0.878788 1e-06 -0.244104 0.0906141 -0.00927174 0.260545 277 0 0 0 0 1e-06
5.81415 -6.1024 0.286452 1e-06 -0.223244 0.101889 -0.160045 0.292973 278 0 0 0 0 1e-06
8.96254 -7.44211 -0.100992 1e-06 -0.217993 0.0893199 -0.221333 0.323245 279 0 0 0 0 1e-06
-11.9137 -8.02721 3.29346 1e-06 -0.093261 0.0895783 0.3057 0.331925 280 0 0 0 0 1e-06
-10.3048 -9.11329 3.15282 1e-06 -0.112864 0.117537 0.260127 0.306952 281 0 0 0 0 1e-06
1.063 -13.1403 1.16654 1e-06 -0.225555 0.090097 -0.108916 0.266186 283 0 0 0 0 1e-06
13.3601 4.54244 -0.245518 1e-06 -0.171818 0.0502683 -0.256953 0.313166 290 0 0 0 0 1e-06
14.646 -0.0596235 0.119544 1e-06 -0.173753 0.0152151 -0.262895 0.315492 291 0 0 0 0 1e-06
-6.54401 -2.33925 2.90785 1e-06 -0.0966691 0.120587 0.270056 0.311153 292 0 0 0 0 1e-06
13.0255 -9.07863 0.475195 1e-06 -0.166652 0.0207082 -0.24971 0.300926 293 0 0 0 0 1e-06
6.38164 -9.9271 0.615267 1e-06 -0.212268 0.119404 -0.186871 0.306979 294 0 0 0 0 1e-06
-1.50929 10.6352 2.67792 1e-06 -0.0904028 0.0738997 0.241604 0.26834 303 0 0 0 0 1e-06
9.18107 8.90085 0.915458 1e-06 -0.180633 0.0297732 -0.167088 0.247858 304 0 0 0 0 1e-06
7.76903 4.81993 1.03565 1e-06 -0.167517 0.0408228 -0.156483 0.232842 305 0 0 0 0 1e-06
12.5808 -6.33683 0.208094 1e-06 -0.186943 0.0280173 -0.292437 0.348213 309 0 0 0 0 1e-06
-13.724 -7.94442 3.81011 1e-06 -0.0706978 0.0554535 0.311747 0.324437 311 0 0 0 0 1e-06
0.94857 15.1474 2.79369 1e-06 -0.0558908 -0.00182225 0.207234 0.214646 315 0 0 0 0 1e-06
-10.5685 13.1916 4.15774 1e-06 -0.0135208 0.0405647 0.370427 0.372886 316 0 0 0 0 1e-06
-12.2403 5.31524 4.15674 1e-06 -0.0581614 0.0331203 0.323377 0.330231 323 0 0 0 0 1e-06
-1.79452 -4.99195 2.60167 1e-06 -0.202978 0.0793733 0.129533 0.253533 327 0 0 0 0 1e-06
6.40083 -7.34619 1.16488 1e-06 -0.204057 0.091786 -0.184683 0.290124 328 0 0 0 0 1e-06
2.27804 -8.95515 1.5469 1e-06 -0.234417 0.0708875 -0.125981 0.275404 330 0 0 0 0 1e-06
1.76377 14.5383 3.00901 1e-06 -0.0508143 -0.00122906 0.159163 0.167082 336 0 0 0 0 1e-06
-12.24 12.0323 4.34728 1e-06 -0.0205512 0.0353316 0.312592 0.315253 337 0 0 0 0 1e-06
3.37756 11.3195 2.92465 1e-06 -0.110954 -0.0257565 0.122319 0.167141 338 0 0 0 0 1e-06
15.0779 8.44446 0.66654 1e-06 -0.137839 0.0182793 -0.296937 0.32788 340 0 0 0 0 1e-06
5.77172 6.88851 2.83245 1e-06 -0.125521 -0.046024 0.0470048 0.141716 341 0 0 0 0 1e-06
1.58841 0.948219 2.56482 1e-06 -0.156583 0.0609356 0.0396643 0.17264 345 0 0 0 0 1e-06
0.448312 0.172028 3.05722 1e-06 -0.134749 0.0628404 0.0605432 0.160536 346 0 0 0 0 1e-06
14.3851 -6.82231 0.718391 1e-06 -0.162426 -0.00784661 -0.336456 0.373693 354 0 0 0 0 1e-06
-8.71743 -8.97488 3.55143 1e-06 -0.116919 0.107142 0.21279 0.265385 357 0 0 0 0 1e-06
1.051 -11.3144 2.10698 1e-06 -0.215685 0.0439021 -0.189125 0.290199 360 0 0 0 0 1e-06
-8.55209 -11.5642 3.67267 1e-06 -0.125927 0.0763187 0.201691 0.249723 361 0 0 0 0 1e-06
-14.8119 -12.4809 4.32984 1e-06 -0.0752189 0.0460937 0.33411 0.34556 362 0 0 0 0 1e-06
4.30807 -13.4497 1.88897 1e-06 -0.186506 0.102274 -0.201333 0.292881 363 0 0 0 0 1e-06
13.4112 -14.054 0.670934 1e-06 -0.136458 0.0141422 -0.33077 0.358091 364 0 0 0 0 1e-06
0.195777 13.4884 3.74509 1e-06 -0.0362873 0.00866892 0.194704 0.198246 367 0 0 0 0 1e-06
-9.28056 12.0781 4.50588 1e-06 -0.014786 0.0534425 0.302825 0.307859 369 0 0 0 0 1e-06
-6.22664 9.86039 4.60914 1e-06 -0.0161701 0.103998 0.290264 0.308756 370 0 0 0 0 1e-06
13.3421 8.39174 1.75339 1e-06 -0.120229 0.0539512 -0.265402 0.296317 373 0 0 0 0 1e-06
-2.53975 5.80282 4.24693 1e-06 -0.0501191 0.0827103 0.217025 0.237598 376 0 0 0 0 1e-06
-9.76842 4.5532 4.91236 1e-06 -0.0388037 0.0707225 0.33551 0.345071 378 0 0 0 0 1e-06
-12.8514 3.31655 4.80935 1e-06 -0.0511841 0.0281312 0.29817 0.303836 379 0 0 0 0 1e-06
6.07464 1.28139 2.49405 1e-06 -0.134299 -0.00281711 -0.0505043 0.143509 381 0 0 0 0 1e-06
-7.52791 0.758834 4.56324 1e-06 -0.0458523 0.127401 0.289892 0.319955 385 0 0 0 0 1e-06
6.29638 -0.486911 2.14014 1e-06 -0.169984 0.0375746 -0.204811 0.268801 387 0 0 0 0 1e-06
3.23752 -1.25185 2.56757 1e-06 -0.175123 0.0385231 -0.0729828 0.193594 390 0 0 0 0 1e-06
-10.5699 -2.20912 4.24226 1e-06 -0.0387153 0.0996806 0.318579 0.336048 392 0 0 0 0 1e-06
-8.63505 -7.72674 4.46555 1e-06 -0.0708283 0.0935108 0.24845 0.274752 399 0 0 0 0 1e-06
-3.77597 -9.56481 3.7045 1e-06 -0.168741 0.0517359 0.0927167 0.199366 400 0 0 0 0 1e-06
-13.2658 -10.15 4.77514 1e-06 -0.0582002 0.0647802 0.3007 0.313056 404 0 0 0 0 1e-06
-3.21794 -14.1457 3.51089 1e-06 -0.182093 0.0436394 0.0043572 0.187299 408 0 0 0 0 1e-06
-4.53913 14.0883 4.58648 1e-06 -0.00138501 0.107265 0.280677 0.300478 410 0 0 0 0 1e-06
7.34625 13.0633 3.3592 1e-06 -0.103354 -0.0869483 0.01255 0.135645 412 0 0 0 0 1e-06
0.87325 12.5997 3.76721 1e-06 -0.0565038 0.00285046 0.154605 0.164631 413 0 0 0 0 1e-06
-9.07764 11.0593 5.28437 1e-06 -0.00878661 0.0540179 0.329195 0.333714 419 0 0 0 0 1e-06
-4.85584 11.0431 4.79076 1e-06 -0.00904155 0.106967 0.280725 0.30055 420 0 0 0 0 1e-06
6.04899 9.98276 3.03665 1e-06 -0.120509 -0.0533553 0.0143707 0.132573 421 0 0 0 0 1e-06
6.73509 8.45991 2.85853 1e-06 -0.134985 -0.0613205 -0.0257102 0.150473 422 0 0 0 0 1e-06
13.8206 8.07639 1.742 1e-06 -0.0992187 0.0554782 -0.363128 0.380505 425 0 0 0 0 1e-06
-11.3882 6.30515 5.35469 1e-06 -0.0427481 0.0410599 0.355302 0.360212 427 0 0 0 0 1e-06
8.79884 3.38596 2.05584 1e-06 -0.137215 0.0380146 -0.219193 0.261378 430 0 0 0 0 1e-06
-7.82323 0.359772 4.97278 1e-06 -0.037184 0.122298 0.27312 0.301553 434 0 0 0 0 1e-06
-4.36757 -3.38252 3.99919 1e-06 -0.111795 0.0830675 0.172573 0.221765 436 0 0 0 0 1e-06
-2.14834 -6.18196 2.85568 1e-06 -0.20338 0.069818 0.042448 0.21918 437 0 0 0 0 1e-06
-0.403436 -6.45617 3.01415 1e-06 -0.212209 0.0578057 -0.000614155 0.219942 438 0 0 0 0 1e-06
-7.56921 -8.00344 4.7191 1e-06 -0.0827516 0.077093 0.205129 0.234241 442 0 0 0 0 1e-06
-13.2298 -9.0352 5.33538 1e-06 -0.0399446 0.0637607 0.339308 0.34755 446 0 0 0 0 1e-06
14.1079 -9.84333 1.73686 1e-06 -0.126924 0.00405911 -0.348884 0.371277 448 0 0 0 0 1e-06
1.66176 -12.8055 3.02592 1e-06 -0.18816 0.0252237 -0.100971 0.215025 451 0 0 0 0 1e-06
-14.1835 -12.7437 5.32097 1e-06 -0.0671461 0.0565636 0.318874 0.330739 454 0 0 0 0 1e-06
-0.656484 -14.698 3.54393 1e-06 -0.164037 0.0383764 -0.100292 0.19606 457 0 0 0 0 1e-06
-8.35557 -2.09035 5.32237 1e-06 -0.0169246 0.118512 0.306597 0.32914 462 0 0 0 0 1e-06
-2.76055 -7.45607 4.21882 1e-06 -0.159111 0.0535924 0.0994156 0.19512 464 0 0 0 0 1e-06
7.25242 6.83326 3.18673 1e-06 -0.115396 -0.0718246 -0.104767 0.171613 465 0 0 0 0 1e-06
5.20758 13.6341 4.27171 1e-06 -0.0752367 -0.0770525 0.106323 0.151335 467 0 0 0 0 1e-06
-9.55097 14.0159 5.59543 1e-06 0.00562305 0.0440124 0.297808 0.301096 469 0 0 0 0 1e-06
7.67754 9.843 3.01802 1e-06 -0.144802 -0.0717988 -0.0631459 0.173523 470 0 0 0 0 1e-06
10.5063 9.39681 2.88826 1e-06 -0.110928 -0.0320984 -0.20601 0.236169 471 0 0 0 0 1e-06
-11.0209 8.89254 5.96898 1e-06 -0.000831194 0.0338562 0.334406 0.336116 472 0 0 0 0 1e-06
11.2751 8.72923 2.4818 1e-06 -0.0973875 0.0153744 -0.253655 0.272142 473 0 0 0 0 1e-06
-1.92021 5.17619 5.27398 1e-06 -0.0349823 0.0466423 0.202704 0.210922 478 0 0 0 0 1e-06
0.523028 4.21969 4.42589 1e-06 -0.0481935 0.0134197 0.103745 0.115177 479 0 0 0 0 1e-06
-15.4964 3.48754 5.55131 1e-06 -0.0253527 0.0113739 0.274179 0.275583 480 0 0 0 0 1e-06
2.06548 1.47086 4.22951 1e-06 -0.0753843 -0.0153646 0.0300736 0.0826032 481 0 0 0 0 1e-06
13.2407 -0.423822 2.45862 1e-06 -0.120978 0.0351755 -0.373122 0.393819 482 0 0 0 0 1e-06
-2.93535 -2.19155 4.67551 1e-06 -0.0967667 0.0689952 0.163344 0.202003 483 0 0 0 0 1e-06
5.63756 -5.61425 3.31853 1e-06 -0.175396 0.0201543 -0.137325 0.223669 484 0 0 0 0 1e-06
-7.81857 -5.82873 5.36868 1e-06 -0.0654693 0.0614667 0.223883 0.241222 485 0 0 0 0 1e-06
8.44306 -8.87668 2.69416 1e-06 -0.133959 0.0844282 -0.305203 0.343834 486 0 0 0 0 1e-06
-10.9616 -13.2208 5.17225 1e-06 -0.0746492 0.074608 0.220564 0.244514 492 0 0 0 0 1e-06
-14.2078 -13.4753 5.58274 1e-06 -0.0470309 0.0512651 0.32624 0.333575 493 0 0 0 0 1e-06
-8.25917 -14.4654 5.12555 1e-06 -0.0935352 0.0318101 0.141936 0.172935 494 0 0 0 0 1e-06
3.19512 14.5472 4.85062 1e-06 -0.0329133 -0.035655 0.186724 0.192926 496 0 0 0 0 1e-06
-13.0147 10.8977 6.31472 1e-06 0.0183148 0.0222969 0.331854 0.333106 502 0 0 0 0 1e-06
-7.33552 8.72053 5.99464 1e-06 0.0168929 0.0867832 0.314827 0.327005 503 0 0 0 0 1e-06
7.08864 7.25926 3.88809 1e-06 -0.0850062 -0.0911029 -0.0398863 0.130831 504 0 0 0 0 1e-06
-12.7731 7.4858 6.07602 1e-06 -0.0124056 0.0215338 0.302026 0.303047 505 0 0 0 0 1e-06
6.88012 2.68399 3.81382 1e-06 -0.110948 -0.0783365 -0.147293 0.200353 510 0 0 0 0 1e-06
-7.96562 1.16995 6.01127 1e-06 -0.015552 0.115056 0.313741 0.334534 514 0 0 0 0 1e-06
14.2165 -0.457665 3.01513 1e-06 -0.114773 0.0176063 -0.358516 0.376851 515 0 0 0 0 1e-06
2.31842 -2.4269 4.17035 1e-06 -0.125781 -0.0178608 -0.0703471 0.145219 519 0 0 0 0 1e-06
12.7686 -3.51363 2.89065 1e-06 -0.12417 0.0371449 -0.370006 0.392049 521 0 0 0 0 1e-06
7.23334 -7.39675 3.95304 1e-06 -0.132955 0.0470063 -0.207069 0.250528 524 0 0 0 0 1e-06
9.3622 -7.31867 3.74002 1e-06 -0.115431 0.0722077 -0.167581 0.21592 525 0 0 0 0 1e-06
2.26663 -8.19621 3.86834 1e-06 -0.181191 0.0218649 -0.115302 0.215877 526 0 0 0 0 1e-06
2.98111 -9.96501 4.02634 1e-06 -0.169357 0.0199345 -0.17352 0.243286 528 0 0 0 0 1e-06
-4.68423 -10.6636 5.42252 1e-06 -0.119834 0.0279826 0.104082 0.161172 529 0 0 0 0 1e-06
-2.27393 -10.9378 4.55868 1e-06 -0.137013 0.030263 0.0125013 0.140872 530 0 0 0 0 1e-06
-5.26762 -10.9552 5.15412 1e-06 -0.130064 0.0286715 0.0116696 0.133697 531 0 0 0 0 1e-06
5.91363 -13.0991 3.37388 1e-06 -0.138627 0.0962938 -0.263777 0.313158 533 0 0 0 0 1e-06
1.63582 15.1979 5.68231 1e-06 -0.0209552 -0.0285393 0.182298 0.185705 535 0 0 0 0 1e-06
3.42013 14.7268 5.61093 1e-06 -0.0178561 -0.0453526 0.16511 0.172154 536 0 0 0 0 1e-06
4.98584 11.9643 5.0005 1e-06 -0.0598365 -0.074529 0.0892074 0.13074 538 0 0 0 0 1e-06
-2.38685 12.5233 5.90692 1e-06 0.0127845 0.0704443 0.216016 0.227572 539 0 0 0 0 1e-06
-1.18262 11.2242 5.48564 1e-06 -0.0212568 0.0250006 0.145143 0.148806 540 0 0 0 0 1e-06
13.9568 4.93402 2.94003 1e-06 -0.0953457 0.0528984 -0.348243 0.364914 543 0 0 0 0 1e-06
-8.84973 1.51236 7.16452 1e-06 0.0486467 0.0936855 0.375448 0.390006 544 0 0 0 0 1e-06
-10.8161 -1.20776 6.32188 1e-06 0.0120513 0.0738105 0.31625 0.324973 545 0 0 0 0 1e-06
1.7138 -2.37582 4.65295 1e-06 -0.109187 -0.0261864 -0.0484194 0.122278 546 0 0 0 0 1e-06
-0.154492 -2.57544 4.84859 1e-06 -0.0971752 0.0090703 0.0374699 0.104543 547 0 0 0 0 1e-06
3.27269 -4.01446 4.2048 1e-06 -0.13925 -0.0201225 -0.109397 0.178222 549 0 0 0 0 1e-06
10.6018 -4.17639 3.6519 1e-06 -0.113328 0.0613062 -0.306876 0.332828 550 0 0 0 0 1e-06
5.00452 -5.81817 4.00691 1e-06 -0.169885 0.00435441 -0.176439 0.24497 552 0 0 0 0 1e-06
-14.1062 -7.51244 6.26162 1e-06 -0.0157922 0.0353741 0.278666 0.281345 555 0 0 0 0 1e-06
12.7383 -9.45801 3.32289 1e-06 -0.112948 0.0285265 -0.328979 0.348996 557 0 0 0 0 1e-06
2.63292 -12.7072 4.66245 1e-06 -0.13466 0.0236053 -0.150659 0.203443 558 0 0 0 0 1e-06
10.9682 14.9436 4.46105 1e-06 -0.0187799 -0.122568 -0.180281 0.218808 561 0 0 0 0 1e-06
0.732854 14.713 6.28841 1e-06 0.00855376 -0.0243742 0.232778 0.234207 562 0 0 0 0 1e-06
-4.58984 14.5357 6.98944 1e-06 0.0745521 0.0836388 0.311521 0.331057 563 0 0 0 0 1e-06
14.2186 12.8818 3.79598 1e-06 -0.011908 0.00936399 -0.310582 0.310952 564 0 0 0 0 1e-06
-15.396 10.5786 6.71519 1e-06 0.0345202 0.0381758 0.336862 0.340771 567 0 0 0 0 1e-06
13.202 10.0322 4.04114 1e-06 -0.0495597 0.0245547 -0.253514 0.259477 568 0 0 0 0 1e-06
12.7224 7.47612 3.76088 1e-06 -0.0542528 0.0313594 -0.287285 0.29404 569 0 0 0 0 1e-06
-13.0512 7.09341 6.89231 1e-06 0.0170438 0.0106461 0.356621 0.357187 571 0 0 0 0 1e-06
10.7379 6.67513 4.00684 1e-06 -0.0569687 -0.0104572 -0.220666 0.228141 572 0 0 0 0 1e-06
-0.942908 6.76188 5.80729 1e-06 -0.00791665 0.00634548 0.158217 0.158542 573 0 0 0 0 1e-06
-1.65777 6.80767 6.1161 1e-06 0.0159559 0.0200437 0.189549 0.191273 574 0 0 0 0 1e-06
-13.1041 5.9979 7.22203 1e-06 0.020713 0.00634454 0.356548 0.357205 575 0 0 0 0 1e-06
5.18122 4.94157 5.29062 1e-06 -0.019472 -0.0788256 0.0316882 0.0871595 577 0 0 0 0 1e-06
12.3514 5.04522 3.6218 1e-06 -0.0807208 0.0425077 -0.220997 0.239087 578 0 0 0 0 1e-06
11.6359 4.64596 3.48146 1e-06 -0.0854535 0.0385823 -0.29743 0.311858 580 0 0 0 0 1e-06
15.2461 2.54415 3.60009 1e-06 -0.0893076 0.00641688 -0.354706 0.365832 581 0 0 0 0 1e-06
2.83713 1.6191 5.27826 1e-06 -0.0295097 -0.0553737 0.0360695 0.0723745 582 0 0 0 0 1e-06
4.97894 1.0275 4.78445 1e-06 -0.0947074 -0.093389 -0.111494 0.173557 583 0 0 0 0 1e-06
-12.463 1.50097 7.14019 1e-06 0.0155579 0.0151068 0.337853 0.338548 584 0 0 0 0 1e-06
-5.03782 -0.301327 6.25024 1e-06 -0.0276339 0.0729515 0.220234 0.233642 587 0 0 0 0 1e-06
-4.57172 -2.195 6.24642 1e-06 -0.0488792 0.0490528 0.166931 0.180724 591 0 0 0 0 1e-06
12.3114 -4.73617 3.70107 1e-06 -0.106278 0.0397525 -0.345073 0.36325 594 0 0 0 0 1e-06
-1.57782 -5.58769 5.46031 1e-06 -0.104802 0.0207152 0.0659982 0.125572 595 0 0 0 0 1e-06
1.7027 -6.7544 5.10695 1e-06 -0.126052 -0.0152911 -0.0740038 0.146968 596 0 0 0 0 1e-06
9.37425 -7.92867 4.07819 1e-06 -0.108648 0.0718812 -0.285662 0.313965 599 0 0 0 0 1e-06
-11.2948 -8.16456 6.84585 1e-06 -0.0053495 0.0836834 0.279774 0.29207 600 0 0 0 0 1e-06
15.161 -10.8357 3.89999 1e-06 -0.0658573 -0.0115877 -0.346401 0.352796 603 0 0 0 0 1e-06
12.6586 -11.2833 4.08729 1e-06 -0.0828681 0.0226118 -0.30664 0.318443 604 0 0 0 0 1e-06
2.6039 -12.0444 5.01844 1e-06 -0.128428 0.0122791 -0.133146 0.185398 605 0 0 0 0 1e-06
8.42053 -12.2897 3.76311 1e-06 -0.109127 0.0932277 -0.237231 0.27727 606 0 0 0 0 1e-06
-13.4953 -12.5058 6.80494 1e-06 -0.00393522 0.0557126 0.317506 0.322381 608 0 0 0 0 1e-06
11.468 -13.6093 4.57194 1e-06 -0.0620097 0.0370479 -0.260979 0.270791 611 0 0 0 0 1e-06
3.72113 -14.8186 4.59362 1e-06 -0.120428 0.0665574 -0.169307 0.218169 613 0 0 0 0 1e-06
1.37855 -15.1357 5.2869 1e-06 -0.106355 0.011118 -0.123905 0.163669 614 0 0 0 0 1e-06
4.90499 14.6063 6.02425 1e-06 -0.00582979 -0.085709 0.0947954 0.12793 616 0 0 0 0 1e-06
13.0033 14.5173 4.56056 1e-06 -0.012813 -0.0294739 -0.260142 0.26212 617 0 0 0 0 1e-06
-8.78554 10.564 7.62155 1e-06 0.0583294 0.0360277 0.351764 0.358382 618 0 0 0 0 1e-06
2.90336 9.35343 6.44419 1e-06 0.0109506 -0.0680015 0.153037 0.167823 620 0 0 0 0 1e-06
-1.22965 9.42722 6.7231 1e-06 0.019697 0.00424826 0.214111 0.215057 621 0 0 0 0 1e-06
-2.28571 8.02166 7.00947 1e-06 0.037454 0.0233116 0.246384 0.250303 622 0 0 0 0 1e-06
-9.10345 0.00551808 6.93412 1e-06 0.0286214 0.0984716 0.296072 0.313328 627 0 0 0 0 1e-06
-8.88753 -4.47322 7.16796 1e-06 0.0137221 0.0913384 0.325726 0.338568 628 0 0 0 0 1e-06
1.20463 -5.67922 5.28362 1e-06 -0.114543 -0.0208385 -0.0760032 0.139035 629 0 0 0 0 1e-06
10.9128 -5.94232 4.39318 1e-06 -0.0833849 0.0553563 -0.314004 0.329569 631 0 0 0 0 1e-06
-2.86039 -9.85501 6.11807 1e-06 -0.0837351 -0.00291909 0.0541554 0.0997642 633 0 0 0 0 1e-06
15.2631 -13.7593 4.20683 1e-06 -0.0580974 -0.0080246 -0.37007 0.374688 637 0 0 0 0 1e-06
-9.40004 -14.2884 6.78344 1e-06 -0.0561829 0.00705032 0.196389 0.204389 638 0 0 0 0 1e-06
-2.70519 -14.8737 6.01321 1e-06 -0.0950522 0.00597885 0.0110088 0.0958742 639 0 0 0 0 1e-06
-6.48208 9.07816 8.07792 1e-06 0.0580345 0.0864026 0.462111 0.473688 642 0 0 0 0 1e-06
1.84163 4.1202 6.38769 1e-06 -0.00208829 -0.0950335 0.0992287 0.137412 643 0 0 0 0 1e-06
-6.25906 4.1209 7.3047 1e-06 0.0433238 0.0931066 0.233973 0.255518 644 0 0 0 0 1e-06
7.84002 0.782837 5.27569 1e-06 -0.0504003 -0.0271401 -0.162961 0.172722 646 0 0 0 0 1e-06
-5.5761 1.18967 7.31127 1e-06 0.0321983 0.0697326 0.277532 0.287964 647 0 0 0 0 1e-06
-13.3325 -0.927139 7.69225 1e-06 0.0340837 0.00321788 0.34763 0.349311 649 0 0 0 0 1e-06
8.33054 -2.14589 5.03769 1e-06 -0.0849432 -0.00973513 -0.21673 0.232985 650 0 0 0 0 1e-06
13.2748 -2.06882 4.62615 1e-06 -0.0720405 0.0235876 -0.327208 0.335874 651 0 0 0 0 1e-06
-1.64257 -11.9344 6.14281 1e-06 -0.0814233 -0.0227056 -0.0244817 0.0880037 655 0 0 0 0 1e-06
11.6695 14.2262 5.10583 1e-06 0.023852 -0.0987461 -0.178394 0.20529 657 0 0 0 0 1e-06
4.96216 10.2247 6.2003 1e-06 -0.0137949 -0.078746 0.0853355 0.116933 660 0 0 0 0 1e-06
11.7495 1.57323 4.67833 1e-06 -0.0478749 0.0335392 -0.304105 0.309672 662 0 0 0 0 1e-06
8.08406 -6.9903 5.31104 1e-06 -0.0863454 0.0360198 -0.237551 0.255311 665 0 0 0 0 1e-06
12.7231 -13.7174 4.83198 1e-06 -0.0618261 0.0165465 -0.263704 0.27136 667 0 0 0 0 1e-06
-1.22028 2.53961 7.1513 1e-06 0.00897293 -0.0207866 0.195997 0.1973 673 0 0 0 0 1e-06
9.69277 2.04373 5.20181 1e-06 -0.0413128 -0.0229065 -0.23546 0.240152 674 0 0 0 0 1e-06
14.4647 -2.9463 4.82378 1e-06 -0.0714704 0.00276844 -0.355983 0.363097 677 0 0 0 0 1e-06
10.9297 -8.2613 5.42105 1e-06 -0.0599996 0.0555132 -0.279989 0.291677 683 0 0 0 0 1e-06
1.16028 -8.93757 6.01009 1e-06 -0.0835719 -0.0111144 -0.0653427 0.106665 684 0 0 0 0 1e-06
-0.280417 -10.6775 6.26584 1e-06 -0.0755506 -0.0152262 -0.0736103 0.106575 685 0 0 0 0 1e-06
11.7316 -11.9462 4.73016 1e-06 -0.072355 0.0342329 -0.352569 0.361541 686 0 0 0 0 1e-06
-3.67922 14.1761 7.6727 1e-06 0.0937777 0.0848068 0.248371 0.278701 691 0 0 0 0 1e-06
10.4847 12.0812 5.86223 1e-06 0.0130555 -0.0883869 -0.13538 0.162205 692 0 0 0 0 1e-06
-15.0708 11.6188 8.50753 1e-06 0.0696808 0.0350574 0.354338 0.362822 693 0 0 0 0 1e-06
10.6134 0.480032 5.37343 1e-06 -0.0480446 0.00844947 -0.31628 0.32002 695 0 0 0 0 1e-06
-0.229516 -14.324 6.49169 1e-06 -0.052324 0.00949259 -0.0819201 0.0976668 698 0 0 0 0 1e-06
-8.82318 13.2004 8.32505 1e-06 0.0854717 0.0273654 0.30786 0.320674 701 0 0 0 0 1e-06
-1.06734 10.3389 7.8091 1e-06 0.0613021 0.013967 0.202491 0.212027 703 0 0 0 0 1e-06
-5.51521 8.9263 8.38721 1e-06 0.0926203 0.0810126 0.285123 0.310543 704 0 0 0 0 1e-06
11.4077 6.56432 5.33608 1e-06 -0.00743224 -0.013969 -0.287288 0.287723 706 0 0 0 0 1e-06
6.9927 -1.22612 5.89996 1e-06 -0.0273636 -0.0509378 -0.272619 0.278683 708 0 0 0 0 1e-06
11.5792 -3.10415 5.6998 1e-06 -0.0348863 0.031694 -0.334593 0.337897 711 0 0 0 0 1e-06
-6.08499 -4.7219 7.96656 1e-06 0.0107562 0.0313895 0.242668 0.244926 713 0 0 0 0 1e-06
11.4788 -9.05722 5.3368 1e-06 -0.0586021 0.0449826 -0.300705 0.309647 718 0 0 0 0 1e-06
-6.21435 -10.9262 7.41919 1e-06 -0.0520719 0.0106865 0.0786368 0.094918 719 0 0 0 0 1e-06
-15.0543 -13.8083 8.60332 1e-06 0.03582 0.0219247 0.311009 0.313832 722 0 0 0 0 1e-06
6.84441 13.9046 6.77427 1e-06 0.04445 -0.130899 -0.0278342 0.141014 723 0 0 0 0 1e-06
6.65704 11.3065 7.14313 1e-06 0.0383833 -0.11811 0.00725909 0.124402 724 0 0 0 0 1e-06
-14.8126 10.1255 8.85487 1e-06 0.0639816 0.0240991 0.284874 0.292963 726 0 0 0 0 1e-06
2.92244 5.20886 7.13241 1e-06 0.013697 -0.0844179 0.0497816 0.0989555 728 0 0 0 0 1e-06
7.38408 5.17188 6.41199 1e-06 0.0070145 -0.0886218 -0.107988 0.139873 729 0 0 0 0 1e-06
2.58836 2.90164 7.01662 1e-06 -0.000373579 -0.0862739 0.0138363 0.0873772 731 0 0 0 0 1e-06
-3.29371 -1.18076 7.80687 1e-06 -0.0020465 0.0072383 0.125168 0.125394 732 0 0 0 0 1e-06
-4.56505 -4.2011 7.96166 1e-06 0.00565077 0.0133733 0.192126 0.192674 734 0 0 0 0 1e-06
15.376 -4.60997 5.671 1e-06 -0.0441376 -0.0120158 -0.249068 0.253234 735 0 0 0 0 1e-06
6.32637 -7.77924 5.91343 1e-06 -0.095794 0.00599836 -0.207515 0.228637 738 0 0 0 0 1e-06
8.68982 -11.1823 5.74879 1e-06 -0.0488697 0.0713611 -0.231069 0.246726 741 0 0 0 0 1e-06
2.46757 12.6045 7.18518 1e-06 0.0195243 -0.0518743 0.104548 0.118332 742 0 0 0 0 1e-06
-15.0146 12.2638 8.90046 1e-06 0.0727237 0.0374126 0.292739 0.303948 743 0 0 0 0 1e-06
9.94206 11.2786 6.38215 1e-06 0.0145505 -0.0837143 -0.170996 0.190944 745 0 0 0 0 1e-06
-3.74826 10.3733 8.46594 1e-06 0.096672 0.0687439 0.238571 0.266434 746 0 0 0 0 1e-06
-0.724631 8.86157 8.22222 1e-06 0.068456 -0.00924743 0.197282 0.209026 747 0 0 0 0 1e-06
6.71113 7.3608 6.72228 1e-06 0.0183379 -0.115194 -0.0523326 0.127846 748 0 0 0 0 1e-06
4.14597 7.03344 7.57721 1e-06 0.0448728 -0.0973855 0.152044 0.186051 749 0 0 0 0 1e-06
-0.666058 4.13433 8.01388 1e-06 0.0574449 -0.0386333 0.130565 0.147782 750 0 0 0 0 1e-06
-1.98596 -0.0805377 7.93831 1e-06 -0.0092965 -0.0223172 0.165238 0.166997 752 0 0 0 0 1e-06
-3.325 -0.142355 8.46847 1e-06 0.0487351 0.0107377 0.180834 0.187594 753 0 0 0 0 1e-06
-3.4021 -4.9614 7.84734 1e-06 -0.00527966 0.00641369 0.154646 0.154869 756 0 0 0 0 1e-06
-11.5718 -12.4739 9.14108 1e-06 0.0612847 0.0461368 0.303828 0.313363 760 0 0 0 0 1e-06
-1.39877 11.6927 8.74079 1e-06 0.114838 0.0504903 0.235685 0.266991 761 0 0 0 0 1e-06
3.73236 2.89211 7.34016 1e-06 0.00837183 -0.105246 0.0401737 0.112963 762 0 0 0 0 1e-06
-11.3476 -0.409305 9.37154 1e-06 0.0852462 0.0187504 0.358686 0.369153 764 0 0 0 0 1e-06
-8.47355 -3.71878 9.16437 1e-06 0.089765 0.0706677 0.305198 0.32588 765 0 0 0 0 1e-06
10.6283 -7.98657 6.09786 1e-06 -0.0411812 0.0498825 -0.324511 0.330895 766 0 0 0 0 1e-06
0.502556 -9.10936 7.88609 1e-06 -0.0359241 -0.0468543 0.0131164 0.0604806 767 0 0 0 0 1e-06
-7.92519 -11.039 8.5733 1e-06 0.0267688 0.000725599 0.202552 0.204314 769 0 0 0 0 1e-06
-10.8899 12.8805 9.50072 1e-06 0.0969206 0.0068501 0.334404 0.348234 770 0 0 0 0 1e-06
8.87399 10.887 7.27997 1e-06 0.047138 -0.090969 -0.114721 0.153813 771 0 0 0 0 1e-06
13.8151 6.44765 6.51015 1e-06 0.0337948 0.0162448 -0.312003 0.314249 774 0 0 0 0 1e-06
-6.36118 2.05353 9.42522 1e-06 0.104556 0.0694942 0.274142 0.301521 778 0 0 0 0 1e-06
-11.9249 -3.17364 9.36139 1e-06 0.0877573 0.0224062 0.319231 0.331831 779 0 0 0 0 1e-06
-1.87915 -3.52995 8.49196 1e-06 0.0181637 -0.0447855 0.114318 0.124114 780 0 0 0 0 1e-06
-8.39958 -5.03679 9.06206 1e-06 0.0777046 0.0563503 0.223958 0.243661 782 0 0 0 0 1e-06
4.69462 -7.68334 6.88365 1e-06 -0.0783687 -0.0232575 -0.211155 0.226427 784 0 0 0 0 1e-06
-5.53122 -9.11354 9.00921 1e-06 0.033833 -0.00497471 0.167684 0.171136 785 0 0 0 0 1e-06
-1.32979 -10.22 7.67653 1e-06 -0.0442936 -0.0486475 -0.0601116 0.0891174 786 0 0 0 0 1e-06
9.54165 -11.0505 5.88788 1e-06 -0.0465793 0.0632978 -0.350857 0.359551 787 0 0 0 0 1e-06
-10.2396 -11.9893 8.74262 1e-06 0.0183065 0.0228372 0.169191 0.171704 789 0 0 0 0 1e-06
-12.4636 -14.1986 9.58269 1e-06 0.0807609 0.0423275 0.307677 0.320904 791 0 0 0 0 1e-06
12.8309 15.1873 6.45981 1e-06 0.0635976 -0.0363469 -0.24187 0.252719 797 0 0 0 0 1e-06
-12.1784 14.7436 9.55995 1e-06 0.0847102 0.00183206 0.320699 0.331703 798 0 0 0 0 1e-06
4.10843 13.547 8.4119 1e-06 0.0870116 -0.0835598 0.14598 0.189376 799 0 0 0 0 1e-06
-0.110904 10.7303 8.87836 1e-06 0.103892 0.0162138 0.173281 0.202689 800 0 0 0 0 1e-06
-2.71694 9.02554 9.35538 1e-06 0.104944 0.0397787 0.276856 0.298738 802 0 0 0 0 1e-06
-3.6643 7.61481 9.42426 1e-06 0.123473 0.0444466 0.27139 0.301453 803 0 0 0 0 1e-06
0.283457 4.70589 8.59041 1e-06 0.0698161 -0.068503 0.129827 0.162549 804 0 0 0 0 1e-06
11.913 4.42864 6.3692 1e-06 0.0126651 -0.00444577 -0.258654 0.259002 805 0 0 0 0 1e-06
-7.0431 2.76674 9.06735 1e-06 0.0805717 0.089931 0.227287 0.257369 807 0 0 0 0 1e-06
10.1339 1.37155 6.20089 1e-06 -0.0259737 -0.0149538 -0.297528 0.299034 808 0 0 0 0 1e-06
-10.4212 0.623129 9.4736 1e-06 0.0884133 0.0347742 0.322091 0.335811 809 0 0 0 0 1e-06
-11.6503 -1.04057 9.70244 1e-06 0.0913417 0.0109508 0.325889 0.338625 810 0 0 0 0 1e-06
12.2974 -2.12124 6.24792 1e-06 -0.0151215 0.024824 -0.323935 0.325237 811 0 0 0 0 1e-06
-0.564512 -4.43715 8.00296 1e-06 0.00582229 -0.0545175 -0.00750771 0.0553392 812 0 0 0 0 1e-06
0.670917 -10.8189 7.53676 1e-06 -0.0377575 -0.0229473 -0.0644433 0.0781354 816 0 0 0 0 1e-06
-8.20054 -12.5266 8.97334 1e-06 0.0337463 -0.00673972 0.196939 0.199923 817 0 0 0 0 1e-06
-7.37385 15.2211 9.73614 1e-06 0.129472 0.0201122 0.31837 0.344278 819 0 0 0 0 1e-06
-2.11822 13.0906 8.68109 1e-06 0.119299 0.0685584 0.201753 0.244207 820 0 0 0 0 1e-06
-3.11956 12.085 9.37206 1e-06 0.142232 0.0596174 0.266743 0.308117 821 0 0 0 0 1e-06
-2.85557 10.7361 9.53652 1e-06 0.128816 0.0526717 0.287439 0.319357 822 0 0 0 0 1e-06
6.21619 7.05595 8.05505 1e-06 0.061728 -0.117444 -0.00358253 0.132726 823 0 0 0 0 1e-06
4.03887 4.946 7.96111 1e-06 0.0440183 -0.111715 -0.00227125 0.120096 824 0 0 0 0 1e-06
-0.432006 3.5624 8.54076 1e-06 0.0615054 -0.0475019 0.126984 0.148877 825 0 0 0 0 1e-06
-10.8607 1.35258 9.98633 1e-06 0.0967304 0.0135188 0.305364 0.320604 826 0 0 0 0 1e-06
-2.24251 -2.70522 8.89178 1e-06 0.0223667 -0.0427523 0.126044 0.134963 827 0 0 0 0 1e-06
-2.16111 -3.9459 7.98727 1e-06 0.00272202 -0.0191203 0.0416635 0.0459221 828 0 0 0 0 1e-06
12.371 -5.66667 6.8124 1e-06 -0.0165366 0.0210887 -0.330044 0.33113 829 0 0 0 0 1e-06
-7.20986 -6.63395 9.13155 1e-06 0.0473759 0.0249343 0.212746 0.219379 830 0 0 0 0 1e-06
1.60489 -9.2432 8.36582 1e-06 -0.0148651 -0.043957 -0.0685937 0.0828148 831 0 0 0 0 1e-06
-5.48209 -10.0342 8.95192 1e-06 0.0240733 -0.00371034 0.155033 0.156935 832 0 0 0 0 1e-06
-3.94525 -15.0352 8.79306 1e-06 0.0157244 0.0226373 0.0640691 0.0697464 833 0 0 0 0 1e-06
13.2555 14.8741 7.42021 1e-06 0.0870225 -0.0312609 -0.234319 0.251904 835 0 0 0 0 1e-06
-11.0417 13.4261 10.01 1e-06 0.103476 -0.00303148 0.31219 0.328906 836 0 0 0 0 1e-06
-9.95371 9.62395 10.0111 1e-06 0.103349 0.0114238 0.312708 0.329542 837 0 0 0 0 1e-06
-12.5079 5.68263 10.139 1e-06 0.0799694 -0.00783349 0.292841 0.303665 841 0 0 0 0 1e-06
4.33639 3.73319 8.16817 1e-06 0.032552 -0.119584 -0.0147116 0.124806 842 0 0 0 0 1e-06
-9.85926 4.34274 9.98233 1e-06 0.0941957 0.0214475 0.297331 0.312631 843 0 0 0 0 1e-06
3.61746 3.76379 8.45817 1e-06 0.0384662 -0.0993969 0.0186307 0.108197 844 0 0 0 0 1e-06
-3.89203 2.92782 9.32759 1e-06 0.0968514 0.0282275 0.188863 0.214118 846 0 0 0 0 1e-06
-12.6486 2.54864 10.2148 1e-06 0.0834677 -0.0131223 0.326695 0.337445 847 0 0 0 0 1e-06
-14.5705 1.72424 9.99204 1e-06 0.0694346 -0.0193329 0.299702 0.308247 848 0 0 0 0 1e-06
0.648397 -3.76676 8.65893 1e-06 0.0270367 -0.0823063 0.0109132 0.0873179 849 0 0 0 0 1e-06
-8.38987 -4.78967 9.74746 1e-06 0.114612 0.0541085 0.269688 0.297985 850 0 0 0 0 1e-06
0.232833 -6.31872 8.41486 1e-06 -0.00741933 -0.0716543 -0.00960133 0.0726744 851 0 0 0 0 1e-06
-10.3901 -9.80608 9.72431 1e-06 0.0939365 0.0453111 0.266331 0.286023 854 0 0 0 0 1e-06
15.0628 -12.1032 6.61274 1e-06 -0.00850178 -0.0203893 -0.367067 0.367731 856 0 0 0 0 1e-06
10.5407 14.3387 7.59752 1e-06 0.0998134 -0.072771 -0.196782 0.232339 858 0 0 0 0 1e-06
-12.5134 14.0522 9.73952 1e-06 0.0807722 0.00602092 0.237414 0.25085 860 0 0 0 0 1e-06
-7.35539 13.8431 10.2647 1e-06 0.134342 0.0212008 0.265406 0.298224 861 0 0 0 0 1e-06
-13.6132 13.8274 10.2877 1e-06 0.0947594 0.0260094 0.270013 0.287338 862 0 0 0 0 1e-06
-0.786088 12.0082 9.99751 1e-06 0.160438 0.0474146 0.210103 0.268574 863 0 0 0 0 1e-06
1.39544 10.7753 9.46462 1e-06 0.118503 -0.0156056 0.124035 0.172254 864 0 0 0 0 1e-06
8.23591 10.3308 8.61974 1e-06 0.0899866 -0.0801666 -0.0715323 0.140147 865 0 0 0 0 1e-06
-3.42375 10.1423 10.1676 1e-06 0.144959 0.052803 0.308239 0.344692 866 0 0 0 0 1e-06
4.02272 9.33925 9.25173 1e-06 0.111021 -0.0889645 0.0955262 0.171364 867 0 0 0 0 1e-06
3.11323 8.73271 9.34245 1e-06 0.111641 -0.0793593 0.0777929 0.157523 868 0 0 0 0 1e-06
-12.948 8.82524 10.3502 1e-06 0.0883807 -0.00129738 0.284032 0.297468 869 0 0 0 0 1e-06
10.1768 8.02539 7.72926 1e-06 0.0655703 -0.0429395 -0.20369 0.21825 870 0 0 0 0 1e-06
-5.8123 8.28276 10.4122 1e-06 0.145704 0.0588344 0.269057 0.311582 871 0 0 0 0 1e-06
14.6469 7.89872 7.37249 1e-06 0.0417801 0.0154013 -0.335745 0.338685 872 0 0 0 0 1e-06
1.49029 4.36078 9.38033 1e-06 0.10176 -0.0851671 0.128083 0.184429 875 0 0 0 0 1e-06
-7.80885 4.25307 10.3404 1e-06 0.128422 0.0551045 0.287147 0.319346 877 0 0 0 0 1e-06
-1.49798 0.746002 9.60658 1e-06 0.0842297 -0.0254213 0.127885 0.155227 879 0 0 0 0 1e-06
-2.51491 -0.254245 9.53813 1e-06 0.0874471 -0.0114496 0.145789 0.170389 880 0 0 0 0 1e-06
7.72531 -0.957648 7.81297 1e-06 0.013208 -0.0680473 -0.190377 0.202604 881 0 0 0 0 1e-06
-1.08456 -2.58868 8.85088 1e-06 0.0193388 -0.0707382 0.0225928 0.0767353 884 0 0 0 0 1e-06
-6.0612 -4.04588 10.1553 1e-06 0.100428 0.00989394 0.223721 0.245428 885 0 0 0 0 1e-06
-2.8986 -4.65193 9.54006 1e-06 0.0342408 -0.0389345 0.0963978 0.109457 886 0 0 0 0 1e-06
-4.06947 -4.77788 9.93274 1e-06 0.0604174 -0.0182159 0.152275 0.164833 887 0 0 0 0 1e-06
13.6681 -5.58381 7.60138 1e-06 0.00188672 -0.0059837 -0.322808 0.322869 888 0 0 0 0 1e-06
11.6271 -9.81164 7.3324 1e-06 0.00281895 0.0246684 -0.32691 0.327852 891 0 0 0 0 1e-06
-10.0726 -9.81356 10.2736 1e-06 0.111972 0.0367014 0.253953 0.279959 892 0 0 0 0 1e-06
-10.8495 -10.2215 10.543 1e-06 0.126298 0.0385279 0.272402 0.302718 893 0 0 0 0 1e-06
-14.182 -10.7158 10.8885 1e-06 0.119605 -0.00353809 0.335166 0.355885 894 0 0 0 0 1e-06
3.07818 -11.2274 8.44074 1e-06 0.00635767 -0.0218708 -0.166984 0.16853 895 0 0 0 0 1e-06
-6.05246 -11.2358 9.89032 1e-06 0.0568934 -0.0135273 0.163851 0.173974 896 0 0 0 0 1e-06
-5.31793 -11.78 9.3094 1e-06 0.0157576 -0.00545592 0.0754671 0.0772875 897 0 0 0 0 1e-06
-7.24488 -12.2434 9.92497 1e-06 0.0613073 -0.0232242 0.189762 0.200767 899 0 0 0 0 1e-06
5.22132 -13.7902 8.23804 1e-06 0.0076484 -0.00721204 -0.223126 0.223373 903 0 0 0 0 1e-06
-7.08344 -15.0347 9.91355 1e-06 0.0450463 -0.0229663 0.132251 0.141587 904 0 0 0 0 1e-06
-14.882 13.9024 10.6003 1e-06 0.0946994 0.0405078 0.271912 0.290766 905 0 0 0 0 1e-06
1.36923 12.9521 10.3924 1e-06 0.195293 0.023853 0.183737 0.269198 906 0 0 0 0 1e-06
13.5333 11.5186 8.30237 1e-06 0.0918459 -0.0149484 -0.230581 0.24865 907 0 0 0 0 1e-06
11.5549 9.7231 8.0896 1e-06 0.0695476 -0.0379094 -0.201841 0.216827 910 0 0 0 0 1e-06
3.92854 6.31482 9.35838 1e-06 0.106843 -0.0973628 0.0356879 0.148891 912 0 0 0 0 1e-06
8.04828 6.44985 8.51021 1e-06 0.0732945 -0.058547 -0.140554 0.168983 913 0 0 0 0 1e-06
-13.8474 6.60268 10.9053 1e-06 0.0921081 -0.00852446 0.306284 0.319948 914 0 0 0 0 1e-06
-13.6161 5.0891 10.9445 1e-06 0.0931681 -0.0149007 0.303429 0.31776 915 0 0 0 0 1e-06
14.777 3.20867 7.7131 1e-06 0.0430073 -0.00977783 -0.321728 0.324737 918 0 0 0 0 1e-06
-11.4793 0.897219 10.9681 1e-06 0.115021 -0.00910147 0.336266 0.35551 919 0 0 0 0 1e-06
1.25904 0.321908 9.69331 1e-06 0.0632723 -0.0957849 0.0382613 0.121004 920 0 0 0 0 1e-06
-0.654822 0.193456 9.9298 1e-06 0.0782586 -0.0540463 0.0668598 0.116257 921 0 0 0 0 1e-06
-11.9822 -0.478674 11.0326 1e-06 0.113765 -0.0130664 0.322518 0.342244 922 0 0 0 0 1e-06
-5.23887 -2.81177 10.3988 1e-06 0.116185 0.00503345 0.22464 0.252958 924 0 0 0 0 1e-06
-9.67727 -5.88007 11.0213 1e-06 0.144486 0.03556 0.27514 0.312798 925 0 0 0 0 1e-06
7.87175 -8.50663 8.08719 1e-06 0.00534493 0.0165771 -0.275008 0.275559 927 0 0 0 0 1e-06
-10.8228 -11.2754 10.8076 1e-06 0.134941 0.0352195 0.28008 0.312881 928 0 0 0 0 1e-06
-10.2812 -12.7087 10.8047 1e-06 0.113112 0.0232705 0.277494 0.300564 929 0 0 0 0 1e-06
-12.8947 -12.7491 10.8576 1e-06 0.099246 0.0248237 0.348443 0.363151 930 0 0 0 0 1e-06
-13.9552 -13.0633 11.3095 1e-06 0.129699 0.00499461 0.313866 0.339644 931 0 0 0 0 1e-06
-7.40444 -14.0516 10.8503 1e-06 0.0972872 -0.0277384 0.222644 0.24455 933 0 0 0 0 1e-06
1.40256 -14.4649 8.89989 1e-06 0.0306227 -0.0174752 -0.149892 0.153983 934 0 0 0 0 1e-06
-5.27801 -14.6787 10.1262 1e-06 0.0641764 -0.00775631 0.0982625 0.117619 935 0 0 0 0 1e-06
-0.518796 13.6394 10.728 1e-06 0.19108 0.0440867 0.219393 0.294259 937 0 0 0 0 1e-06
0.466732 13.2629 10.6873 1e-06 0.19769 0.0361162 0.195805 0.28058 938 0 0 0 0 1e-06
-14.998 13.2959 11.2511 1e-06 0.114314 0.0334641 0.307225 0.329507 939 0 0 0 0 1e-06
4.27591 12.6251 10.0116 1e-06 0.176011 -0.0313815 0.0686742 0.191522 940 0 0 0 0 1e-06
2.01374 3.72842 9.95543 1e-06 0.116133 -0.0887556 0.0852901 0.16923 942 0 0 0 0 1e-06
-6.42627 2.6321 10.9067 1e-06 0.157463 0.0603305 0.277587 0.32479 943 0 0 0 0 1e-06
8.90418 1.40775 8.90055 1e-06 0.0610693 -0.0628955 -0.215748 0.232878 944 0 0 0 0 1e-06
5.14865 0.0657073 9.22258 1e-06 0.0650511 -0.0760076 -0.0882093 0.133378 945 0 0 0 0 1e-06
-13.2354 -0.143353 11.4121 1e-06 0.11401 -0.0306205 0.340273 0.360169 946 0 0 0 0 1e-06
-7.76427 0.120472 10.9921 1e-06 0.153328 0.0575363 0.281184 0.325398 947 0 0 0 0 1e-06
2.65384 -1.08233 9.72874 1e-06 0.0583106 -0.0986787 -0.0119166 0.115237 948 0 0 0 0 1e-06
12.8305 -3.93203 8.28114 1e-06 0.026786 0.0016385 -0.330917 0.332003 949 0 0 0 0 1e-06
6.5279 -4.47501 8.65428 1e-06 0.000293247 -0.0579152 -0.216918 0.224517 950 0 0 0 0 1e-06
-10.3073 -4.18109 11.2153 1e-06 0.15342 0.0334556 0.303387 0.341615 951 0 0 0 0 1e-06
11.72 -5.71547 8.19887 1e-06 0.0488218 0.0105127 -0.42062 0.423574 953 0 0 0 0 1e-06
-6.83109 -6.67826 10.6265 1e-06 0.110713 -0.00191853 0.209418 0.236891 954 0 0 0 0 1e-06
-4.10459 -10.0421 10.2541 1e-06 0.0606948 -0.0391131 0.0862909 0.112516 957 0 0 0 0 1e-06
-10.3419 -10.8533 11.0842 1e-06 0.141468 0.0319739 0.24591 0.285495 959 0 0 0 0 1e-06
-5.48928 -11.9755 10.563 1e-06 0.0799387 -0.0255615 0.119439 0.145977 960 0 0 0 0 1e-06
6.95534 -15.3117 8.51571 1e-06 0.0468756 0.0490771 -0.323364 0.330409 965 0 0 0 0 1e-06
-12.4312 -15.2929 11.5895 1e-06 0.121568 0.0352566 0.387878 0.408009 966 0 0 0 0 1e-06
4.28125 11.7968 10.1009 1e-06 0.168177 -0.0383588 0.0796378 0.189993 967 0 0 0 0 1e-06
-3.81847 9.63982 11.4252 1e-06 0.185893 0.0442072 0.318782 0.371661 968 0 0 0 0 1e-06
14.4278 6.62911 8.72353 1e-06 0.0765216 -9.56917e-05 -0.290051 0.299975 969 0 0 0 0 1e-06
-8.91469 4.61082 11.5537 1e-06 0.140136 0.0129497 0.30871 0.339275 970 0 0 0 0 1e-06
10.815 3.59469 8.80681 1e-06 0.0722799 -0.0311951 -0.25621 0.268032 971 0 0 0 0 1e-06
9.96739 -1.77098 8.65372 1e-06 0.0648418 -0.0327711 -0.30363 0.312202 973 0 0 0 0 1e-06
-13.0713 -1.86697 11.6473 1e-06 0.124007 -0.032615 0.333223 0.357042 974 0 0 0 0 1e-06
12.0516 -4.50384 8.73032 1e-06 0.0493476 0.00762672 -0.339393 0.343047 975 0 0 0 0 1e-06
-2.20379 -11.4494 10.1234 1e-06 0.0451021 -0.0537764 0.0205309 0.0731274 976 0 0 0 0 1e-06
-8.13348 12.8929 11.5464 1e-06 0.160332 2.31839e-05 0.31404 0.352601 978 0 0 0 0 1e-06
0.182639 12.7951 11.1888 1e-06 0.205852 0.0331407 0.194516 0.285149 979 0 0 0 0 1e-06
7.2552 11.4866 9.4655 1e-06 0.135755 -0.0795816 -0.0627986 0.169429 980 0 0 0 0 1e-06
4.45127 10.4557 10.2451 1e-06 0.154033 -0.0612732 0.034695 0.169365 981 0 0 0 0 1e-06
-6.95212 9.81558 11.5228 1e-06 0.159418 0.0111034 0.288876 0.330131 982 0 0 0 0 1e-06
14.4316 9.45958 9.00543 1e-06 0.0972389 -0.00196033 -0.271629 0.288516 983 0 0 0 0 1e-06
2.81048 7.97202 10.3989 1e-06 0.156704 -0.0375566 0.0855587 0.182447 984 0 0 0 0 1e-06
14.2964 7.62197 8.94619 1e-06 0.0898781 -0.00118497 -0.283508 0.297416 985 0 0 0 0 1e-06
11.6763 6.65589 8.98718 1e-06 0.0915903 -0.0272063 -0.221586 0.241308 986 0 0 0 0 1e-06
-0.544107 3.08469 10.7297 1e-06 0.147469 -0.0238937 0.128104 0.196796 988 0 0 0 0 1e-06
10.9756 0.991136 8.94533 1e-06 0.0663036 -0.0214798 -0.288637 0.296933 989 0 0 0 0 1e-06
5.77282 -3.66593 9.29785 1e-06 0.0351829 -0.0690889 -0.187605 0.202994 991 0 0 0 0 1e-06
7.40585 -12.3179 8.85083 1e-06 0.0448578 0.0414673 -0.289707 0.296078 995 0 0 0 0 1e-06
14.044 -13.0451 8.56707 1e-06 0.0349645 -0.0297156 -0.344143 0.347189 996 0 0 0 0 1e-06
2.18517 15.2481 11.1309 1e-06 0.226132 0.0203302 0.148908 0.271519 1000 0 0 0 0 1e-06
-5.3911 13.3322 11.8491 1e-06 0.196698 0.00883791 0.285835 0.347088 1001 0 0 0 0 1e-06
5.92535 9.60022 10.0363 1e-06 0.156154 -0.0664745 -0.0217986 0.171108 1003 0 0 0 0 1e-06
-12.2557 9.46633 12.1006 1e-06 0.128129 -0.0133746 0.312914 0.338395 1004 0 0 0 0 1e-06
-11.3654 7.08194 12.255 1e-06 0.131279 -0.0157211 0.320472 0.346675 1005 0 0 0 0 1e-06
5.8402 5.0117 10.4858 1e-06 0.162653 -0.0717483 -0.0363132 0.181446 1007 0 0 0 0 1e-06
3.28312 2.873 10.5809 1e-06 0.12391 -0.0980872 0.0201551 0.159314 1008 0 0 0 0 1e-06
9.99273 0.841668 9.36327 1e-06 0.088292 -0.0448223 -0.239935 0.259564 1009 0 0 0 0 1e-06
-8.31883 1.09107 11.9348 1e-06 0.165057 0.0331436 0.281614 0.328099 1010 0 0 0 0 1e-06
-7.24225 -0.469994 11.4968 1e-06 0.163606 0.0504067 0.24915 0.302297 1011 0 0 0 0 1e-06
-6.25507 -1.80792 11.4302 1e-06 0.16729 0.0334408 0.231124 0.287268 1012 0 0 0 0 1e-06
-12.2158 -3.41952 12.0043 1e-06 0.148299 -0.0264642 0.316795 0.350787 1013 0 0 0 0 1e-06
-5.40197 -3.48383 11.2304 1e-06 0.149145 -0.000398257 0.209582 0.257234 1014 0 0 0 0 1e-06
-11.1448 -5.06253 12.1193 1e-06 0.168195 0.00146631 0.316768 0.358655 1016 0 0 0 0 1e-06
8.43096 -7.99035 9.08587 1e-06 0.0410618 0.013911 -0.299503 0.302625 1017 0 0 0 0 1e-06
-7.23651 -9.67432 11.2518 1e-06 0.122673 -0.00859354 0.178199 0.216512 1018 0 0 0 0 1e-06
-7.72212 -13.2091 11.2894 1e-06 0.106231 -0.0192275 0.176726 0.207092 1019 0 0 0 0 1e-06
-5.13748 12.9268 11.8923 1e-06 0.196939 0.0100002 0.268683 0.33328 1020 0 0 0 0 1e-06
5.10417 9.00379 10.577 1e-06 0.170496 -0.0437595 0.0126039 0.176473 1021 0 0 0 0 1e-06
0.916387 1.38144 11.1568 1e-06 0.127181 -0.0652037 0.0819742 0.164761 1023 0 0 0 0 1e-06
11.8858 1.47514 8.96987 1e-06 0.0699402 -0.0065611 -0.305216 0.313196 1024 0 0 0 0 1e-06
14.9562 14.9632 9.23677 1e-06 0.134828 -0.0159495 -0.251054 0.285414 1026 0 0 0 0 1e-06
4.29564 14.247 11.0505 1e-06 0.215797 -0.00425512 0.105851 0.240397 1027 0 0 0 0 1e-06
5.25069 14.0772 10.6804 1e-06 0.210316 -0.0184687 0.0460407 0.216088 1028 0 0 0 0 1e-06
3.59175 13.0923 10.9709 1e-06 0.202959 0.00193358 0.0931585 0.223327 1029 0 0 0 0 1e-06
-4.5394 6.67083 12.232 1e-06 0.2023 0.04373 0.253045 0.326908 1030 0 0 0 0 1e-06
12.5328 4.41008 9.26582 1e-06 0.089634 -0.00412805 -0.297284 0.310531 1031 0 0 0 0 1e-06
8.50486 4.11854 10.3518 1e-06 0.142174 -0.0653925 -0.148635 0.215829 1032 0 0 0 0 1e-06
-11.6387 0.463888 12.5734 1e-06 0.145932 -0.0291632 0.332907 0.364656 1034 0 0 0 0 1e-06
-11.7814 -0.243651 12.4304 1e-06 0.145804 -0.0296625 0.327067 0.35932 1035 0 0 0 0 1e-06
3.29379 -2.16258 10.5139 1e-06 0.0834668 -0.0871725 -0.0597324 0.134661 1036 0 0 0 0 1e-06
0.413642 -2.18295 11.0358 1e-06 0.093801 -0.0861239 0.0271207 0.130198 1037 0 0 0 0 1e-06
13.6254 -2.44591 9.41844 1e-06 0.0609588 -0.020114 -0.319299 0.325688 1038 0 0 0 0 1e-06
7.36961 -2.69752 9.73038 1e-06 0.0757495 -0.0748979 -0.243853 0.266105 1039 0 0 0 0 1e-06
-0.807582 -3.60146 10.8619 1e-06 0.0875919 -0.0713595 0.0231163 0.115321 1040 0 0 0 0 1e-06
-14.7258 -4.17106 12.5646 1e-06 0.132913 -0.0457501 0.315171 0.345096 1041 0 0 0 0 1e-06
10.2938 -8.84457 9.05723 1e-06 0.0497906 0.0273176 -0.322185 0.327152 1043 0 0 0 0 1e-06
12.485 -14.697 8.71252 1e-06 0.0336267 -0.0199103 -0.385221 0.387198 1045 0 0 0 0 1e-06
-12.7998 -14.5946 12.1544 1e-06 0.143766 0.00499973 0.270927 0.306749 1046 0 0 0 0 1e-06
-13.5026 15.3513 12.6629 1e-06 0.135643 0.0288924 0.319107 0.347942 1047 0 0 0 0 1e-06
7.28736 11.814 11.048 1e-06 0.200031 -0.0439013 -0.00720463 0.204919 1048 0 0 0 0 1e-06
-10.5679 7.77197 12.5708 1e-06 0.145177 -0.0146614 0.301759 0.335186 1050 0 0 0 0 1e-06
2.92199 6.22331 10.9862 1e-06 0.180576 -0.0429012 0.0511429 0.192519 1051 0 0 0 0 1e-06
2.37522 3.51877 11.1007 1e-06 0.146727 -0.0696783 0.0237752 0.164162 1052 0 0 0 0 1e-06
-13.8498 3.13464 12.4559 1e-06 0.117734 -0.0282299 0.305279 0.32841 1053 0 0 0 0 1e-06
-11.073 2.92641 12.5966 1e-06 0.14232 -0.023016 0.320267 0.35122 1054 0 0 0 0 1e-06
12.146 2.33753 9.78162 1e-06 0.104726 -0.0105277 -0.282254 0.30124 1055 0 0 0 0 1e-06
12.6141 0.859399 9.84758 1e-06 0.0941298 -0.00507197 -0.284852 0.300045 1056 0 0 0 0 1e-06
7.18405 0.387927 10.1503 1e-06 0.10431 -0.0902928 -0.185869 0.231475 1057 0 0 0 0 1e-06
8.75149 0.455068 10.1187 1e-06 0.10034 -0.0680957 -0.225183 0.255759 1058 0 0 0 0 1e-06
1.97551 -4.03801 10.4711 1e-06 0.0625166 -0.102211 -0.055328 0.131972 1059 0 0 0 0 1e-06
-7.72534 -12.9162 12.1342 1e-06 0.126601 -0.0110997 0.233609 0.26594 1063 0 0 0 0 1e-06
-13.8652 -14.2005 12.4187 1e-06 0.153936 -0.00491458 0.268892 0.309876 1064 0 0 0 0 1e-06
6.58442 11.9958 11.0709 1e-06 0.201275 -0.0349635 -0.0189563 0.205166 1067 0 0 0 0 1e-06
-4.0332 10.9733 12.7212 1e-06 0.221763 0.00828988 0.259833 0.341702 1068 0 0 0 0 1e-06
6.69511 9.40969 10.8808 1e-06 0.188674 -0.0378716 -0.0319426 0.19507 1070 0 0 0 0 1e-06
3.11884 7.50118 11.269 1e-06 0.200317 -0.031276 0.08603 0.220242 1071 0 0 0 0 1e-06
-14.433 -1.92827 12.7763 1e-06 0.134035 -0.0438301 0.303775 0.334911 1073 0 0 0 0 1e-06
10.6597 -6.17469 9.66503 1e-06 0.093582 0.00407322 -0.344833 0.357329 1074 0 0 0 0 1e-06
-3.60967 -10.2639 11.5901 1e-06 0.121388 -0.0494304 0.0513429 0.140764 1076 0 0 0 0 1e-06
0.897644 -15.4 10.7904 1e-06 0.109583 -0.0452061 -0.202288 0.234462 1077 0 0 0 0 1e-06
13.7829 14.7607 10.3117 1e-06 0.159189 -0.018138 -0.248724 0.295861 1079 0 0 0 0 1e-06
11.6112 12.712 10.3418 1e-06 0.155141 -0.0327845 -0.21024 0.263333 1080 0 0 0 0 1e-06
12.7977 9.6604 10.1775 1e-06 0.130661 -0.0245583 -0.240147 0.274492 1081 0 0 0 0 1e-06
9.20072 7.56625 10.5826 1e-06 0.151015 -0.0466713 -0.144689 0.214286 1084 0 0 0 0 1e-06
-0.640977 7.48793 12.2996 1e-06 0.23186 0.00780572 0.137359 0.269606 1085 0 0 0 0 1e-06
2.01682 6.32191 11.9852 1e-06 0.220256 -0.0231857 0.11888 0.251362 1086 0 0 0 0 1e-06
4.26632 4.68622 11.5094 1e-06 0.192385 -0.06208 1.03385e-05 0.202154 1087 0 0 0 0 1e-06
10.1829 2.9602 10.6655 1e-06 0.136362 -0.0434947 -0.2185 0.261206 1088 0 0 0 0 1e-06
9.49372 2.49383 10.6218 1e-06 0.133252 -0.0566866 -0.242663 0.282586 1089 0 0 0 0 1e-06
-15.0048 2.33482 12.923 1e-06 0.123898 -0.0294812 0.300005 0.325918 1090 0 0 0 0 1e-06
-2.4082 -1.02652 12.6217 1e-06 0.194309 -0.0188728 0.162401 0.253942 1091 0 0 0 0 1e-06
-2.06996 -6.95062 11.5336 1e-06 0.111459 -0.0496309 0.0456073 0.130255 1092 0 0 0 0 1e-06
14.83 -8.35232 10.0523 1e-06 0.0674729 -0.0443897 -0.35949 0.368451 1093 0 0 0 0 1e-06
7.55503 -8.18596 10.2815 1e-06 0.093359 -0.00747528 -0.285438 0.300411 1094 0 0 0 0 1e-06
0.185666 -9.07142 11.5829 1e-06 0.0831561 -0.0831114 -0.0263007 0.120475 1095 0 0 0 0 1e-06
-3.98451 -9.03358 12.0778 1e-06 0.152034 -0.0411946 0.0789731 0.176205 1096 0 0 0 0 1e-06
-8.24648 -9.09651 12.5382 1e-06 0.197995 0.0144428 0.218232 0.295018 1097 0 0 0 0 1e-06
11.1447 -10.2013 10.1133 1e-06 0.0861093 0.000131152 -0.322028 0.333342 1098 0 0 0 0 1e-06
-11.2823 -10.6623 12.9959 1e-06 0.195933 0.00211746 0.25862 0.324466 1099 0 0 0 0 1e-06
-5.02759 -11.0313 11.9787 1e-06 0.147906 -0.0336045 0.112492 0.188838 1100 0 0 0 0 1e-06
-5.05411 -13.7318 11.7707 1e-06 0.123106 -0.0412316 0.0630375 0.144322 1103 0 0 0 0 1e-06
-3.55365 -14.1847 11.9458 1e-06 0.129298 -0.0592315 0.0466062 0.149661 1104 0 0 0 0 1e-06
7.28519 15.3297 11.8737 1e-06 0.242257 -0.0348536 -0.0311122 0.246721 1105 0 0 0 0 1e-06
-13.2803 15.1791 13.1418 1e-06 0.143004 0.0261707 0.260115 0.297985 1106 0 0 0 0 1e-06
7.69503 14.7638 11.6562 1e-06 0.228514 -0.0428147 -0.0467989 0.237153 1107 0 0 0 0 1e-06
2.30363 13.6047 12.5575 1e-06 0.248501 0.0142633 0.109097 0.271769 1108 0 0 0 0 1e-06
14.246 11.5955 10.5557 1e-06 0.147211 -0.015584 -0.270648 0.308487 1109 0 0 0 0 1e-06
-12.7935 11.3484 13.3277 1e-06 0.149152 0.000374391 0.301167 0.336077 1110 0 0 0 0 1e-06
-11.9512 10.5333 13.4901 1e-06 0.15149 -0.0194472 0.308196 0.343965 1111 0 0 0 0 1e-06
8.01742 9.3748 11.2588 1e-06 0.183422 -0.0503311 -0.103326 0.216455 1112 0 0 0 0 1e-06
-12.7276 9.3709 13.5515 1e-06 0.146677 -0.0118348 0.307066 0.340505 1113 0 0 0 0 1e-06
6.6167 9.17581 11.4057 1e-06 0.209417 -0.0295858 -0.0138203 0.211948 1114 0 0 0 0 1e-06
2.976 8.36864 11.9388 1e-06 0.230126 -0.0255382 0.068328 0.24141 1115 0 0 0 0 1e-06
15.1825 7.84266 10.3909 1e-06 0.137886 -0.0368349 -0.31104 0.342221 1117 0 0 0 0 1e-06
5.88535 7.49713 11.3818 1e-06 0.200382 -0.0393592 -0.0280896 0.206134 1118 0 0 0 0 1e-06
15.0488 7.16326 10.2058 1e-06 0.119367 -0.0305563 -0.308517 0.332212 1119 0 0 0 0 1e-06
4.55946 5.53282 11.6208 1e-06 0.200392 -0.0586515 0.00899702 0.208992 1120 0 0 0 0 1e-06
14.0385 4.34086 10.4861 1e-06 0.114747 -0.0216673 -0.320824 0.341415 1121 0 0 0 0 1e-06
3.09169 3.93017 11.7729 1e-06 0.192148 -0.0564291 -0.00826721 0.200433 1122 0 0 0 0 1e-06
-13.0243 3.6187 13.3117 1e-06 0.137154 -0.0321049 0.282168 0.315374 1123 0 0 0 0 1e-06
2.10352 3.15106 12.0974 1e-06 0.20572 -0.0518901 0.0439613 0.21667 1125 0 0 0 0 1e-06
-12.721 3.11213 13.4632 1e-06 0.144663 -0.0350105 0.29722 0.332405 1126 0 0 0 0 1e-06
9.72596 1.82329 10.6425 1e-06 0.14863 -0.057872 -0.257321 0.302744 1127 0 0 0 0 1e-06
1.32158 1.33924 12.1341 1e-06 0.165565 -0.0559008 0.0356825 0.178354 1128 0 0 0 0 1e-06
-2.24543 -0.575698 12.9944 1e-06 0.212797 -0.0171809 0.160626 0.267167 1129 0 0 0 0 1e-06
-5.65512 -1.01903 13.086 1e-06 0.219001 0.026661 0.232805 0.320734 1131 0 0 0 0 1e-06
14.2848 -3.72676 10.4019 1e-06 0.0811811 -0.0370631 -0.32022 0.332423 1133 0 0 0 0 1e-06
-0.428593 -7.22479 12.0444 1e-06 0.11584 -0.072556 -9.05006e-05 0.136687 1136 0 0 0 0 1e-06
13.8513 -7.61849 10.327 1e-06 0.0789652 -0.0412199 -0.360014 0.37087 1137 0 0 0 0 1e-06
4.93778 -7.64192 11.3901 1e-06 0.108984 -0.0348898 -0.171665 0.20631 1138 0 0 0 0 1e-06
-5.51286 -8.91151 12.9202 1e-06 0.19671 -0.0254565 0.147602 0.247244 1139 0 0 0 0 1e-06
5.10017 -8.9618 11.415 1e-06 0.111495 -0.0236267 -0.192272 0.223512 1140 0 0 0 0 1e-06
5.80298 -10.5289 11.1037 1e-06 0.121977 -0.0192388 -0.20283 0.237463 1141 0 0 0 0 1e-06
-14.1011 -11.4408 13.3162 1e-06 0.161759 -0.0362369 0.276549 0.322426 1142 0 0 0 0 1e-06
13.5417 -12.2663 9.81996 1e-06 0.0688991 -0.0398432 -0.351197 0.360103 1144 0 0 0 0 1e-06
-9.38723 -13.2175 12.9029 1e-06 0.202291 0.00729397 0.21165 0.292866 1145 0 0 0 0 1e-06
-11.1012 -13.8483 13.5515 1e-06 0.21364 -0.00937396 0.277117 0.350034 1146 0 0 0 0 1e-06
-14.5973 -14.6804 13.3348 1e-06 0.169437 -0.0315212 0.291253 0.338424 1147 0 0 0 0 1e-06
-13.5219 -14.9183 13.8043 1e-06 0.193757 -0.0190995 0.297541 0.35558 1148 0 0 0 0 1e-06
10.0478 14.7782 11.2591 1e-06 0.202311 -0.0363391 -0.136802 0.246911 1149 0 0 0 0 1e-06
-9.62378 13.0982 14.0813 1e-06 0.17307 -0.0378754 0.346476 0.389144 1151 0 0 0 0 1e-06
9.37808 12.6859 11.7628 1e-06 0.20018 -0.0403676 -0.0724087 0.216667 1153 0 0 0 0 1e-06
3.35277 12.8115 12.109 1e-06 0.235918 0.007985 0.03967 0.239364 1154 0 0 0 0 1e-06
-1.57867 12.1986 13.6632 1e-06 0.254725 0.00698093 0.20623 0.327817 1155 0 0 0 0 1e-06
-4.09564 9.31079 13.6728 1e-06 0.239456 -0.00171953 0.283826 0.371348 1157 0 0 0 0 1e-06
3.12858 8.88558 12.6396 1e-06 0.24793 -0.0199755 0.0565026 0.25507 1158 0 0 0 0 1e-06
-8.28908 8.91538 13.6309 1e-06 0.19055 -0.0179094 0.293437 0.350336 1159 0 0 0 0 1e-06
-4.3766 8.49859 13.1088 1e-06 0.225865 0.0176848 0.228543 0.321807 1160 0 0 0 0 1e-06
8.01446 7.65973 11.2781 1e-06 0.183236 -0.0544444 -0.119555 0.225462 1161 0 0 0 0 1e-06
1.07785 7.4478 12.7338 1e-06 0.251657 -0.00684624 0.0952086 0.269152 1162 0 0 0 0 1e-06
13.229 6.97964 11.1424 1e-06 0.154858 -0.013943 -0.245617 0.290694 1163 0 0 0 0 1e-06
3.35135 6.83755 12.2882 1e-06 0.237665 -0.0448765 0.0582285 0.248775 1164 0 0 0 0 1e-06
11.8458 6.5537 11.1562 1e-06 0.157894 -0.0229795 -0.230912 0.280676 1165 0 0 0 0 1e-06
13.2232 5.61939 10.7048 1e-06 0.13167 -0.0076162 -0.306059 0.333268 1167 0 0 0 0 1e-06
13.6914 3.8813 10.7791 1e-06 0.125213 -0.0219637 -0.285837 0.312831 1168 0 0 0 0 1e-06
1.10145 3.76374 12.7691 1e-06 0.236828 -0.0265576 0.0611625 0.246035 1170 0 0 0 0 1e-06
-0.268896 3.00474 13.0084 1e-06 0.22735 -0.0153716 0.108933 0.252568 1172 0 0 0 0 1e-06
-7.49492 1.907 13.7915 1e-06 0.21016 0.0110653 0.285667 0.354817 1173 0 0 0 0 1e-06
4.40759 1.24938 12.0484 1e-06 0.181624 -0.0723704 -0.0697282 0.207574 1174 0 0 0 0 1e-06
-0.86152 1.36461 12.7581 1e-06 0.199829 -0.0228158 0.0790613 0.216108 1175 0 0 0 0 1e-06
-13.6412 0.613092 13.5634 1e-06 0.146272 -0.0430366 0.292142 0.329537 1176 0 0 0 0 1e-06
6.51747 0.102077 11.786 1e-06 0.163076 -0.0872854 -0.154621 0.241081 1177 0 0 0 0 1e-06
-10.1813 -0.166421 14.0312 1e-06 0.190855 -0.0308592 0.30182 0.358432 1178 0 0 0 0 1e-06
-9.58784 -1.48693 13.3619 1e-06 0.190835 -0.00652154 0.279704 0.338667 1179 0 0 0 0 1e-06
-5.16359 -1.40663 13.7272 1e-06 0.239657 0.0194312 0.225673 0.329759 1180 0 0 0 0 1e-06
0.924427 -4.9495 12.2792 1e-06 0.137762 -0.0782129 -0.0126572 0.158921 1182 0 0 0 0 1e-06
0.192947 -5.19961 12.3737 1e-06 0.148177 -0.0616627 0.00464056 0.160562 1183 0 0 0 0 1e-06
-12.8511 -5.36766 14.1709 1e-06 0.183161 -0.0577116 0.304104 0.359663 1184 0 0 0 0 1e-06
-10.9435 -5.48767 13.8168 1e-06 0.210118 -0.0336476 0.306569 0.373184 1185 0 0 0 0 1e-06
14.5312 -8.90271 11.0192 1e-06 0.0908436 -0.0522455 -0.333054 0.349152 1189 0 0 0 0 1e-06
10.0947 -8.91758 10.4376 1e-06 0.0946622 0.0133392 -0.387444 0.399064 1190 0 0 0 0 1e-06
-0.28256 -9.67064 12.1453 1e-06 0.125127 -0.0778862 -0.0198469 0.148717 1191 0 0 0 0 1e-06
-5.71741 -9.85634 12.8824 1e-06 0.19452 -0.0281602 0.111928 0.226183 1192 0 0 0 0 1e-06
9.88837 -9.82039 10.9957 1e-06 0.122062 0.00654631 -0.322319 0.34472 1193 0 0 0 0 1e-06
2.28117 -11.1068 12.1241 1e-06 0.131395 -0.04149 -0.117655 0.181187 1194 0 0 0 0 1e-06
-3.93347 -13.0162 12.9175 1e-06 0.165273 -0.051851 0.123946 0.212994 1195 0 0 0 0 1e-06
12.2286 -14.2015 10.4032 1e-06 0.0861996 -0.0390557 -0.342204 0.355048 1196 0 0 0 0 1e-06
9.66816 -14.209 10.4088 1e-06 0.0985328 0.00447912 -0.332142 0.346478 1197 0 0 0 0 1e-06
-14.1429 -15.0218 13.9901 1e-06 0.187705 -0.0336098 0.30262 0.35769 1198 0 0 0 0 1e-06
10.8897 -15.4945 10.9834 1e-06 0.115602 -0.032973 -0.341186 0.361744 1200 0 0 0 0 1e-06
9.54835 15.0864 11.9999 1e-06 0.227661 -0.0322316 -0.10261 0.251788 1201 0 0 0 0 1e-06
-8.48063 14.3851 14.071 1e-06 0.18058 -0.0405197 0.264933 0.323173 1202 0 0 0 0 1e-06
-2.87215 13.8297 13.9689 1e-06 0.25831 -0.00881221 0.292252 0.390144 1203 0 0 0 0 1e-06
6.33516 12.5536 12.3842 1e-06 0.238753 -0.0227744 -0.00927774 0.240016 1204 0 0 0 0 1e-06
13.0989 11.4327 11.0911 1e-06 0.178807 -0.0265972 -0.256499 0.313801 1205 0 0 0 0 1e-06
8.13998 11.3377 12.0486 1e-06 0.21578 -0.0411204 -0.0687018 0.230157 1206 0 0 0 0 1e-06
6.04566 11.3754 12.8177 1e-06 0.246041 -0.0236151 0.0112632 0.247428 1207 0 0 0 0 1e-06
9.51516 10.6981 12.0024 1e-06 0.202314 -0.036763 -0.118336 0.237247 1208 0 0 0 0 1e-06
-12.0173 10.8525 14.3193 1e-06 0.161312 -0.00935509 0.323743 0.361827 1209 0 0 0 0 1e-06
-11.0679 10.3631 14.1487 1e-06 0.166335 -0.0294112 0.311978 0.354771 1210 0 0 0 0 1e-06
1.33981 9.44619 13.5616 1e-06 0.271297 0.000851982 0.106248 0.291362 1211 0 0 0 0 1e-06
11.6656 9.09197 11.5393 1e-06 0.176787 -0.0285823 -0.211613 0.277219 1212 0 0 0 0 1e-06
12.3485 8.32721 11.8192 1e-06 0.181952 -0.0220515 -0.215401 0.282825 1213 0 0 0 0 1e-06
-13.1536 7.86302 14.3906 1e-06 0.161216 -0.012559 0.287169 0.329567 1214 0 0 0 0 1e-06
-11.8804 7.69841 14.3903 1e-06 0.167436 -0.0300891 0.326136 0.367838 1215 0 0 0 0 1e-06
-3.01789 5.36106 14.0057 1e-06 0.259249 0.0162799 0.224851 0.343559 1216 0 0 0 0 1e-06
-2.47595 4.73843 13.3577 1e-06 0.242786 0.0263572 0.179086 0.30284 1217 0 0 0 0 1e-06
7.78409 2.35259 12.0722 1e-06 0.192358 -0.0789023 -0.153299 0.258317 1219 0 0 0 0 1e-06
6.44181 2.28424 12.1369 1e-06 0.192985 -0.0854471 -0.115174 0.240436 1220 0 0 0 0 1e-06
11.5859 -0.0426466 11.1831 1e-06 0.132747 -0.017847 -0.303502 0.331744 1221 0 0 0 0 1e-06
-9.31244 -0.257379 14.1113 1e-06 0.20271 -0.0208246 0.297805 0.36085 1222 0 0 0 0 1e-06
7.83454 -3.42066 11.7101 1e-06 0.14248 -0.0472708 -0.242092 0.284857 1223 0 0 0 0 1e-06
5.39321 -3.50053 11.9751 1e-06 0.159876 -0.0585375 -0.20443 0.266043 1224 0 0 0 0 1e-06
-1.16758 -3.92654 13.1277 1e-06 0.194016 -0.055 0.0335619 0.204435 1225 0 0 0 0 1e-06
12.4714 -4.16557 11.267 1e-06 0.11466 -0.029353 -0.320645 0.341791 1226 0 0 0 0 1e-06
4.14954 -5.0309 12.1414 1e-06 0.155203 -0.0536707 -0.173804 0.239116 1227 0 0 0 0 1e-06
2.43613 -6.97749 12.506 1e-06 0.148907 -0.0615745 -0.0755552 0.17797 1228 0 0 0 0 1e-06
-11.5113 -10.0533 14.2445 1e-06 0.228073 -0.0298752 0.270332 0.354949 1230 0 0 0 0 1e-06
-12.8805 -10.2886 14.2095 1e-06 0.202459 -0.0455521 0.266243 0.337565 1231 0 0 0 0 1e-06
3.80717 -13.0534 12.1668 1e-06 0.15279 -0.0218267 -0.209165 0.259945 1232 0 0 0 0 1e-06
-9.00129 14.7698 14.8679 1e-06 0.183029 -0.0321259 0.319747 0.369824 1234 0 0 0 0 1e-06
10.0248 13.6522 12.4238 1e-06 0.230528 -0.0327666 -0.126199 0.264845 1235 0 0 0 0 1e-06
-10.3792 13.7347 14.5532 1e-06 0.176203 -0.0184593 0.287315 0.337547 1236 0 0 0 0 1e-06
2.07194 12.5095 13.9497 1e-06 0.276429 0.00625738 0.140017 0.309931 1237 0 0 0 0 1e-06
11.2931 11.1944 12.0053 1e-06 0.197961 -0.0325548 -0.183162 0.271656 1238 0 0 0 0 1e-06
-3.76016 10.8413 14.5663 1e-06 0.251385 -0.0138047 0.21294 0.32974 1239 0 0 0 0 1e-06
-10.7081 7.32188 14.4629 1e-06 0.173333 -0.0299095 0.298895 0.34681 1240 0 0 0 0 1e-06
-6.93126 6.85519 14.4392 1e-06 0.211881 -0.0193913 0.283596 0.354536 1241 0 0 0 0 1e-06
0.350573 5.41926 14.0284 1e-06 0.276943 -0.000269518 0.13015 0.306001 1242 0 0 0 0 1e-06
-11.2444 5.29116 14.8433 1e-06 0.176553 -0.0368421 0.321064 0.368253 1243 0 0 0 0 1e-06
9.51592 1.86736 12.3439 1e-06 0.194449 -0.0518822 -0.17409 0.266101 1245 0 0 0 0 1e-06
1.43345 1.44197 13.7763 1e-06 0.255608 -0.0292216 0.07072 0.266816 1246 0 0 0 0 1e-06
11.9106 1.14453 11.7613 1e-06 0.151615 -0.021505 -0.290543 0.328428 1247 0 0 0 0 1e-06
13.8821 0.128913 11.6096 1e-06 0.124532 -0.0431621 -0.340767 0.365368 1249 0 0 0 0 1e-06
9.83268 -1.87181 11.9919 1e-06 0.176922 -0.0360867 -0.291134 0.342582 1250 0 0 0 0 1e-06
-7.62084 -1.93056 14.5316 1e-06 0.241271 -0.00633058 0.272842 0.364273 1251 0 0 0 0 1e-06
-11.8299 -2.40562 14.7434 1e-06 0.187185 -0.0538332 0.289002 0.348509 1252 0 0 0 0 1e-06
-9.82719 -2.30743 14.6214 1e-06 0.201886 -0.0303082 0.299078 0.362111 1253 0 0 0 0 1e-06
4.22066 -4.15822 12.5525 1e-06 0.165055 -0.0556502 -0.142032 0.224752 1255 0 0 0 0 1e-06
-10.9729 -4.36923 14.3713 1e-06 0.209224 -0.0445318 0.287641 0.358462 1256 0 0 0 0 1e-06
-10.5061 -4.76037 14.7296 1e-06 0.218803 -0.0431515 0.290386 0.366143 1257 0 0 0 0 1e-06
9.20287 -5.80983 11.524 1e-06 0.133123 -0.00580912 -0.323332 0.349713 1258 0 0 0 0 1e-06
13.6514 -7.29046 11.6119 1e-06 0.111753 -0.0530516 -0.325363 0.348087 1259 0 0 0 0 1e-06
-6.45039 -7.45422 14.2607 1e-06 0.254985 -0.00103499 0.196094 0.32167 1260 0 0 0 0 1e-06
-14.4342 -8.67647 14.8558 1e-06 0.181057 -0.0625143 0.307248 0.362065 1261 0 0 0 0 1e-06
0.124808 -8.73982 12.8897 1e-06 0.171246 -0.0583978 -0.0717962 0.194654 1262 0 0 0 0 1e-06
-9.10799 -8.55161 14.2383 1e-06 0.24634 -0.00110252 0.237776 0.342377 1263 0 0 0 0 1e-06
13.6895 -9.81407 11.549 1e-06 0.112427 -0.0572755 -0.302013 0.327311 1264 0 0 0 0 1e-06
13.6511 -11.6952 11.5625 1e-06 0.10389 -0.0557083 -0.332496 0.352775 1265 0 0 0 0 1e-06
5.24833 -13.1762 12.5 1e-06 0.174578 -0.0312741 -0.247383 0.304391 1267 0 0 0 0 1e-06
-2.0827 -14.0022 13.2403 1e-06 0.184387 -0.0721543 -0.00407996 0.198044 1268 0 0 0 0 1e-06
-4.9143 -14.003 13.4796 1e-06 0.19316 -0.0471524 0.0914141 0.218839 1269 0 0 0 0 1e-06
5.56531 -14.6566 12.0831 1e-06 0.161515 -0.00904682 -0.253981 0.301124 1270 0 0 0 0 1e-06
-7.84863 -14.8675 14.1059 1e-06 0.245485 -0.0112446 0.231927 0.337904 1271 0 0 0 0 1e-06
-8.18131 8.3608 14.7651 1e-06 0.208199 -0.02975 0.279773 0.350007 1273 0 0 0 0 1e-06
-14.5103 -7.97509 15.0483 1e-06 0.181232 -0.0630498 0.296088 0.352829 1274 0 0 0 0 1e-06
9.75093 14.1865 12.9657 1e-06 0.251117 -0.0327359 -0.0992085 0.271982 1276 0 0 0 0 1e-06
-1.46749 14.1863 14.4578 1e-06 0.270904 -0.00541721 0.195388 0.334058 1277 0 0 0 0 1e-06
-1.61596 11.1835 14.6203 1e-06 0.273046 -0.0118767 0.206056 0.342278 1278 0 0 0 0 1e-06
4.45562 11.0436 13.8612 1e-06 0.271844 -0.0118755 0.0776403 0.282963 1279 0 0 0 0 1e-06
3.0033 5.83807 13.4631 1e-06 0.264926 -0.0450899 0.0305426 0.270466 1281 0 0 0 0 1e-06
-14.7627 5.59375 14.8148 1e-06 0.16508 -0.00285925 0.295191 0.338227 1282 0 0 0 0 1e-06
-2.23285 4.07417 14.522 1e-06 0.272316 0.0161268 0.149526 0.311085 1283 0 0 0 0 1e-06
-4.9181 -0.644667 14.6088 1e-06 0.260211 0.00915638 0.205732 0.331842 1285 0 0 0 0 1e-06
9.09597 -4.07781 12.4372 1e-06 0.169302 -0.0205171 -0.256525 0.308041 1286 0 0 0 0 1e-06
9.11165 -4.69771 12.3903 1e-06 0.177073 -0.0180758 -0.269074 0.322619 1288 0 0 0 0 1e-06
13.9776 -6.3315 12.0611 1e-06 0.120601 -0.0582693 -0.336074 0.361781 1289 0 0 0 0 1e-06
-8.06562 -12.8971 14.7091 1e-06 0.263577 -0.0147548 0.227972 0.3488 1291 0 0 0 0 1e-06
-13.8165 15.2848 15.3911 1e-06 0.171417 0.0300614 0.248472 0.303358 1292 0 0 0 0 1e-06
-4.79866 2.07338 14.9417 1e-06 0.253453 0.0114619 0.181455 0.311922 1293 0 0 0 0 1e-06
5.90424 -0.573274 13.3791 1e-06 0.21683 -0.0683085 -0.151534 0.27321 1295 0 0 0 0 1e-06
10.5674 13.893 13.2429 1e-06 0.25068 -0.0335156 -0.178003 0.309271 1296 0 0 0 0 1e-06
-3.70073 8.79515 15.0279 1e-06 0.259293 -0.0178246 0.211827 0.335293 1297 0 0 0 0 1e-06
-8.87743 8.53729 15.4903 1e-06 0.204305 -0.0347468 0.266041 0.337233 1298 0 0 0 0 1e-06
13.2247 6.40197 13.1473 1e-06 0.214073 -0.042004 -0.181624 0.283864 1299 0 0 0 0 1e-06
14.6035 0.628231 12.1472 1e-06 0.144377 -0.057253 -0.325445 0.360607 1301 0 0 0 0 1e-06
6.13611 -2.02749 13.3343 1e-06 0.21161 -0.0622404 -0.155157 0.269678 1302 0 0 0 0 1e-06
3.43842 -3.84869 13.6442 1e-06 0.217058 -0.054755 -0.100879 0.245538 1303 0 0 0 0 1e-06
7.12944 -5.7542 13.3953 1e-06 0.212691 -0.0229595 -0.228833 0.313256 1304 0 0 0 0 1e-06
6.37152 -8.59907 12.8362 1e-06 0.179762 -0.0222678 -0.26963 0.324824 1306 0 0 0 0 1e-06
14.0456 -12.4931 12.1002 1e-06 0.125472 -0.0643376 -0.373186 0.398936 1307 0 0 0 0 1e-06
1.48382 -14.6594 13.4732 1e-06 0.217673 -0.0465439 -0.141867 0.263958 1309 0 0 0 0 1e-06
-8.06853 7.85356 15.3437 1e-06 0.215606 -0.0348661 0.230638 0.31764 1313 0 0 0 0 1e-06
8.14003 7.38684 13.7147 1e-06 0.261603 -0.0404873 -0.11783 0.289757 1314 0 0 0 0 1e-06
5.37349 2.40581 13.8384 1e-06 0.262234 -0.0693149 -0.0716952 0.280555 1316 0 0 0 0 1e-06
-5.06378 -0.564862 15.2813 1e-06 0.265885 -0.00342801 0.208034 0.337616 1317 0 0 0 0 1e-06
9.36183 -3.95649 12.7883 1e-06 0.178474 -0.0225846 -0.290081 0.341336 1318 0 0 0 0 1e-06
-11.2133 -8.51147 15.7658 1e-06 0.244502 -0.0622037 0.265974 0.366597 1319 0 0 0 0 1e-06
-12.6435 -9.28228 15.8574 1e-06 0.222213 -0.071508 0.270266 0.357122 1320 0 0 0 0 1e-06
8.81848 -9.73226 12.9311 1e-06 0.191514 -0.0109366 -0.347001 0.396493 1321 0 0 0 0 1e-06
-3.75055 -12.137 14.8854 1e-06 0.265139 -0.0304607 0.0803766 0.278724 1322 0 0 0 0 1e-06
-5.92653 15.2137 15.4987 1e-06 0.23141 -0.0525484 0.232433 0.33217 1325 0 0 0 0 1e-06
-5.13109 14.4907 15.3419 1e-06 0.248552 -0.0402282 0.2442 0.350757 1326 0 0 0 0 1e-06
6.14846 13.7376 14.1108 1e-06 0.278457 -0.0121291 -0.0289461 0.28022 1327 0 0 0 0 1e-06
0.59031 9.17254 15.0446 1e-06 0.297518 -0.00222603 0.11222 0.317986 1328 0 0 0 0 1e-06
6.56309 8.20328 14.1399 1e-06 0.276616 -0.0359238 -0.0570553 0.284714 1329 0 0 0 0 1e-06
-9.20611 7.63095 15.8971 1e-06 0.203635 -0.0372951 0.255121 0.328549 1330 0 0 0 0 1e-06
-2.20564 4.18598 15.5081 1e-06 0.292283 -0.00503758 0.186845 0.346938 1332 0 0 0 0 1e-06
-13.7462 3.88396 16.0247 1e-06 0.186685 -0.0217319 0.280094 0.337307 1333 0 0 0 0 1e-06
-4.39738 3.82805 15.2068 1e-06 0.26477 0.00289176 0.185508 0.323303 1334 0 0 0 0 1e-06
11.5799 3.46993 13.254 1e-06 0.205202 -0.0317321 -0.240999 0.318113 1335 0 0 0 0 1e-06
6.5488 3.2861 14.0855 1e-06 0.263622 -0.0647345 -0.121957 0.297591 1336 0 0 0 0 1e-06
5.36085 0.271079 13.7574 1e-06 0.242398 -0.0692297 -0.143052 0.289851 1338 0 0 0 0 1e-06
-14.3573 -1.10268 15.8991 1e-06 0.180313 -0.0481125 0.270204 0.328387 1339 0 0 0 0 1e-06
6.91094 -2.42363 13.5644 1e-06 0.223261 -0.049444 -0.216586 0.31496 1340 0 0 0 0 1e-06
-6.28818 -2.5117 15.4843 1e-06 0.271567 -0.0129647 0.217465 0.348149 1341 0 0 0 0 1e-06
11.8265 -5.95713 13.0718 1e-06 0.168637 -0.0590817 -0.300081 0.349253 1343 0 0 0 0 1e-06
-2.90351 -8.28401 14.8602 1e-06 0.27159 -0.0247154 0.0717212 0.281985 1344 0 0 0 0 1e-06
-14.4865 -9.19411 16.2116 1e-06 0.200445 -0.0662576 0.29175 0.36012 1345 0 0 0 0 1e-06
-14.3111 -11.1134 15.9591 1e-06 0.192667 -0.0672641 0.229392 0.307027 1347 0 0 0 0 1e-06
-1.38898 -15.2041 14.5005 1e-06 0.235737 -0.0574203 -0.0998511 0.262372 1349 0 0 0 0 1e-06
-4.62737 11.3104 16.0382 1e-06 0.270514 -0.0434932 0.231064 0.358413 1351 0 0 0 0 1e-06
4.22908 9.33318 14.9534 1e-06 0.301014 -0.0220187 0.024168 0.302784 1352 0 0 0 0 1e-06
-7.06674 7.78528 16.0449 1e-06 0.237286 -0.0409376 0.220452 0.326465 1353 0 0 0 0 1e-06
-6.22088 7.77703 15.9235 1e-06 0.248868 -0.0415705 0.25182 0.356478 1354 0 0 0 0 1e-06
-0.152946 7.85561 15.4197 1e-06 0.301114 -0.00601711 0.105523 0.319125 1355 0 0 0 0 1e-06
-14.4803 5.26617 15.8944 1e-06 0.180642 -0.00561713 0.273445 0.327773 1357 0 0 0 0 1e-06
5.671 2.54952 14.2897 1e-06 0.26971 -0.0656951 -0.120445 0.302599 1359 0 0 0 0 1e-06
-9.0256 2.09538 16.0049 1e-06 0.224193 -0.0496539 0.260765 0.347457 1360 0 0 0 0 1e-06
14.6173 1.76795 13.1107 1e-06 0.171257 -0.0663894 -0.354241 0.399028 1361 0 0 0 0 1e-06
13.5339 1.23981 13.2807 1e-06 0.168944 -0.0587233 -0.300916 0.350059 1362 0 0 0 0 1e-06
0.703099 0.535218 15.0192 1e-06 0.278279 -0.0214068 -0.00602983 0.279166 1363 0 0 0 0 1e-06
3.88733 -1.14162 14.0153 1e-06 0.237415 -0.0691382 -0.119568 0.274668 1365 0 0 0 0 1e-06
-13.8461 -1.08199 16.0001 1e-06 0.185165 -0.0552623 0.275725 0.336696 1366 0 0 0 0 1e-06
8.56168 -1.82558 13.78 1e-06 0.222963 -0.0381511 -0.241731 0.331062 1367 0 0 0 0 1e-06
-14.3447 -2.19608 16.1726 1e-06 0.187445 -0.0516645 0.265713 0.329254 1368 0 0 0 0 1e-06
-5.86833 -2.06919 15.6088 1e-06 0.266391 -0.00856394 0.219388 0.345208 1369 0 0 0 0 1e-06
12.5463 -3.12035 13.1389 1e-06 0.168421 -0.0583452 -0.303949 0.352356 1371 0 0 0 0 1e-06
2.70022 -4.17584 14.504 1e-06 0.240325 -0.0438805 -0.0801661 0.257115 1372 0 0 0 0 1e-06
6.47757 -5.02983 13.6047 1e-06 0.213769 -0.0409764 -0.241566 0.325162 1374 0 0 0 0 1e-06
14.2953 -5.53739 13.2337 1e-06 0.142918 -0.0703601 -0.32292 0.360074 1375 0 0 0 0 1e-06
8.49894 -6.93199 14.0183 1e-06 0.222062 -0.0219066 -0.256978 0.340337 1376 0 0 0 0 1e-06
-1.54065 -7.82548 14.5815 1e-06 0.249928 -0.0381495 -0.0232799 0.253892 1377 0 0 0 0 1e-06
7.59693 -9.13453 13.4135 1e-06 0.205777 -0.00635688 -0.30512 0.36808 1378 0 0 0 0 1e-06
-2.50787 -9.26226 14.8337 1e-06 0.265013 -0.0317867 0.032734 0.268912 1379 0 0 0 0 1e-06
3.88108 -9.32093 13.9404 1e-06 0.220167 -0.0258338 -0.179876 0.285476 1380 0 0 0 0 1e-06
9.10825 -11.5341 13.1097 1e-06 0.187385 -0.0241187 -0.339842 0.388828 1382 0 0 0 0 1e-06
-3.67176 -11.7007 14.9734 1e-06 0.26398 -0.0315132 0.0434375 0.269379 1383 0 0 0 0 1e-06
-6.45661 -13.8696 15.4042 1e-06 0.283578 -0.0237671 0.122063 0.309646 1386 0 0 0 0 1e-06
0.87251 -14.895 14.6398 1e-06 0.235838 -0.0425338 -0.0738995 0.250778 1387 0 0 0 0 1e-06
-0.586075 -15.1896 14.4015 1e-06 0.228503 -0.0575209 -0.0628796 0.243877 1388 0 0 0 0 1e-06
6.0736 14.0894 14.666 1e-06 0.29813 -0.0183502 -0.00456761 0.298729 1390 0 0 0 0 1e-06
-5.89452 13.48 15.8834 1e-06 0.234093 -0.0511404 0.235364 0.335873 1391 0 0 0 0 1e-06
-13.4991 11.9217 16.3961 1e-06 0.19443 0.0141344 0.278169 0.339678 1393 0 0 0 0 1e-06
-9.74565 11.4873 16.3169 1e-06 0.204834 -0.0324547 0.26245 0.3345 1394 0 0 0 0 1e-06
-13.9492 4.16256 16.1761 1e-06 0.186895 -0.0158922 0.257884 0.318883 1396 0 0 0 0 1e-06
-0.717468 -0.126524 15.7322 1e-06 0.297893 -0.0108395 0.0818397 0.30912 1397 0 0 0 0 1e-06
-4.85707 -3.61094 15.7351 1e-06 0.292912 -0.00707346 0.149265 0.328827 1398 0 0 0 0 1e-06
14.8007 14.5852 13.9025 1e-06 0.2495 -0.0782242 -0.27612 0.380278 1400 0 0 0 0 1e-06
-1.70044 14.1575 16.2774 1e-06 0.298605 -0.0418785 0.219098 0.372724 1401 0 0 0 0 1e-06
-6.21404 13.5242 16.1352 1e-06 0.236382 -0.0611674 0.253679 0.352095 1402 0 0 0 0 1e-06
9.95259 13.1436 14.1492 1e-06 0.275058 -0.0350996 -0.146798 0.313749 1403 0 0 0 0 1e-06
-9.83318 13.0445 16.6016 1e-06 0.206766 -0.0173944 0.245588 0.321509 1404 0 0 0 0 1e-06
1.20994 10.8455 15.7379 1e-06 0.298204 -0.00870105 0.193442 0.355557 1407 0 0 0 0 1e-06
-13.3895 9.52939 16.776 1e-06 0.202731 0.00296694 0.290275 0.354074 1409 0 0 0 0 1e-06
1.09512 8.47299 15.6788 1e-06 0.311506 -0.0140301 0.0903177 0.324638 1411 0 0 0 0 1e-06
-11.518 7.4074 15.9055 1e-06 0.1836 -0.0334837 0.209318 0.280436 1412 0 0 0 0 1e-06
-2.03946 6.27184 15.8412 1e-06 0.296203 -0.012433 0.173638 0.343571 1413 0 0 0 0 1e-06
-2.88532 5.48748 16.2578 1e-06 0.293463 -0.0238018 0.201233 0.356625 1414 0 0 0 0 1e-06
10.5834 5.01199 13.8824 1e-06 0.235147 -0.0342261 -0.217436 0.322093 1415 0 0 0 0 1e-06
6.65272 4.66976 15.0292 1e-06 0.297694 -0.048234 -0.0836983 0.312976 1417 0 0 0 0 1e-06
15.0056 0.582013 13.5771 1e-06 0.167973 -0.0708177 -0.334447 0.3809 1418 0 0 0 0 1e-06
-12.7139 -1.38643 16.7939 1e-06 0.207217 -0.0646828 0.309901 0.378367 1419 0 0 0 0 1e-06
9.0974 -1.71482 14.4946 1e-06 0.259153 -0.0423825 -0.179996 0.318363 1420 0 0 0 0 1e-06
2.8668 -3.63545 15.3791 1e-06 0.290553 -0.0325732 -0.0130697 0.292665 1422 0 0 0 0 1e-06
-1.62184 -5.01774 15.7454 1e-06 0.306425 -0.017152 0.0410107 0.309632 1423 0 0 0 0 1e-06
13.1552 -5.54385 13.7954 1e-06 0.169756 -0.0739764 -0.288427 0.342753 1424 0 0 0 0 1e-06
-1.92125 -6.088 15.37 1e-06 0.293834 -0.0185159 0.0357886 0.296584 1425 0 0 0 0 1e-06
1.72113 -7.11893 15.1111 1e-06 0.291519 -0.0441157 -0.0505131 0.299134 1426 0 0 0 0 1e-06
-14.4153 -10.9319 16.849 1e-06 0.197972 -0.0665894 0.269657 0.34109 1428 0 0 0 0 1e-06
-2.36075 -12.2212 15.4662 1e-06 0.280272 -0.0330885 0.0170389 0.282733 1429 0 0 0 0 1e-06
-1.90079 -13.354 15.2597 1e-06 0.26826 -0.0396067 0.00139125 0.271171 1430 0 0 0 0 1e-06
2.37298 -13.3382 14.9618 1e-06 0.251163 -0.0269082 -0.0848127 0.266458 1431 0 0 0 0 1e-06
3.80065 14.6658 15.792 1e-06 0.31966 -0.023767 0.061292 0.32635 1432 0 0 0 0 1e-06
-7.61643 14.2394 16.3627 1e-06 0.212791 -0.0425429 0.219176 0.308429 1433 0 0 0 0 1e-06
-7.80415 9.58198 16.6698 1e-06 0.233024 -0.0525258 0.262631 0.355013 1435 0 0 0 0 1e-06
9.33076 9.00487 14.6258 1e-06 0.277442 -0.0355955 -0.153467 0.319051 1436 0 0 0 0 1e-06
-12.4379 6.8777 16.7623 1e-06 0.200014 -0.0211261 0.273394 0.339405 1437 0 0 0 0 1e-06
-5.9479 6.45509 16.5649 1e-06 0.2564 -0.0461922 0.218998 0.340345 1438 0 0 0 0 1e-06
-10.8562 5.3174 16.9048 1e-06 0.198571 -0.0455159 0.280106 0.346354 1439 0 0 0 0 1e-06
9.51024 3.75243 14.408 1e-06 0.253522 -0.0424279 -0.18494 0.316664 1441 0 0 0 0 1e-06
-4.6827 2.96399 16.5539 1e-06 0.280057 -0.0284948 0.182305 0.335378 1442 0 0 0 0 1e-06
11.2919 2.62897 14.5497 1e-06 0.227998 -0.048826 -0.221691 0.321736 1443 0 0 0 0 1e-06
-8.70484 0.617526 16.7395 1e-06 0.246584 -0.0589658 0.248046 0.354694 1444 0 0 0 0 1e-06
10.4002 0.0310279 14.5389 1e-06 0.232032 -0.0478337 -0.243661 0.339849 1445 0 0 0 0 1e-06
12.5444 -1.75841 14.2357 1e-06 0.194288 -0.0687742 -0.258131 0.330317 1446 0 0 0 0 1e-06
-13.6945 -2.89555 16.8893 1e-06 0.202279 -0.0608076 0.25961 0.334682 1448 0 0 0 0 1e-06
-3.7265 -5.34067 16.1978 1e-06 0.316489 -0.0159722 0.0947983 0.330767 1451 0 0 0 0 1e-06
1.63889 -6.45951 15.5189 1e-06 0.295748 -0.0387774 -0.0458511 0.301783 1453 0 0 0 0 1e-06
13.5379 -10.6219 13.9133 1e-06 0.150185 -0.0736208 -0.320229 0.361279 1455 0 0 0 0 1e-06
13.9573 -10.8748 14.2052 1e-06 0.162034 -0.0754601 -0.293135 0.343333 1456 0 0 0 0 1e-06
2.83908 -11.1268 15.1066 1e-06 0.265358 -0.0231037 -0.113484 0.28953 1457 0 0 0 0 1e-06
-4.39713 -12.8444 15.8717 1e-06 0.296283 -0.0291031 0.0719535 0.306281 1458 0 0 0 0 1e-06
-3.37432 -13.9207 15.5319 1e-06 0.28116 -0.0333458 0.0388828 0.285787 1459 0 0 0 0 1e-06
12.0594 -14.8371 13.7584 1e-06 0.146052 -0.0679047 -0.352371 0.387437 1460 0 0 0 0 1e-06
-3.07022 -15.1908 15.8212 1e-06 0.288803 -0.0354016 0.012319 0.291226 1462 0 0 0 0 1e-06
14.9014 13.938 14.6066 1e-06 0.26199 -0.0920512 -0.251125 0.374401 1463 0 0 0 0 1e-06
-8.38805 12.0954 16.7242 1e-06 0.218166 -0.0464081 0.233781 0.323116 1464 0 0 0 0 1e-06
12.8381 10.9772 15.0364 1e-06 0.261591 -0.0662564 -0.207902 0.340651 1465 0 0 0 0 1e-06
9.28766 8.06942 15.1495 1e-06 0.284552 -0.0390614 -0.122338 0.312189 1468 0 0 0 0 1e-06
-6.3683 6.50592 17.1005 1e-06 0.256659 -0.0521739 0.252062 0.363499 1469 0 0 0 0 1e-06
3.62786 5.81969 16.0384 1e-06 0.327877 -0.0321393 -0.00742536 0.329532 1470 0 0 0 0 1e-06
-13.0809 5.49823 17.0072 1e-06 0.201054 -0.0189203 0.243832 0.316599 1471 0 0 0 0 1e-06
-1.68428 5.40995 16.4174 1e-06 0.306578 -0.02377 0.135796 0.336149 1472 0 0 0 0 1e-06
11.4255 2.3449 14.9989 1e-06 0.235112 -0.0614591 -0.237582 0.339853 1473 0 0 0 0 1e-06
-4.52746 -1.20109 16.7624 1e-06 0.296962 -0.0226813 0.163719 0.33986 1475 0 0 0 0 1e-06
-9.77979 -1.80393 17.2535 1e-06 0.248285 -0.0703772 0.259186 0.365753 1476 0 0 0 0 1e-06
6.80842 -3.69 15.3568 1e-06 0.281592 -0.0321082 -0.145838 0.318738 1477 0 0 0 0 1e-06
9.91672 -6.43815 15.0801 1e-06 0.245791 -0.0651022 -0.189602 0.317176 1479 0 0 0 0 1e-06
8.12053 -8.58207 14.6121 1e-06 0.237227 -0.028283 -0.244881 0.342116 1480 0 0 0 0 1e-06
7.37862 -11.6659 14.8928 1e-06 0.237507 -0.0246385 -0.31333 0.393945 1482 0 0 0 0 1e-06
-14.0716 -13.3929 17.5309 1e-06 0.231201 -0.0724523 0.281395 0.371331 1483 0 0 0 0 1e-06
-2.78818 14.9019 17.0198 1e-06 0.288489 -0.061321 0.196628 0.35447 1485 0 0 0 0 1e-06
11.1996 13.2059 15.6919 1e-06 0.295271 -0.0661485 -0.150924 0.33814 1486 0 0 0 0 1e-06
14.7815 11.5478 15.1206 1e-06 0.250164 -0.0938609 -0.150198 0.306515 1487 0 0 0 0 1e-06
3.7136 10.4826 16.7643 1e-06 0.327225 -0.0406838 0.0539446 0.334128 1489 0 0 0 0 1e-06
-1.30799 10.3678 17.1609 1e-06 0.312518 -0.0485372 0.172925 0.360453 1490 0 0 0 0 1e-06
-1.59327 10.0889 16.979 1e-06 0.30902 -0.0476527 0.175689 0.358651 1491 0 0 0 0 1e-06
-14.0991 10.3063 18.2342 1e-06 0.222905 0.0217667 0.307912 0.38075 1492 0 0 0 0 1e-06
8.71332 9.99181 15.6355 1e-06 0.303945 -0.040614 -0.119263 0.329023 1493 0 0 0 0 1e-06
8.83345 8.64398 15.6351 1e-06 0.299553 -0.0426202 -0.116641 0.324274 1495 0 0 0 0 1e-06
7.32756 7.76789 15.9702 1e-06 0.310811 -0.0456706 -0.0762305 0.323265 1496 0 0 0 0 1e-06
11.508 7.31737 15.1665 1e-06 0.264858 -0.0556814 -0.178477 0.324198 1497 0 0 0 0 1e-06
-10.266 6.83144 17.4397 1e-06 0.218194 -0.0469051 0.260223 0.342819 1498 0 0 0 0 1e-06
-5.40847 6.73401 17.5783 1e-06 0.275259 -0.0591938 0.225387 0.360653 1499 0 0 0 0 1e-06
1.51821 6.33531 16.2378 1e-06 0.319288 -0.0163922 0.00789957 0.319806 1500 0 0 0 0 1e-06
12.9902 5.94272 15.1976 1e-06 0.239798 -0.0772165 -0.223884 0.337031 1501 0 0 0 0 1e-06
1.02464 6.03089 16.5283 1e-06 0.32172 -0.0230413 0.0611324 0.328286 1502 0 0 0 0 1e-06
8.87799 5.36155 15.6137 1e-06 0.289244 -0.0491377 -0.133738 0.322432 1503 0 0 0 0 1e-06
-0.531996 5.30962 17.277 1e-06 0.314028 -0.044547 0.140055 0.346718 1504 0 0 0 0 1e-06
10.4607 3.89527 15.4133 1e-06 0.25983 -0.0535276 -0.181963 0.321694 1505 0 0 0 0 1e-06
6.68675 1.8879 15.3096 1e-06 0.29271 -0.0492413 -0.135631 0.326342 1507 0 0 0 0 1e-06
11.0901 1.3053 15.7191 1e-06 0.24679 -0.074284 -0.208155 0.331288 1508 0 0 0 0 1e-06
5.74022 0.631391 15.9376 1e-06 0.30852 -0.0405103 -0.127527 0.336287 1510 0 0 0 0 1e-06
-0.199914 0.410348 16.5411 1e-06 0.313974 -0.0130178 0.0530997 0.318699 1512 0 0 0 0 1e-06
-10.3683 -0.886416 17.5234 1e-06 0.240217 -0.0692652 0.284107 0.378443 1513 0 0 0 0 1e-06
-12.8805 -1.43061 17.4589 1e-06 0.215081 -0.059555 0.267547 0.348407 1514 0 0 0 0 1e-06
-2.96946 -1.63033 17.1163 1e-06 0.309896 -0.0261448 0.127404 0.336081 1515 0 0 0 0 1e-06
-0.997716 -1.72025 16.9497 1e-06 0.319903 -0.026201 0.0520905 0.325173 1516 0 0 0 0 1e-06
13.0442 -2.56796 15.1967 1e-06 0.203922 -0.0834965 -0.250823 0.333869 1517 0 0 0 0 1e-06
-5.14835 -3.5796 17.1308 1e-06 0.307675 -0.0387714 0.171887 0.354559 1519 0 0 0 0 1e-06
-4.63642 -5.40798 16.7245 1e-06 0.32215 -0.0337722 0.137696 0.351968 1521 0 0 0 0 1e-06
7.65375 -5.65412 15.6317 1e-06 0.27305 -0.0407037 -0.207377 0.34528 1522 0 0 0 0 1e-06
-8.47546 -9.40061 17.7029 1e-06 0.302407 -0.0753987 0.21677 0.379637 1524 0 0 0 0 1e-06
3.81339 -9.83953 16.3218 1e-06 0.294987 -0.0138532 -0.132036 0.323485 1525 0 0 0 0 1e-06
9.9359 -10.1639 15.0633 1e-06 0.211895 -0.0792195 -0.296302 0.372786 1526 0 0 0 0 1e-06
-11.0961 -11.2411 17.7304 1e-06 0.268376 -0.0828445 0.252391 0.377611 1529 0 0 0 0 1e-06
8.04311 -11.6307 15.1761 1e-06 0.233946 -0.0494469 -0.298291 0.3823 1530 0 0 0 0 1e-06
11.9697 -12.9624 14.9371 1e-06 0.183848 -0.0781988 -0.263319 0.330533 1531 0 0 0 0 1e-06
-5.27312 -12.9063 17.2492 1e-06 0.332493 -0.0315737 0.100028 0.348646 1532 0 0 0 0 1e-06
-8.19049 -13.4115 17.2629 1e-06 0.318571 -0.0460649 0.171351 0.364651 1533 0 0 0 0 1e-06
-7.16277 14.8649 17.4683 1e-06 0.236274 -0.039649 0.228384 0.330994 1536 0 0 0 0 1e-06
-14.3611 14.2272 18.2323 1e-06 0.211153 0.0280685 0.274487 0.347443 1537 0 0 0 0 1e-06
-11.6708 13.7266 18.0404 1e-06 0.221154 0.00615024 0.233385 0.321583 1538 0 0 0 0 1e-06
9.24643 11.3589 15.9001 1e-06 0.313702 -0.0512024 -0.117776 0.338972 1539 0 0 0 0 1e-06
-0.256817 10.3948 17.6633 1e-06 0.325339 -0.0560904 0.123181 0.35237 1540 0 0 0 0 1e-06
-9.72832 8.18389 17.9062 1e-06 0.228427 -0.0419404 0.240917 0.334632 1542 0 0 0 0 1e-06
11.3613 7.05781 16.0442 1e-06 0.283045 -0.0727114 -0.148433 0.327771 1544 0 0 0 0 1e-06
5.81135 6.05929 16.3298 1e-06 0.321059 -0.0475331 -0.0827475 0.334941 1545 0 0 0 0 1e-06
12.2807 5.27603 16.1924 1e-06 0.265702 -0.0836734 -0.117217 0.302223 1546 0 0 0 0 1e-06
-4.22431 1.97468 17.4638 1e-06 0.298903 -0.0436094 0.160948 0.34227 1549 0 0 0 0 1e-06
3.50037 1.78616 16.9116 1e-06 0.330863 -0.0358298 -0.0494291 0.336449 1550 0 0 0 0 1e-06
-2.4381 1.35833 17.6958 1e-06 0.319316 -0.0410158 0.117023 0.342549 1551 0 0 0 0 1e-06
-11.9546 1.26821 18.1539 1e-06 0.216604 -0.0487368 0.306315 0.378315 1552 0 0 0 0 1e-06
9.42527 0.470245 16.013 1e-06 0.270443 -0.066446 -0.174802 0.328801 1553 0 0 0 0 1e-06
15.0798 -0.290512 15.5282 1e-06 0.19813 -0.0905096 -0.240857 0.324745 1554 0 0 0 0 1e-06
14.2468 -1.07261 15.1939 1e-06 0.194694 -0.0864454 -0.319558 0.384051 1555 0 0 0 0 1e-06
-3.49236 -2.42873 17.6727 1e-06 0.320001 -0.0358959 0.121349 0.344115 1556 0 0 0 0 1e-06
7.29232 -3.00839 15.5402 1e-06 0.276369 -0.036773 -0.226631 0.359296 1557 0 0 0 0 1e-06
-6.19001 -3.23595 17.5695 1e-06 0.300993 -0.0564766 0.177627 0.354031 1558 0 0 0 0 1e-06
10.1886 -5.6489 15.4275 1e-06 0.236055 -0.0786251 -0.27332 0.369605 1559 0 0 0 0 1e-06
-0.691071 -5.89328 17.0705 1e-06 0.335621 -0.0332726 0.0267827 0.338328 1560 0 0 0 0 1e-06
-10.5935 -8.81413 17.7143 1e-06 0.267127 -0.0854673 0.227101 0.360882 1562 0 0 0 0 1e-06
3.11481 -9.34271 16.1707 1e-06 0.2908 -0.0226643 -0.121606 0.316017 1563 0 0 0 0 1e-06
4.70497 -10.4214 16.3733 1e-06 0.292196 -0.0142865 -0.159827 0.333358 1564 0 0 0 0 1e-06
-3.346 -10.6047 17.1606 1e-06 0.341972 -0.0296561 0.0676576 0.34986 1565 0 0 0 0 1e-06
9.72148 -11.9648 15.5116 1e-06 0.2123 -0.0844816 -0.305634 0.381603 1566 0 0 0 0 1e-06
3.26016 -13.2314 16.415 1e-06 0.294482 -0.0213346 -0.135754 0.324967 1567 0 0 0 0 1e-06
4.88966 9.2215 16.9548 1e-06 0.327539 -0.0461277 -0.0187184 0.331301 1570 0 0 0 0 1e-06
11.4258 7.73412 16.1794 1e-06 0.283741 -0.076552 -0.150321 0.330099 1571 0 0 0 0 1e-06
9.36284 6.76107 16.1798 1e-06 0.295786 -0.0541773 -0.151998 0.336939 1572 0 0 0 0 1e-06
-7.48013 -6.56574 17.9388 1e-06 0.304906 -0.0742005 0.182454 0.362991 1573 0 0 0 0 1e-06
-1.00695 -7.14515 17.2059 1e-06 0.341485 -0.0380338 0.00991451 0.34374 1574 0 0 0 0 1e-06
-1.1389 -13.5661 17.0726 1e-06 0.323941 -0.0280553 -0.0374694 0.327305 1575 0 0 0 0 1e-06
-10.7031 13.9878 18.4272 1e-06 0.2304 -0.00190256 0.23925 0.332157 1577 0 0 0 0 1e-06
2.93059 11.93 17.5629 1e-06 0.342622 -0.0543498 0.0604572 0.352134 1579 0 0 0 0 1e-06
-4.3469 9.65934 18.3771 1e-06 0.284851 -0.0684593 0.214098 0.362856 1580 0 0 0 0 1e-06
7.54332 6.9182 16.9818 1e-06 0.317927 -0.0585152 -0.103358 0.339388 1583 0 0 0 0 1e-06
0.679371 5.90058 17.669 1e-06 0.324164 -0.0530202 0.0863964 0.339643 1584 0 0 0 0 1e-06
4.90731 2.3456 16.8922 1e-06 0.333348 -0.0481902 -0.0603988 0.342186 1586 0 0 0 0 1e-06
-8.35616 0.491982 18.3501 1e-06 0.264157 -0.0717502 0.223152 0.353163 1587 0 0 0 0 1e-06
8.47131 -0.618001 16.2429 1e-06 0.282933 -0.0596026 -0.215291 0.360491 1588 0 0 0 0 1e-06
-7.97092 -0.65539 18.3448 1e-06 0.274997 -0.0751581 0.167517 0.330657 1589 0 0 0 0 1e-06
-1.59514 -0.732787 17.9124 1e-06 0.332878 -0.0369846 0.0626107 0.340728 1590 0 0 0 0 1e-06
-0.291868 -0.748062 17.5568 1e-06 0.329789 -0.0245717 0.0327864 0.332325 1591 0 0 0 0 1e-06
4.23789 -1.25259 16.9871 1e-06 0.331375 -0.0385607 -0.0892436 0.345342 1592 0 0 0 0 1e-06
-11.4303 -2.95432 18.634 1e-06 0.230404 -0.0727383 0.328281 0.407609 1593 0 0 0 0 1e-06
-6.87035 -3.41466 18.3059 1e-06 0.299292 -0.0737544 0.169855 0.351947 1594 0 0 0 0 1e-06
-11.6499 -4.2256 18.2115 1e-06 0.240784 -0.0782933 0.247481 0.354053 1595 0 0 0 0 1e-06
0.145927 -5.02135 17.4365 1e-06 0.334491 -0.0345093 0.0105183 0.336431 1596 0 0 0 0 1e-06
2.4576 -5.65868 16.9082 1e-06 0.314691 -0.0150788 -0.0508263 0.319125 1598 0 0 0 0 1e-06
-11.5325 -6.32338 18.4873 1e-06 0.251139 -0.0827693 0.213021 0.339558 1600 0 0 0 0 1e-06
-13.0379 -6.33134 18.5474 1e-06 0.23399 -0.0694369 0.24078 0.342853 1601 0 0 0 0 1e-06
-4.88414 -6.84631 17.7165 1e-06 0.333899 -0.0554255 0.112992 0.35683 1602 0 0 0 0 1e-06
-1.91964 -8.77777 17.3719 1e-06 0.349078 -0.0392623 0.0425593 0.353848 1604 0 0 0 0 1e-06
12.2153 -11.0115 15.7511 1e-06 0.188447 -0.0838746 -0.305886 0.368936 1605 0 0 0 0 1e-06
-8.5374 -11.3628 17.9866 1e-06 0.308667 -0.077806 0.149701 0.351767 1606 0 0 0 0 1e-06
-6.14987 -12.9028 17.8795 1e-06 0.341101 -0.0523216 0.108989 0.361893 1607 0 0 0 0 1e-06
5.02249 -14.0227 16.2708 1e-06 0.275185 -0.0297215 -0.234673 0.362879 1608 0 0 0 0 1e-06
14.3892 13.5508 16.5196 1e-06 0.278956 -0.104215 -0.180633 0.34829 1611 0 0 0 0 1e-06
-6.00543 12.2133 18.3286 1e-06 0.257159 -0.0637038 0.218484 0.343401 1612 0 0 0 0 1e-06
-11.5133 11.979 18.8098 1e-06 0.235371 0.00238999 0.251152 0.344213 1613 0 0 0 0 1e-06
10.3808 9.83132 16.6025 1e-06 0.307426 -0.0747236 -0.141647 0.346639 1614 0 0 0 0 1e-06
3.98141 8.71363 17.4606 1e-06 0.331794 -0.0513647 -0.0125457 0.335981 1615 0 0 0 0 1e-06
1.57737 6.45281 18.29 1e-06 0.328002 -0.0601461 0.139587 0.361507 1616 0 0 0 0 1e-06
9.0854 6.33075 16.977 1e-06 0.307148 -0.0677833 -0.144951 0.346331 1617 0 0 0 0 1e-06
5.18127 1.20946 17.0476 1e-06 0.326501 -0.0486643 -0.106207 0.346772 1620 0 0 0 0 1e-06
-11.1401 -2.27338 18.4345 1e-06 0.233929 -0.0752202 0.219773 0.329669 1621 0 0 0 0 1e-06
8.23109 -7.23392 16.081 1e-06 0.267946 -0.0684901 -0.274588 0.389723 1622 0 0 0 0 1e-06
9.95006 -12.3762 16.143 1e-06 0.21917 -0.0900816 -0.30524 0.386422 1624 0 0 0 0 1e-06
-5.5811 -14.2352 18.0283 1e-06 0.343848 -0.0459138 0.0910023 0.358637 1625 0 0 0 0 1e-06
14.6946 13.788 16.735 1e-06 0.281736 -0.105722 -0.133305 0.329124 1626 0 0 0 0 1e-06
-7.85881 13.624 18.6135 1e-06 0.244584 -0.0311739 0.237945 0.342653 1627 0 0 0 0 1e-06
0.816099 10.3924 18.412 1e-06 0.339027 -0.0728755 0.107545 0.363065 1629 0 0 0 0 1e-06
10.3952 7.49455 17.0553 1e-06 0.302426 -0.080978 -0.176724 0.359514 1630 0 0 0 0 1e-06
-2.21926 6.65171 18.5071 1e-06 0.312354 -0.0714382 0.133455 0.3471 1631 0 0 0 0 1e-06
11.9065 3.72119 16.3334 1e-06 0.254067 -0.081731 -0.261888 0.373919 1632 0 0 0 0 1e-06
-11.545 3.44204 18.8379 1e-06 0.234136 -0.0383166 0.22642 0.327954 1633 0 0 0 0 1e-06
9.27275 2.7549 16.8039 1e-06 0.28718 -0.0718957 -0.196906 0.355546 1636 0 0 0 0 1e-06
-0.497075 0.402449 17.8317 1e-06 0.334989 -0.0380336 0.0699676 0.344325 1637 0 0 0 0 1e-06
-8.2201 -0.494592 18.9326 1e-06 0.267124 -0.0737896 0.235133 0.363438 1638 0 0 0 0 1e-06
0.494884 -2.38871 17.6753 1e-06 0.333081 -0.029028 0.0173782 0.334795 1639 0 0 0 0 1e-06
0.201734 -3.29566 17.4347 1e-06 0.331607 -0.0316244 -0.0371954 0.335182 1640 0 0 0 0 1e-06
-1.30777 -6.5915 17.7228 1e-06 0.344489 -0.0470178 0.023891 0.348503 1642 0 0 0 0 1e-06
-5.52482 -7.59799 18.5777 1e-06 0.328816 -0.0732311 0.129973 0.361076 1643 0 0 0 0 1e-06
0.274457 -11.8069 17.8787 1e-06 0.346078 -0.0480689 -0.0239648 0.350221 1646 0 0 0 0 1e-06
8.46723 -12.4726 16.4987 1e-06 0.249766 -0.086885 -0.272343 0.379609 1647 0 0 0 0 1e-06
9.85069 -14.2457 16.1583 1e-06 0.206575 -0.0821767 -0.290612 0.365898 1649 0 0 0 0 1e-06
-9.41326 -14.9205 18.5 1e-06 0.301499 -0.0809294 0.118639 0.333956 1650 0 0 0 0 1e-06
12.3984 -2.8251 16.7341 1e-06 0.231915 -0.0997063 -0.274766 0.373125 1651 0 0 0 0 1e-06
-9.11871 14.6612 19.3544 1e-06 0.244215 -0.0101668 0.224623 0.331964 1652 0 0 0 0 1e-06
-2.41079 14.1319 19.0633 1e-06 0.296004 -0.0808256 0.178 0.354733 1653 0 0 0 0 1e-06
5.35571 13.6931 18.2993 1e-06 0.348974 -0.073731 0.00706706 0.356748 1654 0 0 0 0 1e-06
10.7754 12.7541 17.2475 1e-06 0.322699 -0.0839822 -0.122587 0.355268 1655 0 0 0 0 1e-06
8.72477 12.6229 17.3889 1e-06 0.334665 -0.0728014 -0.0400967 0.344831 1656 0 0 0 0 1e-06
2.06319 11.2563 18.6594 1e-06 0.34511 -0.0743277 0.0638849 0.358757 1657 0 0 0 0 1e-06
-5.34619 11.1209 19.0928 1e-06 0.269818 -0.0706442 0.202372 0.344597 1658 0 0 0 0 1e-06
13.3472 10.9441 16.4487 1e-06 0.278178 -0.0940978 -0.264168 0.394996 1659 0 0 0 0 1e-06
-10.6388 11.099 19.1717 1e-06 0.24111 -0.0118927 0.216265 0.324108 1660 0 0 0 0 1e-06
6.17468 9.69069 18.4189 1e-06 0.346587 -0.0815912 -0.0278652 0.35715 1661 0 0 0 0 1e-06
3.02665 6.99147 18.3852 1e-06 0.340591 -0.0698114 -0.0255253 0.348608 1663 0 0 0 0 1e-06
-5.28566 5.55525 19.2614 1e-06 0.288418 -0.0767073 0.219117 0.370245 1664 0 0 0 0 1e-06
12.1441 5.18652 17.0027 1e-06 0.278651 -0.0930002 -0.243587 0.381614 1665 0 0 0 0 1e-06
0.765915 4.48019 18.6305 1e-06 0.333561 -0.070986 0.0472244 0.344285 1666 0 0 0 0 1e-06
-11.6128 3.89755 19.0154 1e-06 0.236097 -0.0343058 0.222028 0.325907 1667 0 0 0 0 1e-06
-12.874 3.72653 19.583 1e-06 0.240757 -0.0117902 0.269303 0.361423 1668 0 0 0 0 1e-06
11.8123 1.62197 17.0296 1e-06 0.257543 -0.0925125 -0.247436 0.368933 1670 0 0 0 0 1e-06
10.2468 -0.795149 17.6472 1e-06 0.277952 -0.0990683 -0.187461 0.34959 1674 0 0 0 0 1e-06
9.82993 -1.28002 17.3637 1e-06 0.279691 -0.0962209 -0.213582 0.364833 1675 0 0 0 0 1e-06
-3.95482 -2.42685 18.6579 1e-06 0.326553 -0.0632568 0.112362 0.351089 1676 0 0 0 0 1e-06
1.03389 -2.73247 18.4062 1e-06 0.346544 -0.0496301 -0.0277016 0.351174 1677 0 0 0 0 1e-06
13.1509 -3.32342 17.0125 1e-06 0.223335 -0.0975853 -0.264834 0.359914 1678 0 0 0 0 1e-06
4.44988 -3.18228 17.8343 1e-06 0.334449 -0.0508602 -0.130566 0.362617 1679 0 0 0 0 1e-06
2.64187 -3.58289 17.9019 1e-06 0.342343 -0.0359667 -0.0387317 0.346399 1680 0 0 0 0 1e-06
-1.41432 -3.79851 18.5066 1e-06 0.345041 -0.0524894 0.0325167 0.350522 1681 0 0 0 0 1e-06
-2.79461 -4.35422 18.9272 1e-06 0.34166 -0.0627699 0.0820744 0.356942 1682 0 0 0 0 1e-06
6.72383 -5.20394 17.0285 1e-06 0.304194 -0.0584771 -0.213956 0.376471 1683 0 0 0 0 1e-06
12.6237 -7.35767 16.5953 1e-06 0.215783 -0.0945677 -0.318086 0.395833 1686 0 0 0 0 1e-06
8.70067 -7.39013 17.0257 1e-06 0.26982 -0.0968533 -0.262554 0.388739 1687 0 0 0 0 1e-06
-0.485405 -7.58382 17.7164 1e-06 0.345072 -0.0464903 -0.0232484 0.348965 1688 0 0 0 0 1e-06
-12.1051 -8.85785 19.6744 1e-06 0.258307 -0.0736169 0.231397 0.354523 1693 0 0 0 0 1e-06
-5.55698 -9.33153 18.5656 1e-06 0.338706 -0.0756623 0.0991422 0.360938 1694 0 0 0 0 1e-06
11.228 -9.85723 16.457 1e-06 0.213365 -0.0928358 -0.313335 0.390284 1695 0 0 0 0 1e-06
7.16246 -10.6721 17.1576 1e-06 0.285451 -0.0768905 -0.187771 0.350217 1697 0 0 0 0 1e-06
8.73288 -10.9435 16.8087 1e-06 0.258973 -0.0992814 -0.302145 0.410141 1698 0 0 0 0 1e-06
15.0316 -11.7228 16.5909 1e-06 0.194963 -0.0519039 -0.300335 0.361809 1699 0 0 0 0 1e-06
5.92279 -12.523 17.8011 1e-06 0.291483 -0.0809011 -0.205045 0.365446 1700 0 0 0 0 1e-06
1.78822 -12.8941 18.1069 1e-06 0.333096 -0.0495568 -0.111684 0.354799 1701 0 0 0 0 1e-06
14.0341 12.2645 17.7888 1e-06 0.286053 -0.105852 -0.16808 0.348255 1707 0 0 0 0 1e-06
3.91664 12.3252 19.1817 1e-06 0.350737 -0.0847819 0.0490908 0.364163 1708 0 0 0 0 1e-06
1.90397 12.2552 18.613 1e-06 0.342905 -0.0678808 0.0557699 0.35398 1709 0 0 0 0 1e-06
11.7924 10.7296 17.9954 1e-06 0.305083 -0.102495 -0.12483 0.3452 1711 0 0 0 0 1e-06
14.2379 10.1654 17.7022 1e-06 0.279087 -0.107258 -0.176753 0.347327 1712 0 0 0 0 1e-06
-9.46054 7.59927 19.6461 1e-06 0.248686 -0.0375306 0.251181 0.355451 1713 0 0 0 0 1e-06
-8.65964 7.47663 19.8119 1e-06 0.255887 -0.0456995 0.236994 0.351757 1714 0 0 0 0 1e-06
7.14999 4.39844 18.627 1e-06 0.330351 -0.0939142 -0.0844141 0.353663 1716 0 0 0 0 1e-06
9.74246 4.2984 18.0659 1e-06 0.303008 -0.0945153 -0.187632 0.368717 1717 0 0 0 0 1e-06
-3.48955 3.72069 19.7918 1e-06 0.315332 -0.0841947 0.147974 0.358357 1718 0 0 0 0 1e-06
14.8133 1.95292 17.6651 1e-06 0.236237 -0.0970376 -0.216948 0.335098 1719 0 0 0 0 1e-06
-3.72094 2.02662 19.3865 1e-06 0.314804 -0.0798929 0.169255 0.36624 1720 0 0 0 0 1e-06
-7.08699 1.48705 19.493 1e-06 0.28191 -0.0802743 0.177147 0.342488 1721 0 0 0 0 1e-06
13.0652 0.767871 17.6585 1e-06 0.242859 -0.103203 -0.222109 0.344911 1722 0 0 0 0 1e-06
-13.5537 0.706566 20.0596 1e-06 0.24396 -0.0102397 0.312111 0.396277 1724 0 0 0 0 1e-06
2.5769 0.283829 19.0148 1e-06 0.348553 -0.0834106 -0.044232 0.361114 1725 0 0 0 0 1e-06
5.97918 -1.18201 18.2458 1e-06 0.331415 -0.0878211 -0.0792391 0.351891 1726 0 0 0 0 1e-06
8.96276 -1.54544 18.0712 1e-06 0.299537 -0.0956962 -0.0292694 0.315811 1727 0 0 0 0 1e-06
1.65885 -1.5368 19.1448 1e-06 0.35079 -0.0694272 0.0250073 0.358467 1728 0 0 0 0 1e-06
2.24439 -3.4658 18.5373 1e-06 0.34695 -0.0583431 -0.0392098 0.353999 1729 0 0 0 0 1e-06
9.62463 -4.24927 17.532 1e-06 0.274168 -0.105142 -0.214889 0.363868 1730 0 0 0 0 1e-06
-7.8362 -4.59043 19.8426 1e-06 0.29067 -0.0894881 0.167492 0.347204 1731 0 0 0 0 1e-06
11.7387 -4.96961 17.76 1e-06 0.244194 -0.101768 -0.230039 0.350579 1732 0 0 0 0 1e-06
1.68943 -5.47285 18.6593 1e-06 0.348927 -0.0599637 -0.049694 0.357513 1733 0 0 0 0 1e-06
-6.37063 -6.1942 19.41 1e-06 0.319103 -0.0925638 0.110484 0.350145 1735 0 0 0 0 1e-06
14.2254 -7.71068 17.4362 1e-06 0.202957 -0.0847324 -0.257295 0.338485 1736 0 0 0 0 1e-06
6.35441 -8.08264 18.2172 1e-06 0.308436 -0.0995186 -0.19022 0.375793 1737 0 0 0 0 1e-06
-4.93371 -8.03933 19.1302 1e-06 0.338783 -0.0828206 0.104502 0.36408 1738 0 0 0 0 1e-06
4.8741 -8.32903 18.1647 1e-06 0.321582 -0.0734009 -0.0760808 0.338513 1739 0 0 0 0 1e-06
13.1081 -12.2992 17.3027 1e-06 0.195739 -0.0705936 -0.250558 0.325694 1742 0 0 0 0 1e-06
6.09952 -13.9689 18.1115 1e-06 0.280596 -0.0835119 -0.175149 0.341153 1743 0 0 0 0 1e-06
6.96755 12.3297 19.078 1e-06 0.349501 -0.0906488 -0.0415183 0.363445 1746 0 0 0 0 1e-06
-11.3395 12.6694 20.0934 1e-06 0.240805 0.0155025 0.164151 0.291844 1747 0 0 0 0 1e-06
-0.991985 12.1102 19.8299 1e-06 0.313498 -0.0957936 0.138488 0.35586 1748 0 0 0 0 1e-06
-2.60971 12.0301 19.6899 1e-06 0.297146 -0.0861396 0.147295 0.342654 1749 0 0 0 0 1e-06
11.8434 11.3258 18.47 1e-06 0.307623 -0.104577 -0.139636 0.353647 1750 0 0 0 0 1e-06
-11.4372 11.3063 20.3214 1e-06 0.246223 0.0113597 0.235285 0.340755 1751 0 0 0 0 1e-06
11.8694 7.17183 18.2622 1e-06 0.292123 -0.102155 -0.177224 0.356623 1753 0 0 0 0 1e-06
-0.331715 6.0785 19.5148 1e-06 0.333795 -0.0857653 0.0866965 0.355374 1755 0 0 0 0 1e-06
2.42901 4.3179 19.223 1e-06 0.340778 -0.0810861 -0.0386899 0.352422 1758 0 0 0 0 1e-06
-8.34092 4.17718 20.1447 1e-06 0.262062 -0.0617783 0.198507 0.334512 1759 0 0 0 0 1e-06
-2.82842 4.01835 19.5579 1e-06 0.318803 -0.0817634 0.0838873 0.339643 1760 0 0 0 0 1e-06
9.72524 3.35358 18.3034 1e-06 0.301261 -0.0981187 -0.171521 0.360285 1761 0 0 0 0 1e-06
12.5736 -0.787062 18.0948 1e-06 0.250491 -0.104437 -0.214884 0.346162 1764 0 0 0 0 1e-06
-0.00894527 -0.964768 19.0025 1e-06 0.347406 -0.0668063 0.00649051 0.353831 1765 0 0 0 0 1e-06
-13.7155 -2.02537 20.1503 1e-06 0.254005 -0.0119562 0.212 0.331067 1766 0 0 0 0 1e-06
8.12937 -4.08226 18.1494 1e-06 0.299831 -0.105922 -0.203376 0.377465 1768 0 0 0 0 1e-06
-11.1188 -5.87194 20.1636 1e-06 0.263052 -0.0660944 0.149585 0.309743 1769 0 0 0 0 1e-06
-3.15032 -8.39328 19.4237 1e-06 0.350138 -0.0829293 0.06885 0.366353 1771 0 0 0 0 1e-06
1.78919 -10.0165 18.9268 1e-06 0.344616 -0.0710529 -0.0746775 0.359702 1773 0 0 0 0 1e-06
-7.55502 -10.6023 20.2267 1e-06 0.313983 -0.0928582 0.243665 0.408143 1774 0 0 0 0 1e-06
6.29496 -14.0443 18.2595 1e-06 0.273344 -0.0902882 -0.241669 0.375863 1777 0 0 0 0 1e-06
9.04809 7.60522 19.1899 1e-06 0.32691 -0.104203 -0.115212 0.361942 1782 0 0 0 0 1e-06
-2.35997 2.81777 19.5393 1e-06 0.322407 -0.0843126 -0.00960968 0.333388 1783 0 0 0 0 1e-06
9.12493 -1.34494 18.2901 1e-06 0.295346 -0.103845 -0.194194 0.368408 1784 0 0 0 0 1e-06
9.46125 -3.36793 18.3976 1e-06 0.285826 -0.113931 -0.23138 0.384986 1785 0 0 0 0 1e-06
-2.42689 -5.50463 19.9035 1e-06 0.350113 -0.091437 0.0717891 0.368909 1787 0 0 0 0 1e-06
-9.35564 -9.42865 20.1862 1e-06 0.290508 -0.0916008 0.156939 0.342659 1789 0 0 0 0 1e-06
-13.0698 -14.2311 20.2823 1e-06 0.256391 -0.0695415 0.156388 0.308269 1793 0 0 0 0 1e-06
12.4138 11.5088 18.701 1e-06 0.303412 -0.107052 -0.165846 0.361972 1795 0 0 0 0 1e-06
14.3221 5.00554 18.4255 1e-06 0.25947 -0.105121 -0.240572 0.369121 1800 0 0 0 0 1e-06
14.7236 1.18847 18.5529 1e-06 0.247777 -0.0939915 -0.223587 0.346726 1802 0 0 0 0 1e-06
-3.21264 -1.75051 20.2438 1e-06 0.338018 -0.0948245 0.0485651 0.35441 1804 0 0 0 0 1e-06
-2.07036 -3.50196 20.1631 1e-06 0.348728 -0.0924669 0.0792844 0.369388 1806 0 0 0 0 1e-06
-0.824743 -6.55844 19.4663 1e-06 0.353553 -0.0759118 0.00471904 0.361641 1809 0 0 0 0 1e-06
-0.669508 -8.539 19.585 1e-06 0.356014 -0.0770878 0.0469563 0.367278 1810 0 0 0 0 1e-06
6.65158 -10.1144 18.6469 1e-06 0.295241 -0.102044 -0.198067 0.36988 1811 0 0 0 0 1e-06
7.81514 11.8227 19.2379 1e-06 0.344871 -0.0975744 -0.061679 0.363678 1818 0 0 0 0 1e-06
4.25089 11.0208 20.2995 1e-06 0.348986 -0.0964606 0.166148 0.398373 1819 0 0 0 0 1e-06
13.9862 7.36753 19.1132 1e-06 0.276151 -0.110392 -0.190602 0.353235 1822 0 0 0 0 1e-06
-4.29701 7.17578 20.5948 1e-06 0.290219 -0.0838902 0.0936858 0.316294 1823 0 0 0 0 1e-06
11.1101 6.09145 18.9081 1e-06 0.297349 -0.108199 -0.170021 0.359209 1824 0 0 0 0 1e-06
8.89148 1.56373 19.4204 1e-06 0.310372 -0.113477 -0.144928 0.360849 1827 0 0 0 0 1e-06
-7.87911 -0.863683 20.6474 1e-06 0.279186 -0.0809221 0.161555 0.332556 1831 0 0 0 0 1e-06
3.42316 -6.87732 19.679 1e-06 0.342384 -0.0996705 -0.158405 0.390197 1836 0 0 0 0 1e-06
9.29639 -9.43926 18.6281 1e-06 0.264833 -0.103221 -0.225157 0.362611 1838 0 0 0 0 1e-06
9.10376 13.7858 20.0952 1e-06 0.334729 -0.107418 0.0183859 0.352023 1840 0 0 0 0 1e-06
2.81875 7.81677 20.4484 1e-06 0.343684 -0.110437 0.0250353 0.361859 1843 0 0 0 0 1e-06
3.9862 4.11903 19.9348 1e-06 0.346961 -0.102482 -0.0800648 0.370533 1846 0 0 0 0 1e-06
13.0671 3.56769 19.1847 1e-06 0.26738 -0.1058 -0.234152 0.370827 1847 0 0 0 0 1e-06
14.1903 1.76123 19.1237 1e-06 0.257354 -0.0965135 -0.217714 0.350635 1850 0 0 0 0 1e-06
-1.22045 1.63325 20.2586 1e-06 0.336727 -0.0936566 0.0291542 0.350723 1851 0 0 0 0 1e-06
10.7546 0.270433 19.7059 1e-06 0.285412 -0.112955 -0.161078 0.346649 1852 0 0 0 0 1e-06
-0.229018 -2.81674 20.2525 1e-06 0.354658 -0.101361 -0.00222722 0.368865 1855 0 0 0 0 1e-06
5.90702 -5.40375 19.6004 1e-06 0.321632 -0.119653 -0.186407 0.390528 1856 0 0 0 0 1e-06
-2.84566 -6.23215 20.3115 1e-06 0.348026 -0.10036 0.0524758 0.365989 1857 0 0 0 0 1e-06
0.124276 -6.77034 20.2497 1e-06 0.354884 -0.101677 -0.0210857 0.369764 1858 0 0 0 0 1e-06
4.79126 -8.01554 19.3944 1e-06 0.328075 -0.108903 -0.184768 0.391959 1859 0 0 0 0 1e-06
13.4625 -10.2886 18.4968 1e-06 0.22291 -0.0661723 -0.249824 0.341291 1862 0 0 0 0 1e-06
8.43519 14.5996 20.353 1e-06 0.338117 -0.102001 -0.0583548 0.357956 1865 0 0 0 0 1e-06
8.61694 12.2644 19.9821 1e-06 0.337862 -0.107376 -0.0776073 0.362909 1866 0 0 0 0 1e-06
14.2299 11.2696 20.0123 1e-06 0.289008 -0.112769 -0.164525 0.351157 1867 0 0 0 0 1e-06
10.0494 10.2869 19.6972 1e-06 0.323511 -0.110043 -0.0967622 0.35515 1869 0 0 0 0 1e-06
6.70785 10.2639 20.5209 1e-06 0.344759 -0.112128 -0.048034 0.365703 1870 0 0 0 0 1e-06
12.1872 6.99108 19.6822 1e-06 0.292392 -0.111112 -0.184315 0.363058 1874 0 0 0 0 1e-06
5.07276 5.63212 20.7534 1e-06 0.342656 -0.11841 -0.0262108 0.363484 1875 0 0 0 0 1e-06
10.7047 4.04428 19.9769 1e-06 0.297788 -0.115558 -0.137049 0.347583 1877 0 0 0 0 1e-06
4.44319 1.3156 20.4743 1e-06 0.342846 -0.117923 -0.0467782 0.365564 1880 0 0 0 0 1e-06
13.7671 0.968973 19.4384 1e-06 0.254033 -0.0965449 -0.280008 0.390203 1881 0 0 0 0 1e-06
7.5211 -0.0199956 19.8159 1e-06 0.320866 -0.120947 -0.171918 0.383587 1883 0 0 0 0 1e-06
13.8934 -1.24166 20.2083 1e-06 0.251033 -0.0905077 -0.0393562 0.269737 1886 0 0 0 0 1e-06
7.49155 -2.83272 19.5235 1e-06 0.313729 -0.121947 -0.214119 0.398929 1890 0 0 0 0 1e-06
5.5547 -3.51811 20.4921 1e-06 0.335483 -0.120657 -0.0215551 0.357172 1891 0 0 0 0 1e-06
7.67369 -3.90622 19.9631 1e-06 0.307658 -0.118136 -0.145196 0.360127 1892 0 0 0 0 1e-06
3.32451 -4.58089 20.5504 1e-06 0.342799 -0.119445 -0.07302 0.370284 1893 0 0 0 0 1e-06
4.30321 -6.51559 19.9011 1e-06 0.340471 -0.112897 -0.129901 0.381498 1896 0 0 0 0 1e-06
9.97749 -8.18521 19.7659 1e-06 0.270284 -0.106044 -0.227156 0.368644 1898 0 0 0 0 1e-06
12.756 -9.50447 19.7169 1e-06 0.238222 -0.0655961 -0.229167 0.337001 1902 0 0 0 0 1e-06
4.59631 -10.2435 19.9432 1e-06 0.31913 -0.111668 -0.18065 0.383339 1903 0 0 0 0 1e-06
10.6145 -11.3827 19.6131 1e-06 0.246777 -0.0836492 -0.247089 0.359095 1906 0 0 0 0 1e-06
12.5924 -12.8705 19.6337 1e-06 0.244223 -0.0509397 -0.275291 0.371517 1910 0 0 0 0 1e-06
1.04153 -13.2062 20.4548 1e-06 0.343441 -0.09289 0.0211815 0.356412 1911 0 0 0 0 1e-06
12.0806 12.8414 20.0092 1e-06 0.311 -0.10777 -0.129354 0.35365 1914 0 0 0 0 1e-06
8.30777 8.77178 20.502 1e-06 0.331335 -0.116445 -0.0663598 0.357415 1916 0 0 0 0 1e-06
9.2352 4.97368 20.2587 1e-06 0.315621 -0.120135 -0.120081 0.358425 1917 0 0 0 0 1e-06
7.53588 2.42419 20.3405 1e-06 0.323706 -0.121135 -0.0881279 0.356687 1918 0 0 0 0 1e-06
14.6318 -2.35733 19.6708 1e-06 0.248794 -0.0841057 -0.274235 0.379707 1919 0 0 0 0 1e-06
13.7342 -1.36786 20.5016 1e-06 0.263227 -0.0919807 -0.173911 0.328624 1927 0 0 0 0 1e-06
0.37748 12.1311 -1.11264 1e-06 -0.197232 0.113262 0.193915 0.298885 1931 0 0 0 0 1e-06
-5.82491 0.521063 -0.79527 1e-06 -0.191532 0.14905 0.158485 0.289859 1933 0 0 0 0 1e-06
-12.0992 4.29278 -0.347279 1e-06 -0.139813 0.0396585 0.241456 0.281818 1939 0 0 0 0 1e-06
-5.46026 3.87574 -0.516889 1e-06 -0.178032 0.146534 0.160322 0.280839 1940 0 0 0 0 1e-06
-4.44413 4.66234 -0.194877 1e-06 -0.167004 0.151897 0.181372 0.289584 1944 0 0 0 0 1e-06
-9.2858 -1.57935 0.106029 1e-06 -0.154581 0.111868 0.212712 0.285755 1945 0 0 0 0 1e-06
-9.0738 -2.91902 0.0898073 1e-06 -0.17098 0.125475 0.19705 0.289494 1946 0 0 0 0 1e-06
-9.16713 14.0206 0.18154 1e-06 -0.114626 0.0671377 0.092384 0.161806 1947 0 0 0 0 1e-06
7.55542 10.4417 -0.387839 1e-06 -0.224516 0.0475986 0.021767 0.230536 1949 0 0 0 0 1e-06
3.51807 9.16782 -0.242157 1e-06 -0.189588 0.0590813 0.0657831 0.209193 1951 0 0 0 0 1e-06
-15.3539 -14.4184 0.525952 1e-06 -0.176398 0.0351077 0.245172 0.304069 1954 0 0 0 0 1e-06
15.0717 -7.98133 -0.767713 1e-06 -0.159962 -0.0130624 -0.318731 0.356858 1956 0 0 0 0 1e-06
15.1706 -14.8648 -0.408247 1e-06 -0.128455 0.0411714 -0.189177 0.232345 1958 0 0 0 0 1e-06
15.0786 -1.74676 -0.0384091 1e-06 -0.17105 -0.00313032 -0.318484 0.361524 1961 0 0 0 0 1e-06
12.1878 -10.9871 0.487197 1e-06 -0.171645 0.0381818 -0.196758 0.263882 1962 0 0 0 0 1e-06
-14.235 -8.72606 3.10642 1e-06 -0.0844337 0.0464954 0.337556 0.351048 1963 0 0 0 0 1e-06
3.62025 8.1836 1.31911 1e-06 -0.167471 0.0373149 -0.060501 0.181932 1967 0 0 0 0 1e-06
1.49006 -9.8186 2.45956 1e-06 -0.219766 0.0455186 0.0348573 0.227121 1968 0 0 0 0 1e-06
-4.64165 -4.95468 2.62774 1e-06 -0.181666 0.0826303 0.138761 0.243074 1970 0 0 0 0 1e-06
-8.41881 1.48351 3.81202 1e-06 -0.0643012 0.128412 0.305088 0.337198 1972 0 0 0 0 1e-06
8.57625 13.727 2.27977 1e-06 -0.137063 -0.0666546 -0.0410515 0.157843 1974 0 0 0 0 1e-06
-7.88046 8.7618 4.42117 1e-06 -0.0279301 0.0842957 0.310709 0.32315 1980 0 0 0 0 1e-06
-11.1788 1.53074 4.28242 1e-06 -0.0495859 0.0560757 0.302647 0.311766 1983 0 0 0 0 1e-06
-15.2144 -12.6494 4.82746 1e-06 -0.0573527 0.0373215 0.332784 0.339747 1985 0 0 0 0 1e-06
-12.5525 -13.8134 4.14742 1e-06 -0.107737 0.0886937 0.231986 0.270723 1986 0 0 0 0 1e-06
-11.803 11.429 6.07292 1e-06 0.0196 0.0260901 0.35556 0.357054 1987 0 0 0 0 1e-06
-2.54622 -6.4831 5.11172 1e-06 -0.112725 0.0455366 0.104724 0.16046 1990 0 0 0 0 1e-06
-13.7646 -5.99063 6.45802 1e-06 0.00316774 0.0275031 0.2754 0.276788 1993 0 0 0 0 1e-06
-10.4117 3.85431 7.49406 1e-06 0.0411668 0.0372231 0.389061 0.392999 1994 0 0 0 0 1e-06
5.37205 -14.9976 5.2961 1e-06 -0.0936557 0.071091 -0.231707 0.259834 1998 0 0 0 0 1e-06
-4.67292 0.132812 7.68285 1e-06 0.0410693 0.0486903 0.274728 0.282016 1999 0 0 0 0 1e-06
-12.6411 10.3845 8.61056 1e-06 0.0727917 0.00732125 0.354249 0.361724 2000 0 0 0 0 1e-06
-14.5985 -8.02166 8.41778 1e-06 0.0484967 0.00241705 0.291505 0.295521 2002 0 0 0 0 1e-06
-15.4791 -0.0135699 8.69235 1e-06 0.0380852 -0.0161529 0.243532 0.24702 2006 0 0 0 0 1e-06
-3.11604 6.87365 8.42386 1e-06 0.0812086 0.0272619 0.184247 0.203187 2007 0 0 0 0 1e-06
-6.30387 11.8137 8.81248 1e-06 0.108073 0.0533252 0.269136 0.294886 2010 0 0 0 0 1e-06
-5.9795 -1.23814 8.89178 1e-06 0.0826213 0.0400683 0.259845 0.275592 2011 0 0 0 0 1e-06
-5.12359 -13.5547 8.55175 1e-06 -0.0112753 0.0118925 0.0923516 0.0937943 2012 0 0 0 0 1e-06
-12.4715 10.1915 9.75249 1e-06 0.0888171 0.00264065 0.306146 0.31878 2013 0 0 0 0 1e-06
-15.2398 -10.2259 10.6753 1e-06 0.10696 -0.0232987 0.338659 0.355912 2015 0 0 0 0 1e-06
-5.44179 4.41135 10.3174 1e-06 0.156382 0.0567818 0.271556 0.318469 2016 0 0 0 0 1e-06
11.6582 5.51434 8.76719 1e-06 0.0751094 -0.0226636 -0.257462 0.26915 2017 0 0 0 0 1e-06
-8.95261 -7.1303 10.4553 1e-06 0.115296 0.0354306 0.178104 0.215104 2020 0 0 0 0 1e-06
-12.4391 7.09543 11.1528 1e-06 0.0914149 -0.00641882 0.18835 0.20946 2021 0 0 0 0 1e-06
-6.84476 4.32976 11.4462 1e-06 0.160689 0.049467 0.253598 0.304269 2022 0 0 0 0 1e-06
-10.8869 -12.7624 11.955 1e-06 0.176849 0.0170334 0.252454 0.308705 2024 0 0 0 0 1e-06
-9.1722 -8.13742 11.861 1e-06 0.17263 0.0253342 0.194201 0.261069 2025 0 0 0 0 1e-06
7.93412 -15.277 10.5509 1e-06 0.111903 0.0297017 -0.272382 0.295967 2027 0 0 0 0 1e-06
0.712102 -2.13027 11.3138 1e-06 0.099386 -0.0889447 0.00474764 0.133459 2028 0 0 0 0 1e-06
8.67504 4.1146 11.0774 1e-06 0.147781 -0.0637838 -0.195349 0.253118 2029 0 0 0 0 1e-06
-15.1323 1.44465 12.652 1e-06 0.114923 -0.034759 0.236056 0.264836 2030 0 0 0 0 1e-06
-2.86393 -3.32383 12.5006 1e-06 0.177705 -0.0339134 0.0976229 0.205571 2031 0 0 0 0 1e-06
-11.6422 15.1678 13.5702 1e-06 0.158538 0.00465751 0.309335 0.347627 2032 0 0 0 0 1e-06
-13.6634 -4.83883 13.6352 1e-06 0.151932 -0.0543082 0.219002 0.272019 2034 0 0 0 0 1e-06
-6.87388 7.08331 15.1041 1e-06 0.222684 -0.0270678 0.232311 0.322939 2037 0 0 0 0 1e-06
12.6244 12.105 13.8285 1e-06 0.244095 -0.0495507 -0.232688 0.340854 2039 0 0 0 0 1e-06
-14.8193 2.85878 16.3206 1e-06 0.191038 -0.00937656 0.290366 0.347701 2040 0 0 0 0 1e-06
-3.08035 11.1495 16.2444 1e-06 0.286068 -0.0391361 0.201546 0.352119 2041 0 0 0 0 1e-06
-9.29107 11.8511 16.5227 1e-06 0.211581 -0.0373259 0.242882 0.32427 2043 0 0 0 0 1e-06
8.42438 -13.8675 16.3062 1e-06 0.224719 -0.0811957 -0.256383 0.350462 2047 0 0 0 0 1e-06
-14.485 -11.0591 18.7099 1e-06 0.231449 -0.0616642 0.263739 0.356272 2049 0 0 0 0 1e-06
0.54776 2.47318 18.2155 1e-06 0.336549 -0.0543619 0.0229466 0.341683 2052 0 0 0 0 1e-06
-1.83441 6.93256 19.3591 1e-06 0.316353 -0.0760798 0.155047 0.360426 2054 0 0 0 0 1e-06
6.43838 -10.4017 18.425 1e-06 0.28932 -0.0994095 -0.186947 0.358521 2055 0 0 0 0 1e-06
-6.21585 0.740691 19.7546 1e-06 0.298734 -0.0855793 0.120732 0.33338 2059 0 0 0 0 1e-06
10.9725 -13.5044 18.935 1e-06 0.226908 -0.071904 -0.205481 0.314452 2060 0 0 0 0 1e-06
13.3298 2.77135 18.9997 1e-06 0.257424 -0.102753 -0.185852 0.333716 2061 0 0 0 0 1e-06
5.75351 5.23476 20.2445 1e-06 0.340025 -0.115534 -0.0294703 0.360324 2063 0 0 0 0 1e-06
8.58826 8.29604 20.5846 1e-06 0.32714 -0.117194 -0.0632167 0.353202 2067 0 0 0 0 1e-06
8.28141 1.44039 19.9626 1e-06 0.312964 -0.119994 -0.150515 0.367423 2069 0 0 0 0 1e-06
3.97443 0.0865033 20.4309 1e-06 0.344842 -0.114833 -0.0361788 0.365256 2070 0 0 0 0 1e-06
6.53168 -7.98319 20.5056 1e-06 0.304264 -0.108136 -0.0350183 0.324802 2072 0 0 0 0 1e-06
13.0658 6.1294 20.4253 1e-06 0.282471 -0.106277 -0.165349 0.34413 2074 0 0 0 0 1e-06
11.7678 -6.32992 20.2735 1e-06 0.250139 -0.0934037 -0.186846 0.325892 2075 0 0 0 0 1e-06
12.3491 -12.3721 20.0961 1e-06 0.248347 -0.0441045 -0.283394 0.379386 2076 0 0 0 0 1e-06
11.4892 -12.8191 19.8587 1e-06 0.243815 -0.0582177 -0.286324 0.380548 2077 0 0 0 0 1e-06
-5.14993 10.9149 -1.54947 1e-06 -0.168029 0.10981 0.265776 0.33306 2080 0 0 0 0 1e-06
-1.97274 1.42487 -1.28283 1e-06 -0.234192 0.173363 0.228194 0.370099 2084 0 0 0 0 1e-06
-6.52952 13.8093 -0.622622 1e-06 -0.152629 0.0994558 0.338974 0.384825 2086 0 0 0 0 1e-06
-7.96713 6.54747 -0.812807 1e-06 -0.167036 0.0862404 0.231592 0.298284 2087 0 0 0 0 1e-06
-9.53408 -13.1731 -0.772239 1e-06 -0.251573 0.114549 0.143738 0.311562 2088 0 0 0 0 1e-06
-8.77915 -14.049 -0.565225 1e-06 -0.237407 0.125712 0.207938 0.339711 2089 0 0 0 0 1e-06
-15.0496 -0.510717 -0.500367 1e-06 -0.109546 0.0328462 0.248453 0.273511 2091 0 0 0 0 1e-06
-10.752 -12.6138 -0.180406 1e-06 -0.221239 0.0951123 0.140492 0.278803 2093 0 0 0 0 1e-06
0.128112 7.13765 -0.575589 1e-06 -0.18831 0.124813 0.158242 0.275826 2094 0 0 0 0 1e-06
-3.56768 13.1723 -0.0398558 1e-06 -0.13671 0.127341 0.171421 0.253555 2097 0 0 0 0 1e-06
0.994512 2.85554 -0.311369 1e-06 -0.214984 0.114831 0.0777791 0.255839 2098 0 0 0 0 1e-06
-9.84921 1.41745 0.929588 1e-06 -0.117672 0.0862901 0.337437 0.367636 2099 0 0 0 0 1e-06
-3.90049 12.044 1.25647 1e-06 -0.0898258 0.123626 0.318734 0.353473 2102 0 0 0 0 1e-06
-11.4488 7.3547 1.32936 1e-06 -0.098048 0.0465087 0.256999 0.278971 2104 0 0 0 0 1e-06
8.91999 -6.65238 -0.208718 1e-06 -0.222617 0.0964221 -0.219437 0.327121 2105 0 0 0 0 1e-06
1.05555 -8.74426 -0.0792495 1e-06 -0.268199 0.124734 -0.0719912 0.304421 2106 0 0 0 0 1e-06
0.925943 2.66014 0.75759 1e-06 -0.187298 0.09701 0.0522048 0.217295 2107 0 0 0 0 1e-06
15.3756 -11.6062 0.424139 1e-06 -0.127781 0.00223712 -0.252561 0.283055 2119 0 0 0 0 1e-06
5.7884 3.97403 1.60149 1e-06 -0.160633 0.0115511 -0.116167 0.198573 2120 0 0 0 0 1e-06
4.23929 0.792015 2.02301 1e-06 -0.173742 0.0398845 -0.0652744 0.189837 2122 0 0 0 0 1e-06
7.01111 -9.66256 2.07448 1e-06 -0.170475 0.101273 -0.188601 0.273657 2125 0 0 0 0 1e-06
5.87978 -6.3224 2.1063 1e-06 -0.195386 0.0593934 -0.124795 0.239326 2128 0 0 0 0 1e-06
-6.2421 -11.8446 2.91326 1e-06 -0.163672 0.0496196 0.186494 0.253043 2130 0 0 0 0 1e-06
-13.7576 -12.7846 4.02607 1e-06 -0.0896334 0.0609 0.255164 0.277221 2133 0 0 0 0 1e-06
9.36053 -14.3173 2.99624 1e-06 -0.113813 0.0845334 -0.203167 0.247742 2134 0 0 0 0 1e-06
-8.15853 15.4157 3.9066 1e-06 -0.0169678 0.0642893 0.28454 0.292206 2136 0 0 0 0 1e-06
7.76526 12.8205 2.96691 1e-06 -0.121528 -0.0745332 -0.0110952 0.142995 2137 0 0 0 0 1e-06
-2.8091 13.0167 3.53265 1e-06 -0.0533922 0.108972 0.19147 0.226686 2138 0 0 0 0 1e-06
-12.7783 12.462 4.72099 1e-06 0.00179423 0.0276247 0.324245 0.325425 2139 0 0 0 0 1e-06
-13.2928 6.87408 4.67945 1e-06 -0.0209677 0.0182638 0.332791 0.333951 2141 0 0 0 0 1e-06
-15.392 0.634225 4.30097 1e-06 -0.038022 0.00922416 0.31683 0.319237 2142 0 0 0 0 1e-06
-11.7283 -3.7845 4.68001 1e-06 -0.0210633 0.0766295 0.33578 0.345057 2143 0 0 0 0 1e-06
11.0135 -6.61026 2.928 1e-06 -0.137845 0.0658876 -0.188555 0.242684 2144 0 0 0 0 1e-06
3.43825 -8.51929 3.1137 1e-06 -0.20755 0.0288922 -0.184702 0.279332 2145 0 0 0 0 1e-06
9.38239 -8.8713 2.56661 1e-06 -0.149077 0.0906011 -0.228556 0.287525 2146 0 0 0 0 1e-06
-5.08535 -12.8017 3.59697 1e-06 -0.159762 0.0592384 0.0680719 0.183485 2147 0 0 0 0 1e-06
-13.9116 -10.8136 4.733 1e-06 -0.0496094 0.0538272 0.317269 0.325604 2148 0 0 0 0 1e-06
-3.36409 11.9617 4.60261 1e-06 -0.0111235 0.0976813 0.250341 0.268953 2150 0 0 0 0 1e-06
-5.47797 7.57058 5.31936 1e-06 -0.00493855 0.107195 0.348917 0.365045 2153 0 0 0 0 1e-06
-14.704 0.786888 5.28193 1e-06 -0.0189097 0.00740299 0.281812 0.282543 2156 0 0 0 0 1e-06
7.08582 -9.06294 4.22627 1e-06 -0.132505 0.0620171 -0.247728 0.287702 2158 0 0 0 0 1e-06
-1.43024 3.41079 5.56239 1e-06 -0.0310708 0.0130005 0.120616 0.125231 2161 0 0 0 0 1e-06
11.1379 -4.6016 4.20322 1e-06 -0.100878 0.0560285 -0.341439 0.360411 2162 0 0 0 0 1e-06
-12.9207 7.69029 6.38096 1e-06 -0.00424028 0.0186357 0.349591 0.350113 2163 0 0 0 0 1e-06
-0.686691 -5.0279 4.83234 1e-06 -0.140812 0.0213806 -0.0139106 0.143104 2165 0 0 0 0 1e-06
-9.74891 -7.88635 6.12665 1e-06 -0.0148687 0.0710281 0.308757 0.31717 2166 0 0 0 0 1e-06
11.1327 -1.69854 5.6817 1e-06 -0.0424187 0.0274244 -0.212602 0.21852 2168 0 0 0 0 1e-06
6.46876 0.00805107 6.02985 1e-06 -0.0423803 -0.0442636 -0.159692 0.171046 2173 0 0 0 0 1e-06
7.03458 -1.81785 6.01518 1e-06 -0.0618945 -0.0416311 -0.210623 0.223441 2174 0 0 0 0 1e-06
6.24976 -8.42199 6.19442 1e-06 -0.102665 0.0122182 -0.246629 0.267423 2177 0 0 0 0 1e-06
5.20626 -14.8051 6.0906 1e-06 -0.0870804 0.0532967 -0.302979 0.319719 2179 0 0 0 0 1e-06
-6.28971 10.4082 7.97499 1e-06 0.0810505 0.0738952 0.234335 0.258733 2180 0 0 0 0 1e-06
3.6519 -7.86416 6.78707 1e-06 -0.0751799 -0.0266477 -0.119565 0.143728 2182 0 0 0 0 1e-06
-6.30266 -15.3927 7.46808 1e-06 -0.0438706 0.0147137 0.0887316 0.100072 2183 0 0 0 0 1e-06
3.93905 -8.23801 6.75969 1e-06 -0.0867778 -0.0204232 -0.188039 0.208101 2185 0 0 0 0 1e-06
-14.0025 -8.87654 8.77725 1e-06 0.0863136 0.0155597 0.362323 0.372787 2186 0 0 0 0 1e-06
5.49549 -12.6388 6.3766 1e-06 -0.0874433 0.0391072 -0.301391 0.316247 2187 0 0 0 0 1e-06
7.81294 -15.1774 6.7216 1e-06 -0.0134415 0.0700667 -0.326518 0.334221 2188 0 0 0 0 1e-06
1.80349 3.43815 7.59913 1e-06 0.0211006 -0.0961238 0.0683628 0.119827 2189 0 0 0 0 1e-06
-12.5984 7.73791 8.96268 1e-06 0.072015 -0.000468932 0.344909 0.352348 2190 0 0 0 0 1e-06
-12.6815 -5.59034 8.79272 1e-06 0.0767826 0.0291279 0.258342 0.271081 2191 0 0 0 0 1e-06
-11.4021 -3.51228 8.87256 1e-06 0.0915413 0.0443864 0.298072 0.314955 2193 0 0 0 0 1e-06
-0.441096 -11.4478 7.66914 1e-06 -0.0345794 -0.0259792 -0.0614275 0.0751265 2195 0 0 0 0 1e-06
-0.587053 9.84056 8.60152 1e-06 0.091434 0.00250879 0.161958 0.186002 2197 0 0 0 0 1e-06
-11.0687 -4.61102 8.6913 1e-06 0.0771455 0.0579425 0.247313 0.265467 2198 0 0 0 0 1e-06
13.8063 -6.26253 7.55726 1e-06 0.0019086 -0.00835283 -0.42441 0.424497 2200 0 0 0 0 1e-06
14.7269 -12.0123 7.6824 1e-06 0.0042367 -0.0230923 -0.347773 0.348565 2201 0 0 0 0 1e-06
-14.9112 3.42346 10.6386 1e-06 0.0900129 -0.0198424 0.33189 0.344452 2205 0 0 0 0 1e-06
-9.47909 -8.20667 9.96441 1e-06 0.102878 0.0328046 0.207233 0.233679 2207 0 0 0 0 1e-06
11.2615 4.34578 8.99311 1e-06 0.074907 -0.024655 -0.270411 0.281676 2209 0 0 0 0 1e-06
-2.47466 -7.67352 9.87083 1e-06 0.0312271 -0.0511137 0.0249201 0.0648749 2210 0 0 0 0 1e-06
1.48873 12.7289 10.6737 1e-06 0.208093 0.0191122 0.182435 0.2774 2211 0 0 0 0 1e-06
-15.2683 1.90287 11.6645 1e-06 0.108964 -0.0307262 0.313747 0.333548 2212 0 0 0 0 1e-06
10.4259 -8.37896 10.3078 1e-06 0.0848343 0.013927 -0.346719 0.357218 2213 0 0 0 0 1e-06
7.29545 -13.494 10.7303 1e-06 0.113021 0.0254314 -0.290738 0.312968 2215 0 0 0 0 1e-06
-10.1516 13.6652 12.2596 1e-06 0.148854 -0.0257148 0.294074 0.330603 2216 0 0 0 0 1e-06
14.9023 9.4285 10.5225 1e-06 0.127252 -0.0239475 -0.298091 0.325 2217 0 0 0 0 1e-06
-10.7487 -12.5594 12.2068 1e-06 0.181147 0.0124123 0.197357 0.268176 2218 0 0 0 0 1e-06
-9.80685 15.4767 12.7425 1e-06 0.159162 -0.0282016 0.307596 0.347481 2219 0 0 0 0 1e-06
-15.0776 6.16826 13.1243 1e-06 0.144541 -0.00124613 0.322791 0.353677 2221 0 0 0 0 1e-06
10.4014 -2.8623 11.9248 1e-06 0.153603 -0.0203157 -0.209283 0.260396 2222 0 0 0 0 1e-06
-9.58461 3.6033 13.334 1e-06 0.181335 -0.0231924 0.313436 0.362853 2223 0 0 0 0 1e-06
-15.097 -2.11181 13.9302 1e-06 0.154902 -0.053592 0.30994 0.350613 2224 0 0 0 0 1e-06
-13.4369 13.6084 13.8551 1e-06 0.165598 0.0140705 0.343146 0.381274 2225 0 0 0 0 1e-06
-15.1074 12.3818 13.4548 1e-06 0.138556 0.0380983 0.08921 0.169138 2226 0 0 0 0 1e-06
-13.7215 -4.69711 13.8974 1e-06 0.163392 -0.0555628 0.259931 0.312007 2228 0 0 0 0 1e-06
-15.1624 -5.66881 13.7183 1e-06 0.155168 -0.0559907 0.26115 0.308887 2229 0 0 0 0 1e-06
-15.0521 -7.20352 14.2527 1e-06 0.163212 -0.0559362 0.340391 0.381619 2230 0 0 0 0 1e-06
-5.03041 -7.4977 13.5983 1e-06 0.245791 -0.0166444 0.161692 0.294677 2231 0 0 0 0 1e-06
-5.85241 10.33 14.718 1e-06 0.246769 -0.0282671 0.265467 0.363547 2233 0 0 0 0 1e-06
-2.89121 -4.4792 14.1566 1e-06 0.258889 -0.0196936 0.128082 0.289511 2234 0 0 0 0 1e-06
6.40537 -0.854191 13.6396 1e-06 0.215695 -0.0649647 -0.204098 0.303975 2235 0 0 0 0 1e-06
-7.22522 -3.30924 15.1071 1e-06 0.271246 -0.0146362 0.214169 0.345915 2236 0 0 0 0 1e-06
1.95173 5.83407 14.7222 1e-06 0.300975 -0.0206598 0.0305312 0.303224 2237 0 0 0 0 1e-06
-8.87376 1.27386 15.1473 1e-06 0.225193 -0.0356466 0.244463 0.334283 2238 0 0 0 0 1e-06
12.3538 12.2663 14.2117 1e-06 0.248363 -0.0506671 -0.252078 0.357483 2239 0 0 0 0 1e-06
14.8663 10.7424 14.9166 1e-06 0.243286 -0.0929987 -0.0752734 0.271115 2240 0 0 0 0 1e-06
-4.63819 7.22748 15.6159 1e-06 0.263253 -0.0301988 0.184503 0.322886 2241 0 0 0 0 1e-06
0.984198 9.69614 15.9153 1e-06 0.313154 -0.0268265 0.151253 0.348801 2243 0 0 0 0 1e-06
-8.26384 9.18038 16.2583 1e-06 0.227565 -0.0478722 0.285945 0.368567 2244 0 0 0 0 1e-06
-4.53081 -3.79095 16.0007 1e-06 0.307737 -0.0160688 0.110898 0.327504 2245 0 0 0 0 1e-06
3.71756 0.958607 15.5239 1e-06 0.313425 -0.0450692 -0.0819467 0.327081 2246 0 0 0 0 1e-06
14.7504 -9.2244 15.1 1e-06 0.162284 -0.0746381 -0.278864 0.331168 2247 0 0 0 0 1e-06
13.6728 -8.22218 15.6952 1e-06 0.179141 -0.0820112 -0.23628 0.307646 2249 0 0 0 0 1e-06
8.29366 -9.13509 15.8606 1e-06 0.244394 -0.0589178 -0.267795 0.367307 2250 0 0 0 0 1e-06
-4.90908 15.2328 18.7855 1e-06 0.275192 -0.0524804 0.267682 0.387477 2253 0 0 0 0 1e-06
-3.06789 3.11784 18.5965 1e-06 0.322418 -0.0755944 0.182793 0.378261 2256 0 0 0 0 1e-06
11.7161 11.0961 18.3724 1e-06 0.302344 -0.105184 -0.133405 0.346803 2258 0 0 0 0 1e-06
0.3794 2.73023 18.8786 1e-06 0.339615 -0.0751438 0.0491278 0.351281 2259 0 0 0 0 1e-06
-9.2444 12.0437 19.7524 1e-06 0.251572 -0.0209073 0.173922 0.306553 2261 0 0 0 0 1e-06
-6.86981 0.595208 19.7148 1e-06 0.293556 -0.0851779 0.116676 0.327175 2262 0 0 0 0 1e-06
4.51709 -11.0801 18.8365 1e-06 0.309939 -0.085133 -0.201116 0.379154 2264 0 0 0 0 1e-06
3.02807 13.4837 19.4074 1e-06 0.346835 -0.0892853 0.062584 0.36357 2266 0 0 0 0 1e-06
6.99302 0.562233 18.9175 1e-06 0.320443 -0.102501 -0.162228 0.373508 2267 0 0 0 0 1e-06
-11.9943 -6.50446 20.4094 1e-06 0.27099 -0.0483784 0.210221 0.346365 2269 0 0 0 0 1e-06
13.0944 2.74633 20.2689 1e-06 0.26957 -0.100255 -0.118042 0.310891 2272 0 0 0 0 1e-06
12.9533 -5.36285 20.5346 1e-06 0.246906 -0.0801317 -0.220513 0.340602 2273 0 0 0 0 1e-06
9.599 -9.10913 20.2703 1e-06 0.258063 -0.0975926 -0.193357 0.336909 2274 0 0 0 0 1e-06
-9.30505 -12.5686 20.776 1e-06 0.294446 -0.0996211 -0.0186257 0.3114 2277 0 0 0 0 1e-06
10.1678 10.2587 20.5519 1e-06 0.327317 -0.111703 -0.121985 0.366734 2278 0 0 0 0 1e-06
4.89906 -3.4989 20.6874 1e-06 0.337374 -0.127026 -0.140874 0.387043 2279 0 0 0 0 1e-06
9.96184 -3.71774 20.4845 1e-06 0.276577 -0.111036 -0.171134 0.343672 2280 0 0 0 0 1e-06
3.7003 -5.15007 20.4937 1e-06 0.338841 -0.115608 -0.182474 0.40184 2282 0 0 0 0 1e-06
