TITLE = "B000003"
VARIABLES = "x[mm]" "y[mm]" "z[mm]" "I" "Vx[m/s]" "Vy[m/s]" "Vz[m/s]" "|V|[m/s]" "trackID" "Ax[m/s²]" "Ay[m/s²]" "Az[m/s²]" "|A|[m/s²]" "Absolute intensity[]"
ZONE T="Snapshot 0003"
STRANDID=1, SOLUTIONTIME=None
I=1426, J=1, K=1, ZONETYPE=Ordered
DATAPACKING=POINT
-5.31545 7.81647 -1.69071 1e-06 -0.204596 0.122464 0.0914953 0.255398 3 0 0 0 0 1e-06
-3.76466 13.7199 -1.06028 1e-06 -0.156999 0.120931 0.242144 0.312901 5 0 0 0 0 1e-06
-8.46651 -7.18798 -0.444874 1e-06 -0.201695 0.132539 0.20391 0.315954 10 0 0 0 0 1e-06
-1.64023 -15.214 -0.794742 1e-06 -0.27369 0.16086 0.110091 0.33601 14 0 0 0 0 1e-06
-2.57516 15.2941 -0.463318 1e-06 -0.154495 0.132717 0.224713 0.303279 15 0 0 0 0 1e-06
-14.7633 13.3761 0.327827 1e-06 -0.0764102 0.0832806 0.231582 0.25769 18 0 0 0 0 1e-06
2.84319 11.1992 -0.556212 1e-06 -0.205722 0.0660881 0.126695 0.250481 20 0 0 0 0 1e-06
-10.7241 10.902 -0.0571999 1e-06 -0.123756 0.058527 0.0904865 0.1641 21 0 0 0 0 1e-06
-2.22311 9.75028 -0.333791 1e-06 -0.161319 0.139348 0.138054 0.25397 22 0 0 0 0 1e-06
5.87829 9.31859 -1.20971 1e-06 -0.232953 0.0698783 0.140734 0.280991 23 0 0 0 0 1e-06
6.19868 8.80216 -1.46059 1e-06 -0.238952 0.079286 -0.056085 0.257934 24 0 0 0 0 1e-06
-1.36853 8.62728 -0.522281 1e-06 -0.177799 0.138859 0.150859 0.27139 25 0 0 0 0 1e-06
6.03525 7.48368 -0.859079 1e-06 -0.232781 0.0778484 0.0384952 0.248453 27 0 0 0 0 1e-06
-10.8702 7.28199 0.198188 1e-06 -0.130892 0.0527918 0.206113 0.249804 28 0 0 0 0 1e-06
-11.871 5.87156 -0.0955676 1e-06 -0.128979 0.039625 0.229362 0.266107 29 0 0 0 0 1e-06
-1.8531 6.07282 -0.517716 1e-06 -0.186931 0.154388 0.135943 0.277956 30 0 0 0 0 1e-06
0.536645 5.08749 -0.435467 1e-06 -0.198458 0.121357 0.113801 0.258966 31 0 0 0 0 1e-06
-11.1042 3.57395 0.134754 1e-06 -0.135315 0.0535032 0.264922 0.302252 32 0 0 0 0 1e-06
-5.6042 1.18291 -0.0970054 1e-06 -0.168331 0.151321 0.172214 0.284414 33 0 0 0 0 1e-06
-10.9443 0.806662 -0.203388 1e-06 -0.160393 0.0677095 0.182359 0.252122 34 0 0 0 0 1e-06
-12.938 0.613965 -0.109688 1e-06 -0.141467 0.0383976 0.157433 0.215111 36 0 0 0 0 1e-06
1.44865 -0.715172 -0.95152 1e-06 -0.25319 0.138511 0.045136 0.292109 38 0 0 0 0 1e-06
-10.6128 -3.03837 -0.094037 1e-06 -0.145973 0.0893962 0.254422 0.306644 40 0 0 0 0 1e-06
8.51678 -3.80925 -1.50444 1e-06 -0.241305 0.104324 -0.240043 0.355994 44 0 0 0 0 1e-06
-9.69768 -3.82348 0.030182 1e-06 -0.15247 0.112859 0.209902 0.282919 45 0 0 0 0 1e-06
4.32192 -5.29452 -1.05576 1e-06 -0.274175 0.154971 0.0932917 0.328468 47 0 0 0 0 1e-06
-15.0118 -5.55781 0.407266 1e-06 -0.117827 0.0353578 0.300772 0.324957 48 0 0 0 0 1e-06
2.06609 -5.52293 -1.15261 1e-06 -0.270215 0.141641 0.0421403 0.307984 49 0 0 0 0 1e-06
-6.00985 -6.53239 -0.376791 1e-06 -0.223801 0.162172 0.195697 0.33865 50 0 0 0 0 1e-06
-14.5146 -6.76235 0.206552 1e-06 -0.137803 0.0401795 0.197619 0.244248 51 0 0 0 0 1e-06
4.906 -9.50573 -0.883987 1e-06 -0.265702 0.138265 -0.114204 0.320558 52 0 0 0 0 1e-06
-1.53513 -10.1192 -0.675294 1e-06 -0.2702 0.147446 0.0733592 0.316433 53 0 0 0 0 1e-06
-1.2084 -13.8244 -0.76034 1e-06 -0.271947 0.155468 -0.0118831 0.313475 55 0 0 0 0 1e-06
-11.457 -15.3 -0.101962 1e-06 -0.231197 0.0870187 0.123145 0.276024 58 0 0 0 0 1e-06
4.9073 -15.3407 -0.67377 1e-06 -0.2453 0.127127 -0.144092 0.311602 59 0 0 0 0 1e-06
-14.9883 -13.1064 0.201826 1e-06 -0.169982 0.0355881 0.19401 0.260385 61 0 0 0 0 1e-06
4.36982 15.1959 -0.495996 1e-06 -0.198414 0.0227672 0.0801829 0.215211 62 0 0 0 0 1e-06
8.51481 14.4799 -1.00528 1e-06 -0.22304 0.0402863 -0.0438215 0.230847 64 0 0 0 0 1e-06
8.88205 13.7473 -0.805164 1e-06 -0.21445 0.0342708 -0.150203 0.264053 65 0 0 0 0 1e-06
-4.81366 13.4412 0.0379248 1e-06 -0.127615 0.115588 0.210425 0.271892 66 0 0 0 0 1e-06
9.89223 12.1336 -0.988398 1e-06 -0.227334 0.0438961 -0.0487543 0.236611 68 0 0 0 0 1e-06
-11.0917 11.4646 0.315836 1e-06 -0.104888 0.053547 0.201534 0.23342 69 0 0 0 0 1e-06
9.62019 11.3085 -0.855467 1e-06 -0.231163 0.0499351 -0.0686227 0.24625 70 0 0 0 0 1e-06
4.65078 10.0384 -0.451064 1e-06 -0.197002 0.0526996 0.0553698 0.211313 72 0 0 0 0 1e-06
-13.9307 9.96264 0.440536 1e-06 -0.0887714 0.0490261 0.28156 0.299265 73 0 0 0 0 1e-06
-11.3947 9.6481 0.680339 1e-06 -0.0945887 0.0479567 0.239809 0.262212 74 0 0 0 0 1e-06
-14.148 8.65341 0.148897 1e-06 -0.0986097 0.0487754 0.151781 0.187458 77 0 0 0 0 1e-06
-7.87458 8.24718 0.443765 1e-06 -0.121127 0.0883587 0.292576 0.328755 78 0 0 0 0 1e-06
-14.196 6.81993 0.803738 1e-06 -0.0828169 0.038385 0.291254 0.305223 79 0 0 0 0 1e-06
-5.75573 6.8762 0.411205 1e-06 -0.12979 0.133599 0.28903 0.34385 80 0 0 0 0 1e-06
7.33008 6.1087 -1.00597 1e-06 -0.249295 0.0929749 -0.0454565 0.269924 82 0 0 0 0 1e-06
1.1198 4.59871 -0.186826 1e-06 -0.190932 0.0959942 0.0907821 0.232188 84 0 0 0 0 1e-06
1.24415 4.21362 -0.278756 1e-06 -0.206378 0.10458 0.0563868 0.238135 85 0 0 0 0 1e-06
-6.82744 4.05558 0.385601 1e-06 -0.142144 0.139342 0.159602 0.255135 86 0 0 0 0 1e-06
-4.6263 4.08839 0.0274332 1e-06 -0.168771 0.156266 0.293674 0.373024 87 0 0 0 0 1e-06
-8.25353 2.64025 0.734631 1e-06 -0.131759 0.113655 0.271549 0.322516 89 0 0 0 0 1e-06
-3.12086 2.17442 0.227035 1e-06 -0.177524 0.161006 0.182445 0.301204 90 0 0 0 0 1e-06
-11.9537 1.84948 0.420034 1e-06 -0.124567 0.0464954 0.251002 0.284044 91 0 0 0 0 1e-06
-6.96167 1.85915 0.373937 1e-06 -0.136482 0.140133 0.289561 0.349443 92 0 0 0 0 1e-06
-0.359277 0.554019 -0.149783 1e-06 -0.219595 0.119158 0.0821564 0.263003 96 0 0 0 0 1e-06
-15.4894 -0.172723 0.523441 1e-06 -0.103669 0.0265655 0.166045 0.197545 97 0 0 0 0 1e-06
0.402476 -4.05009 -0.822046 1e-06 -0.256963 0.137138 -0.0452368 0.29476 104 0 0 0 0 1e-06
1.09435 -4.26881 -0.813718 1e-06 -0.260849 0.135955 0.0223534 0.295001 105 0 0 0 0 1e-06
-7.5418 -5.67633 0.0727571 1e-06 -0.190028 0.144083 0.145323 0.279266 106 0 0 0 0 1e-06
-3.5193 -6.85696 -0.0233596 1e-06 -0.225019 0.124251 0.0819551 0.269794 107 0 0 0 0 1e-06
4.42994 -7.03271 -0.734465 1e-06 -0.272154 0.135179 -0.0949202 0.318356 108 0 0 0 0 1e-06
-2.25186 -7.31398 -0.684445 1e-06 -0.266372 0.143642 -0.0901915 0.315788 109 0 0 0 0 1e-06
-5.21862 -7.33423 -0.00765156 1e-06 -0.210141 0.136794 0.127104 0.281118 110 0 0 0 0 1e-06
-3.29583 -7.70264 0.0493497 1e-06 -0.232309 0.119147 0.10954 0.28313 112 0 0 0 0 1e-06
7.0822 -8.23914 -0.695729 1e-06 -0.244813 0.110416 -0.153165 0.309168 113 0 0 0 0 1e-06
-14.3035 -8.38137 0.506454 1e-06 -0.150394 0.0419275 0.192461 0.247826 114 0 0 0 0 1e-06
-12.8634 -8.46872 0.410204 1e-06 -0.154728 0.065108 0.244978 0.296975 115 0 0 0 0 1e-06
-12.7894 -8.76674 0.490563 1e-06 -0.150929 0.0687048 0.255997 0.305015 117 0 0 0 0 1e-06
1.76385 -9.86418 -0.65357 1e-06 -0.275085 0.144328 -0.0897275 0.323347 118 0 0 0 0 1e-06
-10.4435 -11.0485 0.213014 1e-06 -0.203647 0.10726 0.160229 0.280447 119 0 0 0 0 1e-06
1.79808 -11.0623 -0.400635 1e-06 -0.267049 0.140316 -0.0789037 0.311817 120 0 0 0 0 1e-06
8.11507 -12.593 -0.547813 1e-06 -0.2238 0.0931295 -0.143372 0.28163 122 0 0 0 0 1e-06
3.55537 -14.6604 -0.264362 1e-06 -0.251525 0.151947 -0.0439953 0.297133 124 0 0 0 0 1e-06
-9.11739 -15.3766 0.148937 1e-06 -0.227175 0.126075 0.207223 0.332332 127 0 0 0 0 1e-06
-4.06783 -15.5871 -0.00356418 1e-06 -0.249096 0.132382 0.0269031 0.283369 128 0 0 0 0 1e-06
14.0693 13.7621 -0.801896 1e-06 -0.183333 0.0277645 -0.0563347 0.193792 130 0 0 0 0 1e-06
11.4387 12.9311 -0.81467 1e-06 -0.20507 0.0361767 -0.127569 0.244205 131 0 0 0 0 1e-06
-13.5245 12.8758 0.941126 1e-06 -0.0639694 0.0480515 0.312768 0.322839 132 0 0 0 0 1e-06
1.75482 10.661 0.100675 1e-06 -0.17837 0.0597581 0.120401 0.223346 133 0 0 0 0 1e-06
-5.70232 9.4198 0.525195 1e-06 -0.127525 0.11837 0.244406 0.300014 134 0 0 0 0 1e-06
-5.44815 8.07524 0.448013 1e-06 -0.127702 0.127637 0.217703 0.282832 135 0 0 0 0 1e-06
-9.79754 7.34712 0.694787 1e-06 -0.130094 0.066038 0.224014 0.267334 136 0 0 0 0 1e-06
-8.64096 6.69072 0.766413 1e-06 -0.128839 0.0826929 0.296191 0.333416 137 0 0 0 0 1e-06
-4.89464 5.88428 0.459478 1e-06 -0.147969 0.149925 0.0662153 0.220809 138 0 0 0 0 1e-06
-0.955676 5.69585 0.198602 1e-06 -0.166965 0.137132 0.14755 0.261636 139 0 0 0 0 1e-06
13.5834 2.27195 -1.05895 1e-06 -0.201903 0.0368864 -0.227818 0.306637 142 0 0 0 0 1e-06
5.49436 -5.24958 -0.640689 1e-06 -0.251342 0.125561 -0.0852614 0.293612 146 0 0 0 0 1e-06
1.63256 -6.22157 -0.435379 1e-06 -0.257239 0.128882 -0.0605219 0.294016 147 0 0 0 0 1e-06
-8.05363 -6.49157 0.530023 1e-06 -0.174381 0.143039 0.137464 0.264132 148 0 0 0 0 1e-06
-6.88578 -7.25232 0.550458 1e-06 -0.199916 0.146136 0.0623963 0.255373 150 0 0 0 0 1e-06
-5.10015 -7.46077 0.640603 1e-06 -0.191026 0.106998 0.177261 0.28171 151 0 0 0 0 1e-06
-10.331 -12.8644 0.930627 1e-06 -0.19737 0.120532 0.302169 0.380511 153 0 0 0 0 1e-06
5.82175 12.9738 -0.101005 1e-06 -0.194453 0.0387423 0.0189926 0.199183 154 0 0 0 0 1e-06
1.57351 9.40378 0.345516 1e-06 -0.151433 0.0638504 0.142034 0.217215 155 0 0 0 0 1e-06
-8.2005 4.27597 1.27531 1e-06 -0.109233 0.107314 0.338382 0.371417 157 0 0 0 0 1e-06
5.95459 2.19789 -0.441528 1e-06 -0.243166 0.111685 -0.0623176 0.274748 158 0 0 0 0 1e-06
-7.6228 -0.600275 0.768335 1e-06 -0.128942 0.138414 0.256113 0.3184 159 0 0 0 0 1e-06
0.539048 -11.1231 0.134736 1e-06 -0.253145 0.115 -0.0464149 0.281889 161 0 0 0 0 1e-06
-8.11536 -11.1835 0.651259 1e-06 -0.199302 0.12966 0.182615 0.299802 162 0 0 0 0 1e-06
-12.9001 11.6525 1.72263 1e-06 -0.0607031 0.0428018 0.362196 0.369733 165 0 0 0 0 1e-06
2.11522 11.3672 0.812945 1e-06 -0.158454 0.0307646 0.165034 0.230847 166 0 0 0 0 1e-06
6.61027 11.0801 -0.0507462 1e-06 -0.210542 0.0347905 0.00300594 0.213419 168 0 0 0 0 1e-06
-0.335486 11.1363 0.991818 1e-06 -0.13092 0.0748813 0.289063 0.326043 169 0 0 0 0 1e-06
-3.47958 10.3404 1.09386 1e-06 -0.117505 0.129998 0.214521 0.276995 170 0 0 0 0 1e-06
9.99207 9.68262 -0.516658 1e-06 -0.222031 0.0535356 -0.158858 0.278207 171 0 0 0 0 1e-06
-14.4542 9.38643 1.3764 1e-06 -0.0597009 0.0426016 0.316581 0.324966 172 0 0 0 0 1e-06
-9.91937 8.87334 1.70615 1e-06 -0.0790623 0.0567128 0.384947 0.397054 173 0 0 0 0 1e-06
12.3748 8.60962 -0.59869 1e-06 -0.205494 0.0550082 -0.123876 0.246168 174 0 0 0 0 1e-06
3.00435 6.43965 0.134021 1e-06 -0.191156 0.0687165 0.058144 0.21129 176 0 0 0 0 1e-06
3.72891 4.34519 0.111797 1e-06 -0.202202 0.0844514 0.0633256 0.228096 178 0 0 0 0 1e-06
-2.75019 3.76354 0.798691 1e-06 -0.163262 0.148024 -0.02361 0.221637 180 0 0 0 0 1e-06
14.9681 2.7007 -1.16118 1e-06 -0.186441 0.00286509 -0.432251 0.470755 181 0 0 0 0 1e-06
-11.114 2.41912 1.06964 1e-06 -0.123665 0.0577372 0.271351 0.30374 182 0 0 0 0 1e-06
-0.540619 2.18743 0.45263 1e-06 -0.190738 0.114796 0.0548175 0.229268 184 0 0 0 0 1e-06
2.43887 1.23574 0.278404 1e-06 -0.218508 0.108942 0.0301093 0.24601 185 0 0 0 0 1e-06
-7.13548 0.837051 1.14285 1e-06 -0.125529 0.142262 0.394524 0.437773 186 0 0 0 0 1e-06
-13.662 -0.635752 1.24248 1e-06 -0.0934247 0.0301334 0.352911 0.366309 187 0 0 0 0 1e-06
0.989228 -1.14443 0.169339 1e-06 -0.240606 0.121864 0.0356356 0.272052 188 0 0 0 0 1e-06
15.1608 -1.76649 -0.778267 1e-06 -0.185048 -0.0152406 -0.159815 0.244982 189 0 0 0 0 1e-06
13.0544 -1.93433 -0.540556 1e-06 -0.207148 0.0378198 -0.231143 0.312678 190 0 0 0 0 1e-06
10.2196 -2.80275 -0.205296 1e-06 -0.209537 0.0873798 -0.19464 0.299041 191 0 0 0 0 1e-06
5.74829 -2.90271 0.02569 1e-06 -0.236367 0.11013 -0.107783 0.282162 192 0 0 0 0 1e-06
-2.40382 -3.26854 0.882882 1e-06 -0.225442 0.110645 0.14577 0.290371 194 0 0 0 0 1e-06
-10.4983 -3.55906 1.22273 1e-06 -0.118433 0.106396 0.273575 0.316527 195 0 0 0 0 1e-06
-3.75634 -3.92331 0.616294 1e-06 -0.22903 0.116742 0.0899071 0.272336 196 0 0 0 0 1e-06
-13.1226 -4.45317 1.2748 1e-06 -0.104263 0.0465771 0.314852 0.334921 197 0 0 0 0 1e-06
-7.64372 -5.15632 0.657599 1e-06 -0.17829 0.1477 0.128165 0.264629 200 0 0 0 0 1e-06
13.5668 -6.87393 -0.574669 1e-06 -0.188933 -0.00276531 -0.288057 0.3445 201 0 0 0 0 1e-06
9.17974 -7.0995 -0.127842 1e-06 -0.222474 0.0922209 -0.198601 0.312157 203 0 0 0 0 1e-06
11.5237 -7.39471 -0.250312 1e-06 -0.207346 0.0500875 -0.287103 0.357671 204 0 0 0 0 1e-06
-0.902333 -7.27083 0.159158 1e-06 -0.248492 0.112422 0.0340227 0.274854 205 0 0 0 0 1e-06
-14.2129 -7.43965 1.21324 1e-06 -0.130612 0.0411624 0.251173 0.28608 206 0 0 0 0 1e-06
-12.9383 -10.5693 1.39948 1e-06 -0.13443 0.07443 0.329851 0.363886 207 0 0 0 0 1e-06
2.19355 -10.6679 0.468605 1e-06 -0.240882 0.103812 -0.135217 0.295101 208 0 0 0 0 1e-06
-3.24192 -10.784 0.559593 1e-06 -0.235404 0.0989149 0.0246892 0.256532 209 0 0 0 0 1e-06
5.69224 -11.7956 0.0808634 1e-06 -0.233571 0.133923 -0.165675 0.316132 210 0 0 0 0 1e-06
-6.45202 -11.9888 0.784832 1e-06 -0.213019 0.125603 0.132787 0.280687 211 0 0 0 0 1e-06
12.1015 -12.9043 -0.459587 1e-06 -0.176208 0.0330871 -0.183233 0.256356 213 0 0 0 0 1e-06
-6.81805 -12.6221 0.799851 1e-06 -0.219239 0.129669 0.155634 0.298499 214 0 0 0 0 1e-06
7.52866 -13.2188 0.0356974 1e-06 -0.224428 0.110523 -0.199846 0.32019 215 0 0 0 0 1e-06
-15.4232 -15.0056 1.28275 1e-06 -0.159302 0.0380243 0.29172 0.33455 218 0 0 0 0 1e-06
12.6446 14.6821 -0.0977424 1e-06 -0.183404 0.0256165 -0.197266 0.270568 219 0 0 0 0 1e-06
15.2653 13.0085 0.0158433 1e-06 -0.164111 0.00331013 -0.223109 0.276986 220 0 0 0 0 1e-06
12.5969 12.9909 0.254545 1e-06 -0.179466 0.0245513 -0.178767 0.254496 221 0 0 0 0 1e-06
-8.04348 12.1631 1.65874 1e-06 -0.0709294 0.0757746 0.366804 0.381206 223 0 0 0 0 1e-06
1.73951 10.43 1.41937 1e-06 -0.155848 0.0322513 0.267128 0.310944 227 0 0 0 0 1e-06
13.3482 8.99636 -0.179909 1e-06 -0.18451 0.0443751 -0.210955 0.283752 229 0 0 0 0 1e-06
-13.0846 8.47776 2.09381 1e-06 -0.0692559 0.035898 0.325899 0.335105 230 0 0 0 0 1e-06
-10.0575 7.41 1.53182 1e-06 -0.10831 0.06127 0.299122 0.323974 231 0 0 0 0 1e-06
3.93236 5.77787 0.560259 1e-06 -0.181435 0.059446 0.0480294 0.196874 232 0 0 0 0 1e-06
-15.296 5.06208 2.02284 1e-06 -0.0730102 0.0283074 0.326891 0.33614 234 0 0 0 0 1e-06
8.89961 4.36044 -0.048985 1e-06 -0.206108 0.0901355 -0.116476 0.253321 235 0 0 0 0 1e-06
8.95034 3.45653 0.140276 1e-06 -0.198648 0.0872996 -0.121683 0.248775 236 0 0 0 0 1e-06
-1.73532 2.01051 1.30833 1e-06 -0.160465 0.128288 0.19839 0.285597 237 0 0 0 0 1e-06
12.3172 1.1781 -0.32349 1e-06 -0.19737 0.0650231 -0.212681 0.297348 238 0 0 0 0 1e-06
4.52807 -2.88497 0.0692665 1e-06 -0.238446 0.0908087 -0.182975 0.313978 241 0 0 0 0 1e-06
8.69724 -3.2239 0.0644233 1e-06 -0.217383 0.100193 -0.261987 0.354868 242 0 0 0 0 1e-06
7.05287 -3.88621 -0.10723 1e-06 -0.225429 0.113297 -0.131341 0.284438 243 0 0 0 0 1e-06
1.65304 -4.55861 0.607016 1e-06 -0.2483 0.0958592 -0.0181664 0.266781 244 0 0 0 0 1e-06
-6.92428 -4.48448 1.67107 1e-06 -0.130574 0.138913 0.267514 0.328497 245 0 0 0 0 1e-06
15.2748 -7.3471 -0.17779 1e-06 -0.16488 -0.0136772 -0.238591 0.290342 250 0 0 0 0 1e-06
10.1526 -7.62276 0.256395 1e-06 -0.205075 0.0783757 -0.241896 0.326668 251 0 0 0 0 1e-06
-3.37174 -12.464 1.02533 1e-06 -0.219511 0.0816499 0.0529732 0.240121 255 0 0 0 0 1e-06
4.53225 -13.4295 0.579157 1e-06 -0.224096 0.136147 -0.146297 0.300262 257 0 0 0 0 1e-06
-11.3308 -14.0987 1.83168 1e-06 -0.176026 0.113185 0.389657 0.442299 259 0 0 0 0 1e-06
-13.4537 -14.6143 2.00861 1e-06 -0.165307 0.072356 0.282192 0.334954 260 0 0 0 0 1e-06
11.7288 -15.0946 0.454824 1e-06 -0.151316 0.0358397 -0.202779 0.255539 261 0 0 0 0 1e-06
-3.97638 6.04573 2.182 1e-06 -0.113039 0.134382 0.296628 0.344709 263 0 0 0 0 1e-06
-12.5761 15.3446 2.73413 1e-06 -0.0364675 0.0331037 0.351916 0.355346 265 0 0 0 0 1e-06
8.69596 9.65874 0.735785 1e-06 -0.19529 0.0279259 -0.107414 0.224623 266 0 0 0 0 1e-06
14.1527 9.04591 0.0210481 1e-06 -0.171847 0.0333194 -0.27207 0.323518 268 0 0 0 0 1e-06
-2.03052 8.78315 1.65115 1e-06 -0.121258 0.107175 0.197798 0.255566 269 0 0 0 0 1e-06
-15.2574 8.3 2.44935 1e-06 -0.0397534 0.0388825 0.344594 0.349051 271 0 0 0 0 1e-06
1.27549 5.62639 1.3639 1e-06 -0.147129 0.0642456 0.0530296 0.169076 273 0 0 0 0 1e-06
7.83173 -4.56153 0.503601 1e-06 -0.199756 0.0947486 -0.251305 0.334715 276 0 0 0 0 1e-06
0.694083 -4.73567 0.896975 1e-06 -0.244111 0.0906094 -0.00891517 0.260538 277 0 0 0 0 1e-06
6.25969 -6.30576 0.605241 1e-06 -0.222266 0.101462 -0.158704 0.291348 278 0 0 0 0 1e-06
9.39642 -7.61982 0.354817 1e-06 -0.215812 0.0883531 -0.234948 0.331031 279 0 0 0 0 1e-06
-11.721 -8.20843 2.67937 1e-06 -0.0997125 0.0917299 0.308441 0.336887 280 0 0 0 0 1e-06
-10.0727 -9.35018 2.63839 1e-06 -0.119557 0.119436 0.254083 0.305151 281 0 0 0 0 1e-06
1.51269 -13.3201 1.39358 1e-06 -0.224071 0.089779 -0.118509 0.268909 283 0 0 0 0 1e-06
-10.4666 5.134 2.85043 1e-06 -0.0971184 0.0598532 0.303676 0.324398 288 0 0 0 0 1e-06
13.7012 4.44287 0.270332 1e-06 -0.169095 0.0492631 -0.258967 0.313183 290 0 0 0 0 1e-06
14.9892 -0.0884406 0.64521 1e-06 -0.169322 0.0135346 -0.262781 0.312901 291 0 0 0 0 1e-06
-6.34511 -2.582 2.36302 1e-06 -0.10249 0.122243 0.274975 0.317897 292 0 0 0 0 1e-06
13.3574 -9.11955 0.981573 1e-06 -0.165224 0.0202021 -0.256886 0.3061 293 0 0 0 0 1e-06
6.80208 -10.1645 0.998863 1e-06 -0.207983 0.117935 -0.197207 0.309929 294 0 0 0 0 1e-06
-3.41583 -11.212 1.81137 1e-06 -0.206772 0.0785608 0.0064138 0.221286 295 0 0 0 0 1e-06
-1.32529 10.4867 2.19567 1e-06 -0.093717 0.0746284 0.24063 0.268803 303 0 0 0 0 1e-06
9.53889 8.84224 1.26632 1e-06 -0.177029 0.0287909 -0.184466 0.257286 304 0 0 0 0 1e-06
8.10124 4.73933 1.36437 1e-06 -0.164569 0.039733 -0.172961 0.242027 305 0 0 0 0 1e-06
12.9533 -6.39227 0.797684 1e-06 -0.185563 0.0274071 -0.2973 0.351528 309 0 0 0 0 1e-06
-13.5762 -8.05702 3.1955 1e-06 -0.0774654 0.0572195 0.302441 0.317404 311 0 0 0 0 1e-06
-0.52499 -12.9601 2.55438 1e-06 -0.208077 0.0512126 -0.024503 0.215683 314 0 0 0 0 1e-06
1.06546 15.1501 2.3821 1e-06 -0.0612347 -0.000885086 0.204278 0.21326 315 0 0 0 0 1e-06
-10.5365 13.1091 3.41032 1e-06 -0.0187369 0.0419784 0.377255 0.380046 316 0 0 0 0 1e-06
9.08264 11.9244 1.62179 1e-06 -0.165059 -0.0350491 -0.115928 0.204725 317 0 0 0 0 1e-06
-2.78158 9.93711 2.5868 1e-06 -0.0963451 0.106972 0.101838 0.176342 319 0 0 0 0 1e-06
12.6314 6.73537 1.91585 1e-06 -0.123186 0.0556757 -0.0281368 0.13808 321 0 0 0 0 1e-06
-12.1235 5.2489 3.50754 1e-06 -0.0585975 0.0332248 0.325876 0.332765 323 0 0 0 0 1e-06
5.94224 3.29781 1.53107 1e-06 -0.161045 0.0258497 -0.0310805 0.166041 324 0 0 0 0 1e-06
-1.38563 -5.15083 2.33265 1e-06 -0.20604 0.0795107 0.139958 0.261463 327 0 0 0 0 1e-06
6.80503 -7.52813 1.53491 1e-06 -0.199967 0.0900799 -0.185433 0.287205 328 0 0 0 0 1e-06
2.74516 -9.09636 1.80317 1e-06 -0.232625 0.0702897 -0.130508 0.275839 330 0 0 0 0 1e-06
1.87019 14.5394 2.7015 1e-06 -0.0558205 0.000130213 0.147923 0.158105 336 0 0 0 0 1e-06
-12.1954 11.9605 3.73035 1e-06 -0.0242271 0.0365318 0.304013 0.307157 337 0 0 0 0 1e-06
3.60296 11.3709 2.68055 1e-06 -0.114608 -0.0256299 0.121694 0.169119 338 0 0 0 0 1e-06
8.31569 9.15919 1.80343 1e-06 -0.164481 -0.0169685 -0.122161 0.205585 339 0 0 0 0 1e-06
15.3477 8.40949 1.27131 1e-06 -0.131672 0.0166136 -0.308286 0.335639 340 0 0 0 0 1e-06
6.02291 6.98053 2.72846 1e-06 -0.125678 -0.045995 0.0574075 0.145623 341 0 0 0 0 1e-06
-12.3078 3.00068 3.5108 1e-06 -0.0741823 0.0370626 0.30969 0.3206 344 0 0 0 0 1e-06
1.90159 0.826336 2.48574 1e-06 -0.1566 0.0609467 0.0394154 0.172603 345 0 0 0 0 1e-06
0.718996 0.0462075 2.93386 1e-06 -0.135977 0.0629848 0.0628914 0.162518 346 0 0 0 0 1e-06
-8.05039 -3.16334 2.77467 1e-06 -0.104903 0.130738 -0.0932606 0.191819 350 0 0 0 0 1e-06
14.7065 -6.80491 1.41921 1e-06 -0.158777 -0.00962703 -0.365459 0.398577 354 0 0 0 0 1e-06
2.00325 -7.5026 2.76694 1e-06 -0.226004 0.0475294 0.14184 0.271027 356 0 0 0 0 1e-06
-8.47821 -9.19069 3.12598 1e-06 -0.12255 0.108738 0.212663 0.268455 357 0 0 0 0 1e-06
1.48235 -11.4023 2.48476 1e-06 -0.215663 0.0439357 -0.188653 0.289881 360 0 0 0 0 1e-06
-8.29691 -11.7186 3.25688 1e-06 -0.129388 0.0780882 0.214608 0.26248 361 0 0 0 0 1e-06
-14.6551 -12.5751 3.65527 1e-06 -0.0818618 0.0482484 0.34069 0.353693 362 0 0 0 0 1e-06
4.67684 -13.6533 2.29725 1e-06 -0.182071 0.101242 -0.207214 0.293832 363 0 0 0 0 1e-06
13.6806 -14.0809 1.34713 1e-06 -0.1328 0.0127578 -0.346022 0.37085 364 0 0 0 0 1e-06
0.273215 13.4699 3.35236 1e-06 -0.0413735 0.00986512 0.198145 0.202659 367 0 0 0 0 1e-06
-9.24547 11.9697 3.89933 1e-06 -0.0205479 0.0550112 0.30374 0.309365 369 0 0 0 0 1e-06
-6.18833 9.65064 4.02762 1e-06 -0.0224139 0.105831 0.291279 0.310719 370 0 0 0 0 1e-06
13.5763 8.28586 2.27996 1e-06 -0.113731 0.0518385 -0.261113 0.289486 373 0 0 0 0 1e-06
-3.87491 6.29932 3.87258 1e-06 -0.0684561 0.108862 0.229251 0.262856 375 0 0 0 0 1e-06
-2.43418 5.63499 3.80741 1e-06 -0.0557013 0.085231 0.222735 0.244904 376 0 0 0 0 1e-06
-9.68819 4.41064 4.23497 1e-06 -0.041522 0.0718766 0.342109 0.352036 378 0 0 0 0 1e-06
-12.7486 3.26014 4.21106 1e-06 -0.0516263 0.0282787 0.300158 0.305876 379 0 0 0 0 1e-06
6.34319 1.28704 2.5955 1e-06 -0.134254 -0.00284102 -0.0509432 0.143622 381 0 0 0 0 1e-06
-13.5055 0.654658 3.82092 1e-06 -0.0679562 0.0258891 0.236564 0.247489 383 0 0 0 0 1e-06
-7.43244 0.502739 3.97856 1e-06 -0.049766 0.128744 0.294975 0.325671 385 0 0 0 0 1e-06
6.63236 -0.559537 2.55448 1e-06 -0.16582 0.0349364 -0.209784 0.269678 387 0 0 0 0 1e-06
-4.42216 -1.01581 3.64286 1e-06 -0.120893 0.103615 0.122857 0.20111 389 0 0 0 0 1e-06
3.58669 -1.32776 2.70671 1e-06 -0.174004 0.0373471 -0.0658739 0.189767 390 0 0 0 0 1e-06
-10.4865 -2.41031 3.60898 1e-06 -0.0449017 0.101593 0.314552 0.333587 392 0 0 0 0 1e-06
14.7066 -6.31934 2.14724 1e-06 -0.130719 -0.00877051 -0.409832 0.430264 396 0 0 0 0 1e-06
6.5536 -7.48142 2.71754 1e-06 -0.183528 0.0752952 -0.0119856 0.198735 398 0 0 0 0 1e-06
-8.48756 -7.91569 3.9684 1e-06 -0.0769338 0.0955255 0.248728 0.277326 399 0 0 0 0 1e-06
-3.43516 -9.66869 3.52814 1e-06 -0.17222 0.0521649 0.0832522 0.198272 400 0 0 0 0 1e-06
-13.1447 -10.2816 4.15847 1e-06 -0.0630261 0.0668297 0.316592 0.329649 404 0 0 0 0 1e-06
-2.85201 -14.2334 3.50607 1e-06 -0.183912 0.0441098 0.00036651 0.189128 408 0 0 0 0 1e-06
-4.53014 13.8722 4.03456 1e-06 -0.00788765 0.108907 0.270843 0.292025 410 0 0 0 0 1e-06
4.15242 13.4307 3.51468 1e-06 -0.0947598 -0.0571618 0.119867 0.163141 411 0 0 0 0 1e-06
7.55367 13.2378 3.32867 1e-06 -0.104095 -0.0875639 0.0181971 0.137238 412 0 0 0 0 1e-06
0.9913 12.593 3.46416 1e-06 -0.0617768 0.00394516 0.148196 0.160605 413 0 0 0 0 1e-06
8.01155 11.798 2.94177 1e-06 -0.130108 -0.0749997 0.0107991 0.150565 416 0 0 0 0 1e-06
-2.63947 11.0728 3.85452 1e-06 -0.0650421 0.0906318 0.204477 0.232928 418 0 0 0 0 1e-06
-9.05876 10.9509 4.61986 1e-06 -0.0101395 0.0544167 0.335503 0.340039 419 0 0 0 0 1e-06
-4.832 10.8276 4.22424 1e-06 -0.0150603 0.108608 0.285998 0.306296 420 0 0 0 0 1e-06
6.29144 10.0895 3.00617 1e-06 -0.122001 -0.0534097 0.016092 0.134149 421 0 0 0 0 1e-06
7.0042 8.58301 2.91455 1e-06 -0.134087 -0.0617974 -0.0305114 0.150762 422 0 0 0 0 1e-06
-6.65372 8.77838 4.52836 1e-06 -0.0299099 0.108025 0.324554 0.343365 424 0 0 0 0 1e-06
14.0173 7.96633 2.45759 1e-06 -0.0974987 0.05455 -0.352129 0.369428 425 0 0 0 0 1e-06
-11.3026 6.223 4.64459 1e-06 -0.0428206 0.0410826 0.35479 0.359718 427 0 0 0 0 1e-06
-8.19559 3.68235 4.5495 1e-06 -0.0412407 0.119752 0.282906 0.309963 429 0 0 0 0 1e-06
9.06824 3.31187 2.49705 1e-06 -0.13196 0.0359811 -0.222169 0.260897 430 0 0 0 0 1e-06
-7.74622 0.114324 4.41391 1e-06 -0.0399139 0.12318 0.286199 0.314127 434 0 0 0 0 1e-06
-13.8982 -1.29463 4.39894 1e-06 -0.0484928 0.0219069 0.256786 0.262242 435 0 0 0 0 1e-06
-4.14155 -3.54916 3.66497 1e-06 -0.114317 0.0835901 0.161245 0.214606 436 0 0 0 0 1e-06
-1.73848 -6.32152 2.788 1e-06 -0.206621 0.0697403 0.0245429 0.21945 437 0 0 0 0 1e-06
0.0222493 -6.57132 3.01702 1e-06 -0.213539 0.057328 -0.0023733 0.221113 438 0 0 0 0 1e-06
10.8568 -6.93415 2.10072 1e-06 -0.144699 0.0571523 -0.513291 0.53635 440 0 0 0 0 1e-06
-7.3983 -8.15927 4.30598 1e-06 -0.0884054 0.0788094 0.208081 0.239424 442 0 0 0 0 1e-06
-13.1457 -9.164 4.65831 1e-06 -0.0442619 0.0650815 0.337686 0.346737 446 0 0 0 0 1e-06
4.21419 -9.62941 3.52414 1e-06 -0.181389 0.037044 0.00554927 0.185216 447 0 0 0 0 1e-06
14.3595 -9.85057 2.43624 1e-06 -0.124581 0.00314733 -0.350554 0.372046 448 0 0 0 0 1e-06
4.95645 -10.1941 3.37136 1e-06 -0.166155 0.0373876 -0.239062 0.293523 449 0 0 0 0 1e-06
10.5724 -12.7158 3.11485 1e-06 -0.117009 0.0705588 -0.0930049 0.165286 450 0 0 0 0 1e-06
2.03749 -12.8555 3.23333 1e-06 -0.18755 0.0248229 -0.106604 0.217153 451 0 0 0 0 1e-06
-14.0487 -12.857 4.68167 1e-06 -0.0676936 0.0567722 0.320457 0.332413 454 0 0 0 0 1e-06
-0.328543 -14.7749 3.74375 1e-06 -0.163902 0.0384498 -0.0995215 0.195568 457 0 0 0 0 1e-06
-5.05847 6.13549 4.51205 1e-06 -0.0422798 0.112098 0.216066 0.247059 461 0 0 0 0 1e-06
-8.31494 -2.32968 4.71 1e-06 -0.0240184 0.12092 0.305735 0.329655 462 0 0 0 0 1e-06
-2.43944 -7.5639 4.0141 1e-06 -0.162141 0.0542661 0.105503 0.200911 464 0 0 0 0 1e-06
7.4821 6.97722 3.3883 1e-06 -0.114245 -0.0721529 -0.0965106 0.166049 465 0 0 0 0 1e-06
12.0738 13.8608 3.38059 1e-06 -0.0688741 -0.0457453 -0.204087 0.220199 466 0 0 0 0 1e-06
5.35854 13.7883 4.06028 1e-06 -0.0757391 -0.0770888 0.105067 0.150726 467 0 0 0 0 1e-06
-9.56216 13.9279 4.99984 1e-06 0.00556921 0.0440336 0.297783 0.301073 469 0 0 0 0 1e-06
7.96513 9.98712 3.16639 1e-06 -0.142699 -0.0723398 -0.0861623 0.181714 470 0 0 0 0 1e-06
10.7242 9.46211 3.30604 1e-06 -0.106859 -0.0332418 -0.211996 0.239721 471 0 0 0 0 1e-06
-11.0144 8.82327 5.30198 1e-06 -0.00593096 0.0354875 0.332549 0.334489 472 0 0 0 0 1e-06
11.4684 8.69889 2.98694 1e-06 -0.0958403 0.014946 -0.251415 0.269477 473 0 0 0 0 1e-06
3.72344 7.00515 4.09047 1e-06 -0.0729101 -0.041865 0.0736414 0.111766 475 0 0 0 0 1e-06
-6.36421 5.75326 5.1957 1e-06 -0.0169433 0.119106 0.251144 0.278472 477 0 0 0 0 1e-06
-1.8502 5.08289 4.86859 1e-06 -0.0350324 0.0466582 0.202681 0.210912 478 0 0 0 0 1e-06
0.621767 4.19164 4.22624 1e-06 -0.0506438 0.0146781 0.095566 0.109147 479 0 0 0 0 1e-06
-15.4447 3.4643 5.00502 1e-06 -0.026351 0.01188 0.272045 0.273576 480 0 0 0 0 1e-06
2.21757 1.50114 4.1748 1e-06 -0.0767719 -0.0148948 0.0244086 0.0819241 481 0 0 0 0 1e-06
13.4808 -0.493514 3.21051 1e-06 -0.11903 0.0344954 -0.378943 0.398693 482 0 0 0 0 1e-06
-2.73856 -2.33029 4.36179 1e-06 -0.10015 0.0697751 0.149855 0.193275 483 0 0 0 0 1e-06
5.98786 -5.65428 3.59821 1e-06 -0.174897 0.0198603 -0.142451 0.226441 484 0 0 0 0 1e-06
-7.68261 -5.95311 4.92632 1e-06 -0.0707106 0.062976 0.218242 0.237898 485 0 0 0 0 1e-06
8.71042 -9.04538 3.30463 1e-06 -0.133394 0.0842629 -0.305269 0.343633 486 0 0 0 0 1e-06
9.66089 -9.8095 3.34965 1e-06 -0.130665 0.082263 -0.298536 0.336102 487 0 0 0 0 1e-06
-8.30754 -10.6846 4.98321 1e-06 -0.110482 0.0518306 0.207163 0.240435 489 0 0 0 0 1e-06
-10.8064 -13.3715 4.74073 1e-06 -0.0808476 0.0761854 0.210524 0.238035 492 0 0 0 0 1e-06
-14.1061 -13.5795 4.93514 1e-06 -0.0550102 0.0529366 0.321143 0.330093 493 0 0 0 0 1e-06
-8.06783 -14.5305 4.84479 1e-06 -0.0980039 0.033279 0.138673 0.173039 494 0 0 0 0 1e-06
3.26523 14.6183 4.46906 1e-06 -0.0373992 -0.0354711 0.195177 0.201869 496 0 0 0 0 1e-06
11.0118 13.2835 4.27903 1e-06 -0.0554738 -0.103065 0.0442907 0.125146 497 0 0 0 0 1e-06
5.0114 11.2164 4.39553 1e-06 -0.0657474 -0.070352 0.0287658 0.100497 501 0 0 0 0 1e-06
-13.0469 10.8519 5.65266 1e-06 0.0136796 0.0236059 0.330188 0.331314 502 0 0 0 0 1e-06
-7.3632 8.545 5.36548 1e-06 0.0105079 0.0888436 0.314309 0.326793 503 0 0 0 0 1e-06
7.25675 7.44216 3.96217 1e-06 -0.0830211 -0.0918307 -0.0339175 0.128358 504 0 0 0 0 1e-06
-12.7482 7.44272 5.47197 1e-06 -0.0124584 0.021553 0.302028 0.303052 505 0 0 0 0 1e-06
13.538 3.68257 3.38601 1e-06 -0.0770198 0.0515468 -0.328787 0.341599 507 0 0 0 0 1e-06
7.0978 2.84281 4.10944 1e-06 -0.106541 -0.0805804 -0.148426 0.199686 510 0 0 0 0 1e-06
-10.9956 1.05759 5.31346 1e-06 -0.0296936 0.0603867 0.242966 0.252113 513 0 0 0 0 1e-06
-7.93391 0.939646 5.38552 1e-06 -0.0161687 0.115254 0.311976 0.332977 514 0 0 0 0 1e-06
14.4402 -0.491009 3.72417 1e-06 -0.108696 0.015654 -0.350194 0.367009 515 0 0 0 0 1e-06
-3.56566 -0.465216 4.71773 1e-06 -0.103384 0.0785061 0.206439 0.243862 516 0 0 0 0 1e-06
2.56848 -2.38987 4.31642 1e-06 -0.124216 -0.0192228 -0.0759229 0.146845 519 0 0 0 0 1e-06
13.0108 -3.58557 3.63839 1e-06 -0.117719 0.0346916 -0.378114 0.397532 521 0 0 0 0 1e-06
7.49606 -7.49 4.36823 1e-06 -0.129636 0.0462123 -0.20818 0.249559 524 0 0 0 0 1e-06
9.5914 -7.46233 4.08277 1e-06 -0.113715 0.0714315 -0.175412 0.220914 525 0 0 0 0 1e-06
2.6269 -8.23933 4.09587 1e-06 -0.178992 0.0212264 -0.112089 0.212256 526 0 0 0 0 1e-06
3.31735 -10.0039 4.38322 1e-06 -0.166777 0.0189093 -0.183778 0.24889 528 0 0 0 0 1e-06
-4.44083 -10.7203 5.21283 1e-06 -0.123746 0.0287398 0.105689 0.165255 529 0 0 0 0 1e-06
-1.99853 -10.9982 4.54137 1e-06 -0.13845 0.0301991 0.00443255 0.141775 530 0 0 0 0 1e-06
-5.00681 -11.0133 5.11636 1e-06 -0.130764 0.0294856 0.0265356 0.136648 531 0 0 0 0 1e-06
6.18869 -13.2912 3.904 1e-06 -0.136351 0.0957815 -0.266444 0.314258 533 0 0 0 0 1e-06
1.68227 15.2549 5.32066 1e-06 -0.0256961 -0.0284296 0.179239 0.183289 535 0 0 0 0 1e-06
3.45978 14.8172 5.27946 1e-06 -0.0219733 -0.0450466 0.166477 0.173858 536 0 0 0 0 1e-06
-7.11897 14.924 5.68441 1e-06 0.0248153 0.0699534 0.210082 0.222809 537 0 0 0 0 1e-06
5.10553 12.1133 4.82226 1e-06 -0.0598548 -0.0745244 0.0890309 0.130625 538 0 0 0 0 1e-06
-2.408 12.3812 5.48696 1e-06 0.00818267 0.0717288 0.203432 0.215863 539 0 0 0 0 1e-06
-1.14006 11.1742 5.19493 1e-06 -0.0213033 0.0250074 0.145563 0.149224 540 0 0 0 0 1e-06
1.263 10.6902 4.92067 1e-06 -0.0146487 -0.0478478 0.0399668 0.0640417 541 0 0 0 0 1e-06
-5.13993 5.75049 5.8434 1e-06 -0.00378275 0.0987075 0.239643 0.259203 542 0 0 0 0 1e-06
14.1405 4.83039 3.63941 1e-06 -0.0881304 0.0506383 -0.351265 0.365675 543 0 0 0 0 1e-06
-8.94084 1.32261 6.40204 1e-06 0.0421832 0.0961758 0.387524 0.401502 544 0 0 0 0 1e-06
-10.8339 -1.35733 5.69211 1e-06 0.00550622 0.07584 0.313435 0.322527 545 0 0 0 0 1e-06
1.9312 -2.32247 4.75068 1e-06 -0.108175 -0.0272009 -0.0493986 0.121991 546 0 0 0 0 1e-06
0.0412824 -2.59367 4.77832 1e-06 -0.0986654 0.00916463 0.0325904 0.104312 547 0 0 0 0 1e-06
3.54887 -3.9726 4.42367 1e-06 -0.136834 -0.0218062 -0.109494 0.176601 549 0 0 0 0 1e-06
10.8226 -4.29678 4.26366 1e-06 -0.10718 0.0589865 -0.304791 0.328428 550 0 0 0 0 1e-06
5.3406 -5.82515 4.36539 1e-06 -0.166031 0.00255275 -0.182262 0.246561 552 0 0 0 0 1e-06
-14.074 -7.58333 5.7044 1e-06 -0.0163916 0.0355278 0.278553 0.281288 555 0 0 0 0 1e-06
12.9586 -9.51338 3.97893 1e-06 -0.107045 0.0267722 -0.326979 0.345095 557 0 0 0 0 1e-06
2.89894 -12.7539 4.96153 1e-06 -0.131204 0.0230541 -0.148399 0.19942 558 0 0 0 0 1e-06
6.6337 -13.7861 4.72357 1e-06 -0.0933542 0.0918402 -0.213702 0.250636 559 0 0 0 0 1e-06
11.0002 15.1904 4.82222 1e-06 -0.0129864 -0.124305 -0.18089 0.219868 561 0 0 0 0 1e-06
0.719601 14.7614 5.83398 1e-06 0.00453943 -0.0239894 0.221185 0.222528 562 0 0 0 0 1e-06
-4.73285 14.3668 6.36546 1e-06 0.0681798 0.0852891 0.312545 0.33107 563 0 0 0 0 1e-06
14.2423 12.8631 4.41648 1e-06 -0.0118538 0.009331 -0.309919 0.310286 564 0 0 0 0 1e-06
-15.4614 10.5014 6.03688 1e-06 0.0306871 0.0391442 0.341693 0.345294 567 0 0 0 0 1e-06
13.2947 9.98466 4.55271 1e-06 -0.0427994 0.0229563 -0.258248 0.262775 568 0 0 0 0 1e-06
12.8292 7.41385 4.33687 1e-06 -0.052461 0.0308948 -0.288753 0.295102 569 0 0 0 0 1e-06
-13.0806 7.07079 6.17673 1e-06 0.0121142 0.0120419 0.359095 0.359501 571 0 0 0 0 1e-06
10.8465 6.69727 4.45591 1e-06 -0.051323 -0.0117319 -0.228745 0.234725 572 0 0 0 0 1e-06
-0.927038 6.74917 5.49066 1e-06 -0.0079525 0.00636717 0.158413 0.15874 573 0 0 0 0 1e-06
-1.68562 6.76554 5.73396 1e-06 0.0117159 0.0221744 0.192759 0.194384 574 0 0 0 0 1e-06
-13.1409 5.9838 6.50368 1e-06 0.0158402 0.00782842 0.362068 0.362499 575 0 0 0 0 1e-06
5.21981 5.09914 5.21476 1e-06 -0.0191068 -0.07874 0.0446381 0.0925074 577 0 0 0 0 1e-06
12.5094 4.96114 4.07742 1e-06 -0.0771559 0.0415362 -0.23512 0.250917 578 0 0 0 0 1e-06
11.8003 4.5711 4.07915 1e-06 -0.0785954 0.0361709 -0.300372 0.312584 580 0 0 0 0 1e-06
15.418 2.53346 4.30872 1e-06 -0.0822911 0.00417568 -0.353888 0.363353 581 0 0 0 0 1e-06
2.89639 1.72944 5.19953 1e-06 -0.0297609 -0.0549423 0.0429745 0.0758365 582 0 0 0 0 1e-06
5.16538 1.21599 5.01507 1e-06 -0.0916095 -0.0951758 -0.119401 0.178065 583 0 0 0 0 1e-06
-12.4881 1.46882 6.46303 1e-06 0.00928324 0.0171333 0.339358 0.339917 584 0 0 0 0 1e-06
-4.97645 -0.448933 5.814 1e-06 -0.0340177 0.0747339 0.215849 0.23094 587 0 0 0 0 1e-06
-3.19625 -2.16248 5.53439 1e-06 -0.0689859 0.0442932 0.105889 0.133916 590 0 0 0 0 1e-06
-4.46836 -2.29459 5.9236 1e-06 -0.054738 0.0506053 0.155435 0.172387 591 0 0 0 0 1e-06
4.45012 -4.25824 4.87559 1e-06 -0.111122 -0.0375199 -0.23974 0.266891 592 0 0 0 0 1e-06
12.5185 -4.81391 4.38748 1e-06 -0.100535 0.0379043 -0.341183 0.3577 594 0 0 0 0 1e-06
-1.36621 -5.62893 5.32727 1e-06 -0.106896 0.0205161 0.0670924 0.127864 595 0 0 0 0 1e-06
1.95359 -6.72315 5.26288 1e-06 -0.124795 -0.0159842 -0.0822461 0.150312 596 0 0 0 0 1e-06
9.58581 -8.07079 4.65079 1e-06 -0.102653 0.0701623 -0.286976 0.312755 599 0 0 0 0 1e-06
-11.2835 -8.33221 6.28454 1e-06 -0.00594165 0.0839647 0.281576 0.293888 600 0 0 0 0 1e-06
-11.5666 -9.84446 6.67898 1e-06 -0.00498956 0.0784555 0.277544 0.288463 602 0 0 0 0 1e-06
15.2923 -10.8125 4.59034 1e-06 -0.0655028 -0.0116655 -0.343897 0.350274 603 0 0 0 0 1e-06
12.8199 -11.3273 4.69999 1e-06 -0.0782546 0.0213488 -0.306033 0.3166 604 0 0 0 0 1e-06
2.8575 -12.0682 5.28828 1e-06 -0.125029 0.0115187 -0.136855 0.185726 605 0 0 0 0 1e-06
8.63812 -12.4759 4.24133 1e-06 -0.108449 0.0929783 -0.241065 0.280211 606 0 0 0 0 1e-06
-12.7882 -12.4743 6.27423 1e-06 -0.0329245 0.0789569 0.331612 0.342469 607 0 0 0 0 1e-06
-13.4798 -12.6192 6.17457 1e-06 -0.0119392 0.0577209 0.312731 0.318237 608 0 0 0 0 1e-06
11.592 -13.6833 5.0941 1e-06 -0.0619407 0.0370183 -0.261173 0.270958 611 0 0 0 0 1e-06
3.95871 -14.9509 4.94103 1e-06 -0.117015 0.0656381 -0.178464 0.223272 613 0 0 0 0 1e-06
1.59045 -15.1581 5.527 1e-06 -0.105526 0.0113552 -0.115955 0.157195 614 0 0 0 0 1e-06
2.71927 15.4397 6.06256 1e-06 -0.00963646 -0.0475145 0.253631 0.258223 615 0 0 0 0 1e-06
4.9198 14.7776 5.83869 1e-06 -0.0091229 -0.0855594 0.0905686 0.124925 616 0 0 0 0 1e-06
13.0226 14.5776 5.08428 1e-06 -0.00613463 -0.0309176 -0.263761 0.265637 617 0 0 0 0 1e-06
-8.89652 10.4903 6.91108 1e-06 0.0523889 0.037691 0.35898 0.364735 618 0 0 0 0 1e-06
4.84318 9.74673 5.39058 1e-06 -0.0441685 -0.0721224 0.00350426 0.084645 619 0 0 0 0 1e-06
2.88467 9.48895 6.13733 1e-06 0.00759275 -0.067492 0.153894 0.168215 620 0 0 0 0 1e-06
-1.26475 9.41743 6.29559 1e-06 0.0152091 0.00559962 0.213382 0.213997 621 0 0 0 0 1e-06
-2.35593 7.9732 6.50971 1e-06 0.0325517 0.0252391 0.253668 0.25699 622 0 0 0 0 1e-06
-8.10167 7.65351 6.68086 1e-06 0.0195607 0.0784385 0.331077 0.340804 623 0 0 0 0 1e-06
0.550397 7.03666 5.80471 1e-06 0.00589466 -0.0521759 0.120956 0.131862 624 0 0 0 0 1e-06
-12.1939 1.0449 6.81054 1e-06 0.00307288 0.025517 0.383783 0.384643 626 0 0 0 0 1e-06
-9.15394 -0.193585 6.34776 1e-06 0.0215596 0.100731 0.290095 0.307842 627 0 0 0 0 1e-06
-8.91311 -4.65621 6.52956 1e-06 0.0117959 0.0916594 0.312261 0.325649 628 0 0 0 0 1e-06
1.43254 -5.63627 5.44919 1e-06 -0.113316 -0.0221664 -0.0900959 0.146455 629 0 0 0 0 1e-06
-3.95714 -5.56231 6.07278 1e-06 -0.0735022 0.0468412 0.391185 0.400777 630 0 0 0 0 1e-06
11.0779 -6.05253 5.02354 1e-06 -0.0817009 0.0548321 -0.316426 0.331372 631 0 0 0 0 1e-06
-2.69112 -9.84906 6.01044 1e-06 -0.0856189 -0.003034 0.0534513 0.100979 633 0 0 0 0 1e-06
15.3764 -13.7426 4.94842 1e-06 -0.0550823 -0.00867184 -0.371571 0.375732 637 0 0 0 0 1e-06
-9.28534 -14.3029 6.3964 1e-06 -0.0586044 0.00747566 0.19044 0.199393 638 0 0 0 0 1e-06
-2.5137 -14.8862 6.0003 1e-06 -0.096502 0.00661839 0.00143124 0.0967393 639 0 0 0 0 1e-06
-14.9418 9.24161 7.10966 1e-06 0.0278663 0.0237739 0.302639 0.304847 641 0 0 0 0 1e-06
-6.59806 8.90533 7.15413 1e-06 0.0579534 0.086428 0.461675 0.473257 642 0 0 0 0 1e-06
1.84757 4.3092 6.18529 1e-06 -0.00393511 -0.0939226 0.103313 0.13968 643 0 0 0 0 1e-06
-6.34314 3.93358 6.82407 1e-06 0.0406625 0.0942587 0.24712 0.267594 644 0 0 0 0 1e-06
-6.45042 1.91573 7.23754 1e-06 0.0321357 0.0958835 0.314231 0.330102 645 0 0 0 0 1e-06
7.9356 0.839093 5.59528 1e-06 -0.0449465 -0.0292063 -0.156372 0.165304 646 0 0 0 0 1e-06
-5.63397 1.04768 6.75096 1e-06 0.0253798 0.0723782 0.282982 0.293192 647 0 0 0 0 1e-06
4.40084 0.121302 6.30771 1e-06 -0.0401796 -0.100517 0.0531174 0.12058 648 0 0 0 0 1e-06
-13.3946 -0.935498 6.99851 1e-06 0.0277214 0.00522933 0.346045 0.347193 649 0 0 0 0 1e-06
8.49496 -2.12401 5.46825 1e-06 -0.0792328 -0.0122548 -0.213728 0.228271 650 0 0 0 0 1e-06
13.4139 -2.11444 5.27789 1e-06 -0.0668124 0.0219684 -0.324431 0.331966 651 0 0 0 0 1e-06
7.42409 -8.82956 5.69338 1e-06 -0.0750784 0.0430322 -0.2232 0.239388 652 0 0 0 0 1e-06
-6.93267 -11.2408 6.85186 1e-06 -0.0675237 0.0127776 0.165178 0.178904 653 0 0 0 0 1e-06
-1.47961 -11.8892 6.19403 1e-06 -0.0815416 -0.0224806 -0.0268534 0.0887441 655 0 0 0 0 1e-06
14.9509 -12.9088 5.49772 1e-06 -0.0407993 -0.00202785 -0.0482939 0.0632535 656 0 0 0 0 1e-06
11.6192 14.4245 5.45662 1e-06 0.0266244 -0.0995997 -0.172174 0.200681 657 0 0 0 0 1e-06
9.95491 11.8384 5.80505 1e-06 0.0217096 -0.103597 -0.15589 0.188429 658 0 0 0 0 1e-06
4.99189 10.3825 6.03005 1e-06 -0.0160253 -0.0791176 0.0848983 0.11715 660 0 0 0 0 1e-06
11.8447 1.50634 5.28835 1e-06 -0.0472499 0.0333472 -0.305954 0.311372 662 0 0 0 0 1e-06
-4.49325 -0.905116 7.31671 1e-06 -0.0249251 0.0529182 0.445537 0.449361 663 0 0 0 0 1e-06
5.11857 -3.22707 6.04977 1e-06 -0.0747502 -0.0449921 -0.0245647 0.0906383 664 0 0 0 0 1e-06
8.25313 -7.06149 5.78516 1e-06 -0.0825813 0.0351387 -0.236555 0.253007 665 0 0 0 0 1e-06
12.8427 -13.7489 5.37896 1e-06 -0.0576134 0.0148344 -0.284045 0.290208 667 0 0 0 0 1e-06
2.06886 6.60445 6.9797 1e-06 0.0169368 -0.0769842 0.235144 0.248004 670 0 0 0 0 1e-06
-1.23803 2.58096 6.75903 1e-06 0.00877365 -0.0205567 0.196279 0.197547 673 0 0 0 0 1e-06
9.77384 2.09004 5.67616 1e-06 -0.0397095 -0.0234224 -0.239004 0.243409 674 0 0 0 0 1e-06
14.6027 -2.95034 5.53885 1e-06 -0.066355 0.00121623 -0.35925 0.365329 677 0 0 0 0 1e-06
8.95309 -6.46296 5.76455 1e-06 -0.0525403 0.0275964 -0.38228 0.386859 681 0 0 0 0 1e-06
11.0436 -8.37088 5.9718 1e-06 -0.0535721 0.0539905 -0.270385 0.280879 683 0 0 0 0 1e-06
1.32595 -8.9146 6.1415 1e-06 -0.0820301 -0.0118874 -0.0660871 0.106008 684 0 0 0 0 1e-06
-0.13022 -10.6466 6.41916 1e-06 -0.0746061 -0.0155949 -0.079948 0.110458 685 0 0 0 0 1e-06
11.87 -12.0129 5.43961 1e-06 -0.0657257 0.0323648 -0.357069 0.364507 686 0 0 0 0 1e-06
-4.64457 -14.8697 6.82829 1e-06 -0.0703067 0.0336412 0.065159 0.10159 689 0 0 0 0 1e-06
4.90772 15.3321 6.77633 1e-06 0.0479297 -0.0951539 0.0891272 0.138907 690 0 0 0 0 1e-06
-3.86091 14.0048 7.18053 1e-06 0.0876479 0.0866 0.243626 0.273011 691 0 0 0 0 1e-06
10.4542 12.2586 6.14312 1e-06 0.0176359 -0.0889967 -0.145956 0.171857 692 0 0 0 0 1e-06
-15.2066 11.5474 7.79215 1e-06 0.0659633 0.0363851 0.361348 0.369117 693 0 0 0 0 1e-06
6.41732 10.1438 6.6066 1e-06 0.00818454 -0.108659 0.0971952 0.146016 694 0 0 0 0 1e-06
10.7032 0.465539 6.00738 1e-06 -0.0414288 0.00593457 -0.317799 0.320543 695 0 0 0 0 1e-06
-9.1763 -6.03761 7.66746 1e-06 0.0241657 0.07093 0.297489 0.306782 696 0 0 0 0 1e-06
-0.126361 -14.3435 6.65862 1e-06 -0.0507655 0.00999384 -0.0851798 0.0996625 698 0 0 0 0 1e-06
-1.75057 14.9461 7.76911 1e-06 0.0892794 0.0845936 0.325595 0.34805 700 0 0 0 0 1e-06
-8.98851 13.1438 7.71472 1e-06 0.0796035 0.0293105 0.302278 0.313955 701 0 0 0 0 1e-06
-1.18592 10.3094 7.40548 1e-06 0.0570967 0.0156461 0.201099 0.209632 703 0 0 0 0 1e-06
-5.69474 8.7623 7.81392 1e-06 0.0866516 0.0830788 0.288295 0.312289 704 0 0 0 0 1e-06
11.4211 6.59259 5.90799 1e-06 -0.0058988 -0.0143166 -0.284546 0.284967 706 0 0 0 0 1e-06
7.04736 -1.12423 6.44504 1e-06 -0.0272978 -0.0509495 -0.272463 0.278527 708 0 0 0 0 1e-06
11.6475 -3.16711 6.36211 1e-06 -0.033396 0.031251 -0.327503 0.330681 711 0 0 0 0 1e-06
-6.10061 -4.78644 7.47686 1e-06 0.00459059 0.0332318 0.247188 0.249455 713 0 0 0 0 1e-06
-5.25392 -8.63619 7.39028 1e-06 -0.0324533 0.016395 0.153195 0.15745 716 0 0 0 0 1e-06
11.592 -9.14617 5.93396 1e-06 -0.0544802 0.0439267 -0.296288 0.304441 718 0 0 0 0 1e-06
-6.11016 -10.9476 7.26201 1e-06 -0.0521236 0.0106966 0.0785437 0.0948705 719 0 0 0 0 1e-06
-15.1188 -13.8541 7.98157 1e-06 0.0283703 0.0239636 0.310703 0.312914 722 0 0 0 0 1e-06
6.75372 14.1666 6.83209 1e-06 0.0463228 -0.131104 -0.0300389 0.142254 723 0 0 0 0 1e-06
6.57895 11.5435 7.11056 1e-06 0.0397599 -0.118859 0.0260311 0.128008 724 0 0 0 0 1e-06
-14.9384 10.0767 8.27944 1e-06 0.0617352 0.024817 0.29079 0.298305 726 0 0 0 0 1e-06
2.8955 5.37742 7.0334 1e-06 0.0132291 -0.084138 0.0492051 0.0983634 728 0 0 0 0 1e-06
7.37001 5.34913 6.62825 1e-06 0.00705624 -0.088633 -0.10827 0.1401 729 0 0 0 0 1e-06
2.59012 3.07337 7.00625 1e-06 -0.00142896 -0.0854248 -0.0041159 0.0855359 731 0 0 0 0 1e-06
-3.28587 -1.19654 7.5687 1e-06 -0.00596143 0.00859845 0.112509 0.112995 732 0 0 0 0 1e-06
-4.5716 -4.22948 7.57413 1e-06 0.000684621 0.0150742 0.195526 0.196107 734 0 0 0 0 1e-06
15.4637 -4.58571 6.17452 1e-06 -0.043457 -0.0122497 -0.254565 0.258538 735 0 0 0 0 1e-06
6.51268 -7.78973 6.33745 1e-06 -0.0902819 0.00442683 -0.216871 0.234955 738 0 0 0 0 1e-06
8.78694 -11.3247 6.21747 1e-06 -0.0482339 0.0710337 -0.237733 0.252763 741 0 0 0 0 1e-06
2.43229 12.7078 6.9907 1e-06 0.0155934 -0.0513399 0.089381 0.104249 742 0 0 0 0 1e-06
-15.1563 12.1878 8.3138 1e-06 0.068783 0.0386587 0.293961 0.304366 743 0 0 0 0 1e-06
9.90753 11.447 6.7259 1e-06 0.020231 -0.0847061 -0.172792 0.193498 745 0 0 0 0 1e-06
-3.93909 10.2351 7.98127 1e-06 0.0940744 0.0695447 0.246368 0.272733 746 0 0 0 0 1e-06
-0.857986 8.87864 7.82568 1e-06 0.0647367 -0.00775303 0.199352 0.209743 747 0 0 0 0 1e-06
6.67291 7.59176 6.8285 1e-06 0.0199423 -0.115793 -0.0539537 0.129293 748 0 0 0 0 1e-06
4.0565 7.22805 7.27403 1e-06 0.0445903 -0.0972141 0.15111 0.18513 749 0 0 0 0 1e-06
-0.778707 4.20958 7.74867 1e-06 0.055102 -0.0365275 0.134818 0.150154 750 0 0 0 0 1e-06
15.4757 1.59625 6.54208 1e-06 -0.00721986 -0.0176642 -0.304484 0.305081 751 0 0 0 0 1e-06
-1.96655 -0.0359977 7.61985 1e-06 -0.0101313 -0.0222199 0.152842 0.154781 752 0 0 0 0 1e-06
-3.41831 -0.165868 8.10915 1e-06 0.0443953 0.0128683 0.178431 0.184321 753 0 0 0 0 1e-06
-3.38838 -4.97519 7.53852 1e-06 -0.00858107 0.00741367 0.15409 0.154507 756 0 0 0 0 1e-06
3.59176 -9.7871 7.14685 1e-06 -0.0612055 -0.0220735 -0.102482 0.121392 759 0 0 0 0 1e-06
-11.6905 -12.5674 8.53294 1e-06 0.0573492 0.0474442 0.304325 0.313295 760 0 0 0 0 1e-06
-1.62376 11.5903 8.26338 1e-06 0.109931 0.0519938 0.241991 0.270828 761 0 0 0 0 1e-06
3.71566 3.10256 7.25972 1e-06 0.00833195 -0.105199 0.0402673 0.11295 762 0 0 0 0 1e-06
-11.5119 -0.44907 8.64657 1e-06 0.0787782 0.0211175 0.366625 0.375588 764 0 0 0 0 1e-06
-8.65021 -3.8612 8.55098 1e-06 0.0867877 0.0717999 0.308298 0.32823 765 0 0 0 0 1e-06
10.7042 -8.08443 6.75219 1e-06 -0.0343899 0.047892 -0.33008 0.335304 766 0 0 0 0 1e-06
0.574398 -9.01563 7.86036 1e-06 -0.035918 -0.0468767 0.0126129 0.0603872 767 0 0 0 0 1e-06
-7.97304 -11.0421 8.17004 1e-06 0.0208217 0.00248128 0.200716 0.201809 769 0 0 0 0 1e-06
-11.0791 12.8652 8.8299 1e-06 0.0920901 0.00848169 0.33653 0.349006 770 0 0 0 0 1e-06
8.77505 11.0696 7.50069 1e-06 0.0520197 -0.091709 -0.105664 0.14927 771 0 0 0 0 1e-06
13.7469 6.41534 7.12947 1e-06 0.0343641 0.0160681 -0.307225 0.309558 774 0 0 0 0 1e-06
-12.3723 2.16372 8.86941 1e-06 0.0481175 0.00497148 0.281297 0.285426 777 0 0 0 0 1e-06
-6.56417 1.91194 8.86751 1e-06 0.0981528 0.0722126 0.283912 0.308957 778 0 0 0 0 1e-06
-12.0938 -3.22069 8.72435 1e-06 0.0807576 0.0247532 0.317729 0.328765 779 0 0 0 0 1e-06
-1.9141 -3.44163 8.25889 1e-06 0.0167172 -0.0434825 0.118923 0.127721 780 0 0 0 0 1e-06
-8.55453 -5.14986 8.60959 1e-06 0.077229 0.0567321 0.228603 0.247876 782 0 0 0 0 1e-06
4.84714 -7.63545 7.31284 1e-06 -0.0739607 -0.0246884 -0.218359 0.231863 784 0 0 0 0 1e-06
-5.5949 -9.10502 8.66256 1e-06 0.0296706 -0.00348491 0.179422 0.181892 785 0 0 0 0 1e-06
-1.24136 -10.1221 7.81584 1e-06 -0.0441326 -0.0492925 -0.0799815 0.1038 786 0 0 0 0 1e-06
9.62828 -11.1753 6.59857 1e-06 -0.0397673 0.0614004 -0.360183 0.367537 787 0 0 0 0 1e-06
-10.2737 -12.036 8.39579 1e-06 0.0157369 0.0238574 0.177941 0.180222 789 0 0 0 0 1e-06
2.89215 -13.6654 7.88088 1e-06 -0.00300342 -0.0223581 -0.0365382 0.0429412 790 0 0 0 0 1e-06
-12.6183 -14.2857 8.96035 1e-06 0.073572 0.0449069 0.314937 0.326519 791 0 0 0 0 1e-06
2.37457 15.4103 8.46112 1e-06 0.118781 -0.0279466 0.17645 0.214534 795 0 0 0 0 1e-06
-6.86085 15.5132 8.80093 1e-06 0.111766 0.0353849 0.337765 0.357532 796 0 0 0 0 1e-06
12.6977 15.2608 6.9488 1e-06 0.0699198 -0.0372866 -0.247326 0.25971 797 0 0 0 0 1e-06
-12.3438 14.7386 8.91841 1e-06 0.0804809 0.00322286 0.320873 0.330828 798 0 0 0 0 1e-06
3.93517 13.7139 8.12629 1e-06 0.0862233 -0.0833963 0.139428 0.183928 799 0 0 0 0 1e-06
-0.314555 10.6966 8.53386 1e-06 0.0995709 0.0175583 0.171132 0.198768 800 0 0 0 0 1e-06
-0.923724 9.95846 8.16549 1e-06 0.0752532 0.0247639 0.0314263 0.0852286 801 0 0 0 0 1e-06
-2.92635 8.94578 8.80468 1e-06 0.104453 0.0399948 0.273782 0.295748 802 0 0 0 0 1e-06
-3.90577 7.52385 8.87559 1e-06 0.11775 0.0466084 0.277514 0.305044 803 0 0 0 0 1e-06
0.146288 4.84129 8.32571 1e-06 0.0672408 -0.0668287 0.13508 0.165028 804 0 0 0 0 1e-06
11.886 4.43809 6.88612 1e-06 0.0143864 -0.00501982 -0.258253 0.258702 805 0 0 0 0 1e-06
9.26918 2.81877 7.28629 1e-06 0.0206074 -0.0449922 -0.01708 0.0523516 806 0 0 0 0 1e-06
-7.20418 2.58685 8.61277 1e-06 0.0805045 0.0899601 0.227297 0.257367 807 0 0 0 0 1e-06
10.1794 1.40373 6.80957 1e-06 -0.0192779 -0.0173255 -0.311654 0.31273 808 0 0 0 0 1e-06
-10.5915 0.551172 8.82787 1e-06 0.0816705 0.0372934 0.323699 0.33592 809 0 0 0 0 1e-06
-11.8267 -1.06473 9.05041 1e-06 0.0847927 0.0133158 0.326207 0.33731 810 0 0 0 0 1e-06
12.3275 -2.17086 6.89623 1e-06 -0.0150412 0.0247985 -0.324376 0.32567 811 0 0 0 0 1e-06
-0.575864 -4.32841 8.02579 1e-06 0.00551757 -0.0542092 -0.0156223 0.0566845 812 0 0 0 0 1e-06
0.745133 -10.7731 7.6579 1e-06 -0.0364022 -0.0228299 -0.0563779 0.0708858 816 0 0 0 0 1e-06
-8.26255 -12.5147 8.57958 1e-06 0.028019 -0.00507442 0.196815 0.198864 817 0 0 0 0 1e-06
-7.63036 15.1803 9.09494 1e-06 0.126951 0.020758 0.322995 0.347668 819 0 0 0 0 1e-06
-2.35146 12.9516 8.28689 1e-06 0.113698 0.0705023 0.192102 0.234096 820 0 0 0 0 1e-06
-3.39863 11.964 8.83813 1e-06 0.136595 0.0614608 0.267251 0.306364 821 0 0 0 0 1e-06
-3.11274 10.6305 8.96235 1e-06 0.128348 0.0528876 0.286712 0.31855 822 0 0 0 0 1e-06
6.09179 7.29129 8.07036 1e-06 0.0627019 -0.117918 -0.012052 0.134095 823 0 0 0 0 1e-06
3.95081 5.16907 7.97228 1e-06 0.0440374 -0.111341 -0.00914846 0.120083 824 0 0 0 0 1e-06
-0.553545 3.65632 8.30348 1e-06 0.0599757 -0.0463671 0.109632 0.133289 825 0 0 0 0 1e-06
-11.0477 1.32335 9.38713 1e-06 0.0899856 0.0158193 0.293377 0.307275 826 0 0 0 0 1e-06
-2.28535 -2.62112 8.63276 1e-06 0.0203915 -0.041291 0.133266 0.140998 827 0 0 0 0 1e-06
-2.16471 -3.90849 7.9113 1e-06 0.000795915 -0.0182569 0.0340152 0.0386133 828 0 0 0 0 1e-06
12.3974 -5.70679 7.48207 1e-06 -0.00962425 0.018938 -0.340138 0.3408 829 0 0 0 0 1e-06
-7.29896 -6.68555 8.70806 1e-06 0.0414721 0.0267433 0.210666 0.216368 830 0 0 0 0 1e-06
1.63322 -9.15513 8.49853 1e-06 -0.0133978 -0.0441275 -0.0639633 0.0788545 831 0 0 0 0 1e-06
-5.52624 -10.0277 8.63823 1e-06 0.0199034 -0.00275771 0.158842 0.160108 832 0 0 0 0 1e-06
-3.97597 -15.082 8.64849 1e-06 0.0149576 0.0242233 0.0811508 0.0859997 833 0 0 0 0 1e-06
0.407636 15.5081 8.62815 1e-06 0.138924 0.0461915 0.16214 0.218455 834 0 0 0 0 1e-06
13.0757 14.9378 7.88397 1e-06 0.0930803 -0.0324533 -0.229252 0.249547 835 0 0 0 0 1e-06
-11.2442 13.4307 9.38422 1e-06 0.0989018 -0.00151285 0.313608 0.328837 836 0 0 0 0 1e-06
-10.1552 9.59937 9.38415 1e-06 0.0979181 0.0132355 0.314297 0.329463 837 0 0 0 0 1e-06
-12.6632 5.69668 9.55116 1e-06 0.075063 -0.00614644 0.295063 0.304523 841 0 0 0 0 1e-06
4.27076 3.97216 8.19797 1e-06 0.0331057 -0.119367 -0.0150448 0.124783 842 0 0 0 0 1e-06
-10.0416 4.29767 9.39354 1e-06 0.0878877 0.0237206 0.291257 0.305152 843 0 0 0 0 1e-06
3.54071 3.96205 8.42391 1e-06 0.0382695 -0.0988389 0.0155065 0.107117 844 0 0 0 0 1e-06
0.295934 2.90586 8.54231 1e-06 0.0501841 -0.0802583 0.0322371 0.0999953 845 0 0 0 0 1e-06
-4.08066 2.86855 8.95151 1e-06 0.0915399 0.0311659 0.187142 0.210649 846 0 0 0 0 1e-06
-12.8103 2.573 9.55981 1e-06 0.0779179 -0.0111545 0.328417 0.337718 847 0 0 0 0 1e-06
-14.7047 1.76133 9.39346 1e-06 0.0645306 -0.01768 0.298825 0.306224 848 0 0 0 0 1e-06
0.594155 -3.60236 8.642 1e-06 0.0272124 -0.0820844 0.00576588 0.0866695 849 0 0 0 0 1e-06
-8.61223 -4.90033 9.20902 1e-06 0.107432 0.0566598 0.268707 0.294883 850 0 0 0 0 1e-06
0.246783 -6.17506 8.42641 1e-06 -0.00649002 -0.072022 -0.00164547 0.0723325 851 0 0 0 0 1e-06
11.9328 -8.30753 7.89079 1e-06 0.0173253 0.0198381 -0.249132 0.250521 852 0 0 0 0 1e-06
-10.5714 -9.89899 9.1848 1e-06 0.0871108 0.0477052 0.273488 0.290964 854 0 0 0 0 1e-06
6.32727 -11.6374 8.19269 1e-06 0.00491556 0.0120004 -0.158494 0.159023 855 0 0 0 0 1e-06
15.0754 -12.0612 7.35058 1e-06 -0.00387224 -0.0216329 -0.370966 0.371617 856 0 0 0 0 1e-06
10.3407 14.4843 7.98734 1e-06 0.100184 -0.072855 -0.192972 0.229309 858 0 0 0 0 1e-06
-13.0855 14.1667 9.38311 1e-06 0.0731891 0.022706 0.221544 0.234423 859 0 0 0 0 1e-06
-12.6705 14.0385 9.2798 1e-06 0.0761571 0.00774147 0.221673 0.234518 860 0 0 0 0 1e-06
-7.62365 13.8007 9.73019 1e-06 0.133908 0.0212138 0.269188 0.301403 861 0 0 0 0 1e-06
-13.7987 13.7739 9.76098 1e-06 0.0905495 0.0275541 0.256263 0.273183 862 0 0 0 0 1e-06
-1.10247 11.912 9.5719 1e-06 0.155744 0.0488864 0.215735 0.270532 863 0 0 0 0 1e-06
1.16167 10.8058 9.21358 1e-06 0.115128 -0.0148701 0.127185 0.172196 864 0 0 0 0 1e-06
8.05212 10.4915 8.7526 1e-06 0.0939808 -0.0805555 -0.0608667 0.137936 865 0 0 0 0 1e-06
-3.7136 10.0367 9.55133 1e-06 0.144897 0.0528323 0.308028 0.344482 866 0 0 0 0 1e-06
3.80229 9.51715 9.05513 1e-06 0.10934 -0.0889309 0.101371 0.173609 867 0 0 0 0 1e-06
2.89167 8.89073 9.1845 1e-06 0.109834 -0.0786213 0.0802634 0.157121 868 0 0 0 0 1e-06
-13.1204 8.82649 9.78845 1e-06 0.0838126 0.000113739 0.277479 0.289861 869 0 0 0 0 1e-06
10.0444 8.11145 8.13635 1e-06 0.0669469 -0.0431249 -0.203391 0.218425 870 0 0 0 0 1e-06
-6.0983 8.16291 9.87215 1e-06 0.140049 0.0611149 0.271092 0.311191 871 0 0 0 0 1e-06
14.5561 7.86948 8.046 1e-06 0.0493507 0.013772 -0.337847 0.34171 872 0 0 0 0 1e-06
1.28896 4.53005 9.11444 1e-06 0.0994716 -0.0840571 0.138194 0.189889 875 0 0 0 0 1e-06
-8.05978 4.14044 9.7668 1e-06 0.122242 0.0576393 0.286375 0.316664 877 0 0 0 0 1e-06
-1.66474 0.794917 9.34445 1e-06 0.0824537 -0.0234062 0.134524 0.159509 879 0 0 0 0 1e-06
-2.68723 -0.233455 9.24077 1e-06 0.0847627 -0.00924418 0.151797 0.174105 880 0 0 0 0 1e-06
7.69634 -0.82075 8.19136 1e-06 0.0158474 -0.0688791 -0.187925 0.200777 881 0 0 0 0 1e-06
3.73366 -2.21863 8.67431 1e-06 0.0171813 -0.076479 -0.141391 0.161665 882 0 0 0 0 1e-06
5.09795 -2.22375 8.34817 1e-06 0.00971622 -0.0654948 -0.11422 0.132023 883 0 0 0 0 1e-06
-1.12224 -2.44816 8.81531 1e-06 0.0182959 -0.0697434 0.0126172 0.0731989 884 0 0 0 0 1e-06
-6.25625 -4.06764 9.70743 1e-06 0.0943533 0.0119547 0.224141 0.243484 885 0 0 0 0 1e-06
-2.96467 -4.57486 9.34725 1e-06 0.0317259 -0.0381046 0.0964061 0.10841 886 0 0 0 0 1e-06
-4.18651 -4.74278 9.6239 1e-06 0.0564515 -0.016819 0.156766 0.167467 887 0 0 0 0 1e-06
13.6604 -5.57081 8.24522 1e-06 0.00589575 -0.0070551 -0.320981 0.321112 888 0 0 0 0 1e-06
9.71829 -6.94061 8.04047 1e-06 0.0218973 0.020979 -0.292537 0.294104 889 0 0 0 0 1e-06
11.6148 -9.85933 7.98149 1e-06 0.00979084 0.0229487 -0.321999 0.322964 891 0 0 0 0 1e-06
-10.2901 -9.88919 9.76187 1e-06 0.10527 0.0390282 0.257967 0.28134 892 0 0 0 0 1e-06
-11.0952 -10.3008 9.99559 1e-06 0.119159 0.0408527 0.275182 0.302643 893 0 0 0 0 1e-06
-14.4146 -10.7106 10.2153 1e-06 0.112719 -0.00157011 0.338261 0.356551 894 0 0 0 0 1e-06
3.06466 -11.1837 8.76747 1e-06 0.00719084 -0.0217557 -0.159518 0.161155 895 0 0 0 0 1e-06
-6.163 -11.2094 9.56161 1e-06 0.0535068 -0.0128014 0.164893 0.173829 896 0 0 0 0 1e-06
-5.34796 -11.7692 9.168 1e-06 0.01422 -0.00540508 0.0655887 0.0673298 897 0 0 0 0 1e-06
-7.36251 -12.1981 9.54249 1e-06 0.0560919 -0.0219402 0.192857 0.202043 899 0 0 0 0 1e-06
3.6011 -13.3834 8.72036 1e-06 0.0237139 -0.0291042 -0.110281 0.116496 902 0 0 0 0 1e-06
5.20548 -13.7756 8.68894 1e-06 0.00821017 -0.00741356 -0.227866 0.228134 903 0 0 0 0 1e-06
-7.17252 -14.9892 9.64493 1e-06 0.0439977 -0.0225197 0.136499 0.145172 904 0 0 0 0 1e-06
-15.0711 13.8212 10.0566 1e-06 0.0943772 0.040659 0.271743 0.290524 905 0 0 0 0 1e-06
0.981882 12.9031 10.016 1e-06 0.191906 0.0252261 0.19306 0.27338 906 0 0 0 0 1e-06
13.3481 11.5486 8.76754 1e-06 0.093429 -0.0150819 -0.234721 0.253082 907 0 0 0 0 1e-06
2.66966 10.7423 10.0662 1e-06 0.151719 -0.0131369 0.281256 0.319838 908 0 0 0 0 1e-06
11.4102 9.79981 8.48813 1e-06 0.0754717 -0.038839 -0.19647 0.214021 910 0 0 0 0 1e-06
3.71487 6.50879 9.2849 1e-06 0.106825 -0.0965774 0.0378949 0.148912 912 0 0 0 0 1e-06
7.89789 6.56748 8.79592 1e-06 0.0772711 -0.0591066 -0.145342 0.174896 913 0 0 0 0 1e-06
-14.0277 6.61851 10.2936 1e-06 0.0880366 -0.00724853 0.305469 0.317984 914 0 0 0 0 1e-06
-13.7979 5.11735 10.3452 1e-06 0.0884384 -0.0132863 0.295584 0.308817 915 0 0 0 0 1e-06
-7.18864 3.84967 10.1094 1e-06 0.118166 0.0696181 0.147693 0.201552 916 0 0 0 0 1e-06
14.6903 3.2284 8.36056 1e-06 0.0437635 -0.00995757 -0.325812 0.328888 918 0 0 0 0 1e-06
-11.7035 0.913372 10.2948 1e-06 0.108959 -0.00695792 0.337103 0.354343 919 0 0 0 0 1e-06
1.13356 0.512382 9.6142 1e-06 0.0621547 -0.0946402 0.0409693 0.12041 920 0 0 0 0 1e-06
-0.810324 0.300178 9.80076 1e-06 0.0771994 -0.0526117 0.0620375 0.112144 921 0 0 0 0 1e-06
-12.2039 -0.454518 10.3839 1e-06 0.10765 -0.010999 0.326377 0.343848 922 0 0 0 0 1e-06
-5.46593 -2.82411 9.94619 1e-06 0.110627 0.00741932 0.228123 0.253641 924 0 0 0 0 1e-06
-9.9601 -5.95342 10.4668 1e-06 0.138061 0.037884 0.279459 0.313996 925 0 0 0 0 1e-06
7.8604 -8.53962 8.63923 1e-06 0.00601719 0.0164062 -0.277076 0.277627 927 0 0 0 0 1e-06
-11.0862 -11.3482 10.2397 1e-06 0.128139 0.0376543 0.28817 0.317615 928 0 0 0 0 1e-06
-10.5022 -12.7563 10.2582 1e-06 0.107688 0.0244481 0.268666 0.290475 929 0 0 0 0 1e-06
-13.0931 -12.7987 10.1614 1e-06 0.0991441 0.0248242 0.347781 0.362487 930 0 0 0 0 1e-06
-14.2081 -13.0755 10.6723 1e-06 0.122872 0.0073066 0.323671 0.346286 931 0 0 0 0 1e-06
3.91043 -13.6397 9.09365 1e-06 0.0510054 -0.0293959 -0.172544 0.182311 932 0 0 0 0 1e-06
-7.59492 -13.9975 10.3905 1e-06 0.0930027 -0.0262806 0.237832 0.256719 933 0 0 0 0 1e-06
1.33849 -14.4295 9.20795 1e-06 0.0335737 -0.0179699 -0.158499 0.163009 934 0 0 0 0 1e-06
-5.40372 -14.6639 9.93014 1e-06 0.0614089 -0.00700475 0.0977166 0.115623 935 0 0 0 0 1e-06
-0.896652 13.5497 10.2846 1e-06 0.186582 0.0456675 0.224211 0.295244 937 0 0 0 0 1e-06
0.0752963 13.1892 10.2881 1e-06 0.193568 0.0376749 0.203701 0.283517 938 0 0 0 0 1e-06
-15.2231 13.2277 10.6389 1e-06 0.110584 0.0347974 0.304874 0.326171 939 0 0 0 0 1e-06
3.92515 12.687 9.86632 1e-06 0.174691 -0.030525 0.0769291 0.193305 940 0 0 0 0 1e-06
1.78309 3.90491 9.7804 1e-06 0.11444 -0.0876922 0.0899513 0.169934 942 0 0 0 0 1e-06
-6.7354 2.50879 10.3459 1e-06 0.151406 0.063102 0.283435 0.327476 943 0 0 0 0 1e-06
8.77642 1.53531 9.32158 1e-06 0.0669581 -0.0647436 -0.204892 0.225069 944 0 0 0 0 1e-06
5.01597 0.21795 9.39759 1e-06 0.0677452 -0.076246 -0.0867155 0.133875 945 0 0 0 0 1e-06
-13.4583 -0.0838549 10.7259 1e-06 0.108671 -0.0287984 0.346146 0.363945 946 0 0 0 0 1e-06
-8.06493 0.0029506 10.4298 1e-06 0.14706 0.0600969 0.28108 0.322869 947 0 0 0 0 1e-06
2.53697 -0.885283 9.74995 1e-06 0.0585744 -0.0983562 -0.00916328 0.114843 948 0 0 0 0 1e-06
12.7707 -3.93365 8.94229 1e-06 0.0333321 -9.51395e-05 -0.330237 0.331915 949 0 0 0 0 1e-06
6.52265 -4.35815 9.08764 1e-06 0.00514429 -0.0589874 -0.216425 0.224379 950 0 0 0 0 1e-06
-10.6077 -4.25029 10.6067 1e-06 0.146698 0.0358467 0.305371 0.340671 951 0 0 0 0 1e-06
11.6223 -5.73648 9.04022 1e-06 0.0489065 0.0104937 -0.420735 0.423698 953 0 0 0 0 1e-06
-7.047 -6.67615 10.2051 1e-06 0.104946 -0.000107991 0.212049 0.236598 954 0 0 0 0 1e-06
-4.22378 -9.96444 10.0808 1e-06 0.0584002 -0.038567 0.0870537 0.111698 957 0 0 0 0 1e-06
-7.11436 -10.4989 10.4403 1e-06 0.0672929 -0.00042239 0.302579 0.309972 958 0 0 0 0 1e-06
-10.6201 -10.9188 10.586 1e-06 0.13656 0.0336353 0.252525 0.289049 959 0 0 0 0 1e-06
-5.64608 -11.925 10.3252 1e-06 0.0767298 -0.0248566 0.118331 0.143204 960 0 0 0 0 1e-06
12.4134 -13.3201 8.96616 1e-06 0.0527617 -0.0199281 -0.324882 0.329741 962 0 0 0 0 1e-06
6.85519 -15.4084 9.15422 1e-06 0.0535493 0.0475406 -0.314775 0.322817 965 0 0 0 0 1e-06
-12.6743 -15.3634 10.8143 1e-06 0.121463 0.0352562 0.387308 0.407436 966 0 0 0 0 1e-06
3.94599 11.8728 9.93709 1e-06 0.167042 -0.0376052 0.0843584 0.190876 967 0 0 0 0 1e-06
-4.18757 9.55039 10.8018 1e-06 0.18311 0.0452536 0.304114 0.357858 968 0 0 0 0 1e-06
14.2677 6.631 9.29795 1e-06 0.0839778 -0.00186863 -0.284069 0.296227 969 0 0 0 0 1e-06
-9.18952 4.58285 10.9313 1e-06 0.134436 0.0151119 0.313802 0.341721 970 0 0 0 0 1e-06
10.6647 3.65853 9.32492 1e-06 0.0782283 -0.0327067 -0.262187 0.275556 971 0 0 0 0 1e-06
4.51428 -1.22251 9.80605 1e-06 0.0638094 -0.0695834 -0.0572839 0.110431 972 0 0 0 0 1e-06
9.83763 -1.70542 9.2607 1e-06 0.0649112 -0.0327866 -0.303342 0.311937 973 0 0 0 0 1e-06
-13.3139 -1.80365 10.9793 1e-06 0.118244 -0.0306161 0.334865 0.356446 974 0 0 0 0 1e-06
11.9479 -4.51798 9.39988 1e-06 0.0545221 0.00646137 -0.329801 0.334339 975 0 0 0 0 1e-06
-2.29362 -11.3423 10.0791 1e-06 0.0447145 -0.0533906 0.0239617 0.0736485 976 0 0 0 0 1e-06
-8.44938 12.8911 10.9117 1e-06 0.155351 0.00178125 0.320929 0.356557 978 0 0 0 0 1e-06
-0.225267 12.7274 10.7891 1e-06 0.201883 0.0345985 0.205627 0.290235 979 0 0 0 0 1e-06
6.98096 11.6457 9.58939 1e-06 0.138614 -0.0794953 -0.0609983 0.171038 980 0 0 0 0 1e-06
4.14406 10.578 10.1718 1e-06 0.153135 -0.0610663 0.038746 0.169354 981 0 0 0 0 1e-06
-7.26576 9.7915 10.9423 1e-06 0.153989 0.013068 0.291808 0.330205 982 0 0 0 0 1e-06
14.2303 9.46468 9.54122 1e-06 0.104325 -0.00320212 -0.263851 0.283745 983 0 0 0 0 1e-06
2.49849 8.04618 10.2272 1e-06 0.15522 -0.0365628 0.0861543 0.181253 984 0 0 0 0 1e-06
14.1099 7.62587 9.50495 1e-06 0.0969192 -0.00277868 -0.274933 0.291529 985 0 0 0 0 1e-06
11.4877 6.71145 9.43069 1e-06 0.097296 -0.0284103 -0.221906 0.243959 986 0 0 0 0 1e-06
-10.3381 3.51027 11.2012 1e-06 0.106609 0.00659368 0.203729 0.230031 987 0 0 0 0 1e-06
-0.837025 3.13038 10.4703 1e-06 0.14536 -0.0217023 0.131434 0.197169 988 0 0 0 0 1e-06
10.8361 1.03618 9.52304 1e-06 0.073501 -0.0236655 -0.289107 0.299241 989 0 0 0 0 1e-06
5.69795 -3.52659 9.67788 1e-06 0.0398858 -0.0703039 -0.192646 0.208916 991 0 0 0 0 1e-06
7.31028 -12.3995 9.43824 1e-06 0.0509631 0.0400905 -0.298035 0.305007 995 0 0 0 0 1e-06
13.9688 -12.9841 9.26035 1e-06 0.0404273 -0.0313037 -0.349433 0.353154 996 0 0 0 0 1e-06
1.42516 -15.2911 10.0996 1e-06 0.0921732 -0.0159847 0.0346082 0.0997454 999 0 0 0 0 1e-06
1.7355 15.2061 10.8245 1e-06 0.223427 0.0217264 0.157905 0.274455 1000 0 0 0 0 1e-06
-5.77942 13.3127 11.2749 1e-06 0.191385 0.0107926 0.288398 0.346292 1001 0 0 0 0 1e-06
5.61228 9.73304 10.0762 1e-06 0.156948 -0.066346 -0.0179107 0.171334 1003 0 0 0 0 1e-06
-12.5078 9.49168 11.4803 1e-06 0.123777 -0.0119066 0.307188 0.331401 1004 0 0 0 0 1e-06
-11.6235 7.11189 11.6116 1e-06 0.126638 -0.0141549 0.32303 0.347255 1005 0 0 0 0 1e-06
5.51308 5.15527 10.5509 1e-06 0.164557 -0.0718251 -0.0284097 0.181783 1007 0 0 0 0 1e-06
3.0354 3.06859 10.5395 1e-06 0.123813 -0.0974779 0.0213266 0.159017 1008 0 0 0 0 1e-06
9.81462 0.931705 9.84244 1e-06 0.0898722 -0.0452274 -0.23922 0.259517 1009 0 0 0 0 1e-06
-8.64408 1.02291 11.3682 1e-06 0.159986 0.0350934 0.285135 0.32883 1010 0 0 0 0 1e-06
-7.56352 -0.573207 11.0017 1e-06 0.157396 0.0529165 0.245803 0.296636 1011 0 0 0 0 1e-06
-6.58482 -1.87686 10.9538 1e-06 0.162257 0.0355899 0.245934 0.296779 1012 0 0 0 0 1e-06
-12.5065 -3.36858 11.3668 1e-06 0.142133 -0.0243829 0.320879 0.351795 1013 0 0 0 0 1e-06
-5.69507 -3.48504 10.8094 1e-06 0.143713 0.00170235 0.21151 0.25572 1014 0 0 0 0 1e-06
-11.4772 -5.06693 11.4824 1e-06 0.164023 0.0029993 0.320309 0.359875 1016 0 0 0 0 1e-06
8.34189 -8.01668 9.6874 1e-06 0.0483219 0.0123433 -0.302113 0.306202 1017 0 0 0 0 1e-06
-7.47694 -9.65863 10.8918 1e-06 0.11753 -0.0070274 0.181922 0.216699 1018 0 0 0 0 1e-06
-7.93019 -13.1719 10.9287 1e-06 0.101637 -0.0179635 0.184231 0.211172 1019 0 0 0 0 1e-06
-5.52757 12.906 11.3289 1e-06 0.192995 0.0109097 0.295765 0.353331 1020 0 0 0 0 1e-06
4.76299 9.0911 10.5498 1e-06 0.170698 -0.0435401 0.0146944 0.176776 1021 0 0 0 0 1e-06
0.663209 1.51069 10.9859 1e-06 0.125946 -0.0639937 0.0891204 0.167033 1023 0 0 0 0 1e-06
11.7388 1.49047 9.58078 1e-06 0.0774286 -0.00886533 -0.305694 0.315472 1024 0 0 0 0 1e-06
15.2232 -15.5393 9.51146 1e-06 0.0557492 -0.0372908 -0.360599 0.366784 1025 0 0 0 0 1e-06
14.6838 14.9954 9.74296 1e-06 0.137755 -0.0162583 -0.255284 0.290536 1026 0 0 0 0 1e-06
3.86493 14.2546 10.8262 1e-06 0.21487 -0.00334803 0.119012 0.24565 1027 0 0 0 0 1e-06
4.83019 14.1131 10.5817 1e-06 0.210179 -0.0174586 0.0529334 0.217444 1028 0 0 0 0 1e-06
3.18599 13.0883 10.7855 1e-06 0.202794 0.00204042 0.0921493 0.222758 1029 0 0 0 0 1e-06
-4.93923 6.58127 11.7222 1e-06 0.19731 0.0459264 0.256863 0.327137 1030 0 0 0 0 1e-06
12.3468 4.42011 9.85703 1e-06 0.0966555 -0.00598005 -0.293759 0.309309 1031 0 0 0 0 1e-06
8.21549 4.25053 10.6371 1e-06 0.147427 -0.0666489 -0.136165 0.211466 1032 0 0 0 0 1e-06
-11.9251 0.520284 11.9036 1e-06 0.140254 -0.0271448 0.337101 0.366121 1034 0 0 0 0 1e-06
-12.0677 -0.186139 11.7719 1e-06 0.140319 -0.0277671 0.33163 0.361163 1035 0 0 0 0 1e-06
3.12578 -1.98842 10.6319 1e-06 0.0845868 -0.0869851 -0.0581505 0.134547 1036 0 0 0 0 1e-06
0.226451 -2.01166 10.9801 1e-06 0.0933736 -0.0851252 0.0287028 0.129572 1037 0 0 0 0 1e-06
13.4971 -2.40409 10.0472 1e-06 0.0676877 -0.0217796 -0.309089 0.317163 1038 0 0 0 0 1e-06
7.21756 -2.54774 10.2124 1e-06 0.0763095 -0.0748759 -0.238073 0.260975 1039 0 0 0 0 1e-06
-0.982666 -3.45935 10.8238 1e-06 0.0874884 -0.0707307 0.0146878 0.113458 1040 0 0 0 0 1e-06
-14.9867 -4.08112 11.9326 1e-06 0.127768 -0.0441182 0.316867 0.344493 1041 0 0 0 0 1e-06
10.1888 -8.89818 9.6934 1e-06 0.0553545 0.0262503 -0.313668 0.319595 1043 0 0 0 0 1e-06
12.4116 -14.6552 9.49008 1e-06 0.0399844 -0.0220471 -0.392628 0.395274 1045 0 0 0 0 1e-06
-13.0867 -14.6048 11.6108 1e-06 0.143153 0.00527901 0.27262 0.307965 1046 0 0 0 0 1e-06
-13.7729 15.2933 12.0244 1e-06 0.134668 0.0291356 0.319422 0.347872 1047 0 0 0 0 1e-06
6.88514 11.9013 11.0477 1e-06 0.202294 -0.0434189 0.00811794 0.207061 1048 0 0 0 0 1e-06
-10.8537 7.79967 11.9676 1e-06 0.14041 -0.0129712 0.301448 0.332797 1050 0 0 0 0 1e-06
2.56159 6.30831 10.8752 1e-06 0.179791 -0.0420574 0.060246 0.194225 1051 0 0 0 0 1e-06
2.08267 3.65732 11.0623 1e-06 0.145795 -0.0688402 0.0141286 0.161848 1052 0 0 0 0 1e-06
-14.0811 3.18977 11.8464 1e-06 0.113353 -0.0268341 0.304106 0.325652 1053 0 0 0 0 1e-06
-11.3524 2.97058 11.9561 1e-06 0.136834 -0.0210644 0.320361 0.348996 1054 0 0 0 0 1e-06
11.9335 2.35937 10.3422 1e-06 0.107817 -0.011344 -0.278167 0.298546 1055 0 0 0 0 1e-06
12.4207 0.870927 10.4118 1e-06 0.0994615 -0.00651339 -0.279185 0.296445 1056 0 0 0 0 1e-06
6.97017 0.569808 10.5179 1e-06 0.109811 -0.091648 -0.181452 0.231047 1057 0 0 0 0 1e-06
8.54499 0.592897 10.5695 1e-06 0.106423 -0.0698097 -0.225558 0.25899 1058 0 0 0 0 1e-06
1.85014 -3.83349 10.5861 1e-06 0.0628714 -0.10231 -0.0598788 0.134185 1059 0 0 0 0 1e-06
-4.24791 -10.1584 11.5398 1e-06 0.113808 -0.0444483 0.174068 0.212667 1060 0 0 0 0 1e-06
7.59428 -11.2755 10.2892 1e-06 0.0927787 0.0273033 -0.26419 0.281336 1062 0 0 0 0 1e-06
-7.97848 -12.894 11.6673 1e-06 0.126541 -0.0110975 0.233272 0.265616 1063 0 0 0 0 1e-06
-14.1664 -14.1924 11.8824 1e-06 0.146995 -0.00310863 0.267287 0.305057 1064 0 0 0 0 1e-06
-13.7833 14.5234 12.2437 1e-06 0.127333 0.0293329 0.295878 0.323447 1066 0 0 0 0 1e-06
6.18052 12.0651 11.1016 1e-06 0.202698 -0.0343358 -0.0114098 0.205902 1067 0 0 0 0 1e-06
-4.47208 10.9549 12.1963 1e-06 0.216899 0.0101524 0.265353 0.342871 1068 0 0 0 0 1e-06
6.31615 9.4854 10.9424 1e-06 0.190358 -0.03784 -0.0295454 0.196319 1070 0 0 0 0 1e-06
2.71907 7.5629 11.0894 1e-06 0.199413 -0.0304074 0.0938881 0.222498 1071 0 0 0 0 1e-06
-13.3303 4.71892 12.1123 1e-06 0.110268 -0.0198004 0.389206 0.405009 1072 0 0 0 0 1e-06
-14.6962 -1.84206 12.173 1e-06 0.128923 -0.0423114 0.29935 0.328667 1073 0 0 0 0 1e-06
10.472 -6.18275 10.3518 1e-06 0.0941286 0.00398975 -0.341824 0.35457 1074 0 0 0 0 1e-06
-3.85053 -10.1653 11.4924 1e-06 0.119388 -0.0492177 0.04622 0.137158 1076 0 0 0 0 1e-06
0.678219 -15.3097 11.1906 1e-06 0.109848 -0.0450605 -0.197844 0.230736 1077 0 0 0 0 1e-06
-12.9664 -15.3825 12.0946 1e-06 0.142592 -0.00512735 0.0200728 0.144089 1078 0 0 0 0 1e-06
13.4588 14.7973 10.8076 1e-06 0.165177 -0.0185094 -0.247094 0.297795 1079 0 0 0 0 1e-06
11.2957 12.7778 10.7686 1e-06 0.160648 -0.0329695 -0.216791 0.271833 1080 0 0 0 0 1e-06
12.5305 9.71024 10.6587 1e-06 0.136805 -0.025317 -0.241077 0.278343 1081 0 0 0 0 1e-06
-14.2213 8.75778 12.1749 1e-06 0.119238 0.00811676 0.234612 0.263298 1083 0 0 0 0 1e-06
8.89398 7.66001 10.8651 1e-06 0.155944 -0.047101 -0.137536 0.213198 1084 0 0 0 0 1e-06
-1.10199 7.47041 12.0222 1e-06 0.229033 0.00979889 0.140173 0.268702 1085 0 0 0 0 1e-06
1.57652 6.36818 11.747 1e-06 0.220035 -0.0230755 0.119333 0.251372 1086 0 0 0 0 1e-06
3.88042 4.80973 11.4975 1e-06 0.19357 -0.0614059 0.0123662 0.203453 1087 0 0 0 0 1e-06
9.90409 3.0487 11.0913 1e-06 0.142683 -0.0450825 -0.206867 0.255313 1088 0 0 0 0 1e-06
9.22131 2.60892 11.1168 1e-06 0.139428 -0.0584829 -0.25277 0.294539 1089 0 0 0 0 1e-06
-15.2487 2.3925 12.3222 1e-06 0.119887 -0.0281416 0.300868 0.325094 1090 0 0 0 0 1e-06
-2.79456 -0.990808 12.2835 1e-06 0.191958 -0.0167524 0.176338 0.261196 1091 0 0 0 0 1e-06
-2.29238 -6.85206 11.4346 1e-06 0.110946 -0.0488988 0.0537281 0.132616 1092 0 0 0 0 1e-06
14.6892 -8.26181 10.7784 1e-06 0.0735958 -0.0462056 -0.36698 0.377128 1093 0 0 0 0 1e-06
7.36646 -8.17078 10.8489 1e-06 0.0952754 -0.00771088 -0.281873 0.29764 1094 0 0 0 0 1e-06
0.0185202 -8.9053 11.6335 1e-06 0.0840277 -0.0830125 -0.0242294 0.120577 1095 0 0 0 0 1e-06
-4.28606 -8.95179 11.9212 1e-06 0.149408 -0.0405691 0.0776456 0.173197 1096 0 0 0 0 1e-06
-8.63695 -9.12735 12.096 1e-06 0.192232 0.016494 0.224169 0.295765 1097 0 0 0 0 1e-06
10.968 -10.2002 10.7651 1e-06 0.0907654 -0.00127752 -0.330007 0.342264 1098 0 0 0 0 1e-06
-11.6687 -10.6681 12.4804 1e-06 0.190183 0.00373501 0.25681 0.319585 1099 0 0 0 0 1e-06
-5.32085 -10.9652 11.7473 1e-06 0.145241 -0.0325024 0.119143 0.190647 1100 0 0 0 0 1e-06
-4.00401 -12.8808 11.5378 1e-06 0.102341 -0.0621765 0.0036198 0.119802 1101 0 0 0 0 1e-06
-5.3003 -13.6494 11.6442 1e-06 0.123082 -0.0412207 0.0634039 0.144459 1103 0 0 0 0 1e-06
-3.81159 -14.0666 11.8492 1e-06 0.128613 -0.0589047 0.0501057 0.150072 1104 0 0 0 0 1e-06
6.79922 15.3986 11.9302 1e-06 0.243783 -0.0339446 -0.0251728 0.247419 1105 0 0 0 0 1e-06
-13.5624 15.1252 12.631 1e-06 0.138924 0.027788 0.250366 0.287672 1106 0 0 0 0 1e-06
7.23607 14.8487 11.744 1e-06 0.230535 -0.0421319 -0.0406654 0.237856 1107 0 0 0 0 1e-06
1.8087 13.5748 12.3334 1e-06 0.246344 0.0157134 0.115227 0.272414 1108 0 0 0 0 1e-06
13.9452 11.6273 11.0987 1e-06 0.153834 -0.0162033 -0.272348 0.313211 1109 0 0 0 0 1e-06
-13.0888 11.3466 12.7227 1e-06 0.145992 0.00143612 0.304065 0.3373 1110 0 0 0 0 1e-06
-12.2506 10.5709 12.8703 1e-06 0.147695 -0.0180855 0.311747 0.345437 1111 0 0 0 0 1e-06
7.64727 9.47531 11.4654 1e-06 0.186875 -0.0501754 -0.103226 0.219307 1112 0 0 0 0 1e-06
-13.0194 9.39403 12.9385 1e-06 0.145031 -0.0112763 0.305884 0.338712 1113 0 0 0 0 1e-06
6.19782 9.23504 11.4289 1e-06 0.209464 -0.0296476 -0.00931363 0.211757 1114 0 0 0 0 1e-06
2.51686 8.41873 11.7964 1e-06 0.228974 -0.02451 0.0743745 0.241994 1115 0 0 0 0 1e-06
14.9061 7.91639 11.014 1e-06 0.13853 -0.0369044 -0.312112 0.343463 1117 0 0 0 0 1e-06
5.48319 7.57578 11.4355 1e-06 0.201841 -0.0392892 -0.0254724 0.207201 1118 0 0 0 0 1e-06
14.8067 7.22493 10.83 1e-06 0.122861 -0.0311343 -0.315901 0.340379 1119 0 0 0 0 1e-06
4.15755 5.64957 11.5921 1e-06 0.201574 -0.0580666 0.0201266 0.210734 1120 0 0 0 0 1e-06
13.8025 4.38575 11.1269 1e-06 0.121556 -0.0232912 -0.319905 0.343013 1121 0 0 0 0 1e-06
2.7074 4.04197 11.7909 1e-06 0.192143 -0.0553254 -0.00980489 0.20019 1122 0 0 0 0 1e-06
-13.2941 3.68147 12.7571 1e-06 0.132403 -0.0305958 0.272142 0.304184 1123 0 0 0 0 1e-06
1.69277 3.25363 11.9969 1e-06 0.205008 -0.0506302 0.0570091 0.218728 1125 0 0 0 0 1e-06
-13.006 3.18076 12.8702 1e-06 0.1402 -0.0335637 0.295717 0.328985 1126 0 0 0 0 1e-06
9.42864 1.93904 11.1564 1e-06 0.148687 -0.0578779 -0.256598 0.302159 1127 0 0 0 0 1e-06
0.991523 1.44983 12.0548 1e-06 0.164449 -0.0546384 0.0439687 0.178779 1128 0 0 0 0 1e-06
-2.66878 -0.54345 12.6659 1e-06 0.210454 -0.0149717 0.168262 0.269865 1129 0 0 0 0 1e-06
-6.08819 -1.07467 12.6168 1e-06 0.213842 0.0290839 0.236568 0.320217 1131 0 0 0 0 1e-06
-9.60458 -2.56327 12.6523 1e-06 0.182669 0.0111617 0.277584 0.332484 1132 0 0 0 0 1e-06
14.1175 -3.65126 11.0492 1e-06 0.0863107 -0.0384966 -0.327444 0.34081 1133 0 0 0 0 1e-06
3.51397 -6.75616 11.6522 1e-06 0.116685 -0.0535733 -0.145313 0.193911 1135 0 0 0 0 1e-06
-0.660855 -7.08017 12.0342 1e-06 0.11645 -0.0720395 0.0108109 0.137358 1136 0 0 0 0 1e-06
13.6875 -7.53458 11.0437 1e-06 0.0851242 -0.0427538 -0.356589 0.369093 1137 0 0 0 0 1e-06
4.71703 -7.57173 11.7315 1e-06 0.111883 -0.0353129 -0.169676 0.206288 1138 0 0 0 0 1e-06
-5.90287 -8.86192 12.6189 1e-06 0.19315 -0.0240764 0.15398 0.248186 1139 0 0 0 0 1e-06
4.87232 -8.9137 11.7956 1e-06 0.116577 -0.0245051 -0.188169 0.222706 1140 0 0 0 0 1e-06
5.55672 -10.49 11.5033 1e-06 0.124363 -0.0196566 -0.19658 0.233444 1141 0 0 0 0 1e-06
-14.4231 -11.3686 12.7638 1e-06 0.160206 -0.0359088 0.275828 0.320993 1142 0 0 0 0 1e-06
-6.60991 -11.4618 12.3052 1e-06 0.150575 -0.0298427 0.052951 0.16238 1143 0 0 0 0 1e-06
13.4012 -12.1859 10.5249 1e-06 0.0716583 -0.0405758 -0.353843 0.363299 1144 0 0 0 0 1e-06
-9.78631 -13.2336 12.4826 1e-06 0.19654 0.00892435 0.208496 0.286668 1145 0 0 0 0 1e-06
-11.5228 -13.8311 12.9932 1e-06 0.207645 -0.00772991 0.281385 0.349791 1146 0 0 0 0 1e-06
-14.9302 -14.6187 12.7522 1e-06 0.163135 -0.0300604 0.291364 0.335275 1147 0 0 0 0 1e-06
-13.9038 -14.8821 13.1969 1e-06 0.187915 -0.017026 0.310455 0.363297 1148 0 0 0 0 1e-06
9.63958 14.8507 11.5254 1e-06 0.206047 -0.0361418 -0.129308 0.245931 1149 0 0 0 0 1e-06
-9.96665 13.1729 13.3745 1e-06 0.169643 -0.03671 0.360951 0.400514 1151 0 0 0 0 1e-06
8.97619 12.7663 11.909 1e-06 0.201764 -0.0400297 -0.0738283 0.218545 1153 0 0 0 0 1e-06
2.88238 12.7942 12.0305 1e-06 0.234406 0.00942841 0.0388064 0.237783 1154 0 0 0 0 1e-06
-2.08527 12.1833 13.2473 1e-06 0.251758 0.00834961 0.209784 0.327812 1155 0 0 0 0 1e-06
-4.57071 9.31273 13.0848 1e-06 0.235433 -0.000157733 0.304973 0.385275 1157 0 0 0 0 1e-06
2.6337 8.92451 12.5232 1e-06 0.246904 -0.0189077 0.0600117 0.254795 1158 0 0 0 0 1e-06
-8.66572 8.94936 13.0415 1e-06 0.185887 -0.0159877 0.296082 0.349963 1159 0 0 0 0 1e-06
-4.82374 8.46116 12.6544 1e-06 0.221062 0.0198314 0.225852 0.316656 1160 0 0 0 0 1e-06
7.64439 7.76873 11.5242 1e-06 0.187004 -0.0545628 -0.126749 0.232407 1161 0 0 0 0 1e-06
0.576451 7.45999 12.5407 1e-06 0.249662 -0.00527713 0.0981133 0.2683 1162 0 0 0 0 1e-06
12.9132 7.00882 11.6265 1e-06 0.161262 -0.0153008 -0.238185 0.288048 1163 0 0 0 0 1e-06
2.87639 6.9264 12.1646 1e-06 0.237283 -0.0439337 0.0656451 0.250085 1164 0 0 0 0 1e-06
11.5238 6.60104 11.6129 1e-06 0.164326 -0.0244163 -0.225589 0.28016 1165 0 0 0 0 1e-06
-5.37727 5.91974 12.556 1e-06 0.199403 0.0330312 0.178778 0.269841 1166 0 0 0 0 1e-06
12.9531 5.63613 11.319 1e-06 0.138799 -0.00919228 -0.308172 0.338111 1167 0 0 0 0 1e-06
13.4352 3.92665 11.3598 1e-06 0.131225 -0.0234516 -0.295295 0.32399 1168 0 0 0 0 1e-06
12.8145 3.80484 11.6386 1e-06 0.159007 -0.0217937 -0.2201 0.272401 1169 0 0 0 0 1e-06
0.629015 3.81524 12.6405 1e-06 0.235554 -0.0248697 0.0676538 0.246336 1170 0 0 0 0 1e-06
11.6651 3.5952 11.4325 1e-06 0.162851 -0.0233352 -0.205352 0.263125 1171 0 0 0 0 1e-06
-0.722218 3.03386 12.7797 1e-06 0.22591 -0.0136665 0.120175 0.25625 1172 0 0 0 0 1e-06
-7.91041 1.88267 13.2128 1e-06 0.205107 0.0133701 0.293317 0.358166 1173 0 0 0 0 1e-06
4.04184 1.39376 12.1819 1e-06 0.184243 -0.071996 -0.0634891 0.207749 1174 0 0 0 0 1e-06
-1.25951 1.40848 12.5957 1e-06 0.198088 -0.0209709 0.0834614 0.215973 1175 0 0 0 0 1e-06
-13.929 0.697757 12.9864 1e-06 0.141362 -0.0415637 0.284635 0.320512 1176 0 0 0 0 1e-06
6.18658 0.277115 12.0849 1e-06 0.168038 -0.0877751 -0.143872 0.237993 1177 0 0 0 0 1e-06
-10.5579 -0.106674 13.4243 1e-06 0.185459 -0.0287979 0.305327 0.358398 1178 0 0 0 0 1e-06
-9.96364 -1.47598 12.8072 1e-06 0.184699 -0.00432842 0.274871 0.33119 1179 0 0 0 0 1e-06
-5.63856 -1.44792 13.2658 1e-06 0.23512 0.0219698 0.236135 0.333952 1180 0 0 0 0 1e-06
-11.7785 -3.01735 13.0986 1e-06 0.166793 -0.036413 0.246726 0.300033 1181 0 0 0 0 1e-06
0.648446 -4.79355 12.301 1e-06 0.138241 -0.077718 -0.00890398 0.158839 1182 0 0 0 0 1e-06
-0.1041 -5.07696 12.3613 1e-06 0.148902 -0.0609503 0.00789179 0.161087 1183 0 0 0 0 1e-06
-13.2126 -5.25409 13.5525 1e-06 0.178031 -0.0557753 0.314733 0.365873 1184 0 0 0 0 1e-06
-11.3579 -5.42231 13.2021 1e-06 0.203993 -0.0316226 0.308261 0.370996 1185 0 0 0 0 1e-06
14.344 -8.79702 11.6777 1e-06 0.0965418 -0.0534931 -0.325102 0.343327 1189 0 0 0 0 1e-06
9.89818 -8.9426 11.2175 1e-06 0.102169 0.0116081 -0.392771 0.406008 1190 0 0 0 0 1e-06
-0.533516 -9.51473 12.1863 1e-06 0.125865 -0.078029 -0.0211259 0.149589 1191 0 0 0 0 1e-06
-6.10283 -9.80094 12.6611 1e-06 0.190738 -0.0271938 0.109153 0.221438 1192 0 0 0 0 1e-06
9.63822 -9.83231 11.6352 1e-06 0.128355 0.00532201 -0.316854 0.341906 1193 0 0 0 0 1e-06
2.01541 -11.023 12.3573 1e-06 0.134503 -0.0423138 -0.115419 0.182218 1194 0 0 0 0 1e-06
-4.264 -12.9125 12.6698 1e-06 0.165253 -0.051855 0.123722 0.212849 1195 0 0 0 0 1e-06
12.0534 -14.1225 11.0904 1e-06 0.0891572 -0.0399842 -0.34507 0.358637 1196 0 0 0 0 1e-06
9.46541 -14.2162 11.0813 1e-06 0.104453 0.00263342 -0.340695 0.356357 1197 0 0 0 0 1e-06
-14.5152 -14.9562 13.3658 1e-06 0.184496 -0.0319311 0.322475 0.372892 1198 0 0 0 0 1e-06
10.6584 -15.4285 11.6657 1e-06 0.115671 -0.0329859 -0.341045 0.361634 1200 0 0 0 0 1e-06
9.08991 15.1505 12.2004 1e-06 0.230918 -0.0318464 -0.0976546 0.252732 1201 0 0 0 0 1e-06
-8.83952 14.4654 13.536 1e-06 0.178218 -0.0397006 0.270266 0.326162 1202 0 0 0 0 1e-06
-3.38505 13.846 13.3628 1e-06 0.254418 -0.0074012 0.31475 0.404785 1203 0 0 0 0 1e-06
5.85656 12.5982 12.4011 1e-06 0.239902 -0.0217987 -0.00747495 0.241007 1204 0 0 0 0 1e-06
12.7412 11.4859 11.6041 1e-06 0.178863 -0.0266083 -0.256429 0.313777 1205 0 0 0 0 1e-06
7.70561 11.4196 12.1814 1e-06 0.218716 -0.040724 -0.0638898 0.231467 1206 0 0 0 0 1e-06
5.55274 11.4219 12.7883 1e-06 0.246924 -0.0229287 0.0185098 0.248676 1207 0 0 0 0 1e-06
9.10683 10.7716 12.23 1e-06 0.206184 -0.0366965 -0.10883 0.236014 1208 0 0 0 0 1e-06
-12.3395 10.871 13.6717 1e-06 0.160959 -0.00921927 0.323796 0.361713 1209 0 0 0 0 1e-06
-11.397 10.4206 13.516 1e-06 0.162654 -0.0280238 0.321092 0.361028 1210 0 0 0 0 1e-06
0.799104 9.44333 13.3472 1e-06 0.269323 0.00205401 0.10826 0.290274 1211 0 0 0 0 1e-06
11.3064 9.1498 11.9569 1e-06 0.182583 -0.0292779 -0.205668 0.276574 1212 0 0 0 0 1e-06
11.9787 8.37226 12.2412 1e-06 0.188035 -0.0230381 -0.206186 0.280001 1213 0 0 0 0 1e-06
-13.4731 7.88701 13.8147 1e-06 0.158101 -0.01138 0.288795 0.329436 1214 0 0 0 0 1e-06
-12.2119 7.75739 13.7295 1e-06 0.163909 -0.0288335 0.334957 0.374024 1215 0 0 0 0 1e-06
-3.53305 5.32658 13.55 1e-06 0.255773 0.0182862 0.23106 0.345171 1216 0 0 0 0 1e-06
-2.95768 4.68364 12.9969 1e-06 0.238775 0.0285319 0.181923 0.301535 1217 0 0 0 0 1e-06
-3.86054 3.19246 13.3407 1e-06 0.226356 0.0288457 0.153231 0.274861 1218 0 0 0 0 1e-06
7.39475 2.51143 12.3703 1e-06 0.197191 -0.0799926 -0.144479 0.257211 1219 0 0 0 0 1e-06
6.05209 2.45535 12.3572 1e-06 0.196914 -0.0856759 -0.104689 0.238905 1220 0 0 0 0 1e-06
11.3137 -0.00517395 11.7935 1e-06 0.139773 -0.0197065 -0.306951 0.337851 1221 0 0 0 0 1e-06
-9.71281 -0.217871 13.5072 1e-06 0.197426 -0.0185863 0.306609 0.365146 1222 0 0 0 0 1e-06
7.54301 -3.32507 12.1887 1e-06 0.149348 -0.0483654 -0.23625 0.283652 1223 0 0 0 0 1e-06
5.07239 -3.38341 12.3788 1e-06 0.160982 -0.0585847 -0.199102 0.262658 1224 0 0 0 0 1e-06
-1.55511 -3.81786 13.0492 1e-06 0.193494 -0.0536294 0.0453146 0.205839 1225 0 0 0 0 1e-06
12.2355 -4.10516 11.9122 1e-06 0.12161 -0.0311387 -0.324673 0.348097 1226 0 0 0 0 1e-06
3.83829 -4.92331 12.4875 1e-06 0.156073 -0.0539241 -0.172216 0.23859 1227 0 0 0 0 1e-06
2.13607 -6.85428 12.651 1e-06 0.151255 -0.061643 -0.0691577 0.177372 1228 0 0 0 0 1e-06
-11.9616 -9.99557 13.6962 1e-06 0.222007 -0.0277302 0.278298 0.357079 1230 0 0 0 0 1e-06
-13.2796 -10.199 13.6798 1e-06 0.1963 -0.0439193 0.263373 0.331403 1231 0 0 0 0 1e-06
3.49651 -13.0085 12.578 1e-06 0.158095 -0.0232082 -0.201661 0.257293 1232 0 0 0 0 1e-06
-9.36667 14.834 14.2202 1e-06 0.182333 -0.0320251 0.328182 0.376795 1234 0 0 0 0 1e-06
9.56084 13.7178 12.6583 1e-06 0.233538 -0.0328818 -0.10756 0.259211 1235 0 0 0 0 1e-06
-10.7283 13.7704 13.976 1e-06 0.172668 -0.0172037 0.290027 0.337974 1236 0 0 0 0 1e-06
1.52077 12.496 13.6506 1e-06 0.274668 0.00730805 0.159914 0.317913 1237 0 0 0 0 1e-06
10.8921 11.2598 12.3675 1e-06 0.203229 -0.0329067 -0.178869 0.272725 1238 0 0 0 0 1e-06
-4.25895 10.8672 14.1348 1e-06 0.24722 -0.0120305 0.218809 0.330363 1239 0 0 0 0 1e-06
-11.0514 7.38049 13.8628 1e-06 0.169856 -0.0286522 0.301282 0.347049 1240 0 0 0 0 1e-06
-7.35075 6.89213 13.8623 1e-06 0.207421 -0.0174628 0.293816 0.360079 1241 0 0 0 0 1e-06
-0.203294 5.41978 13.7674 1e-06 0.276924 -0.000250266 0.130838 0.306277 1242 0 0 0 0 1e-06
-11.5945 5.36354 14.1896 1e-06 0.173369 -0.0354793 0.333193 0.377271 1243 0 0 0 0 1e-06
9.12454 1.97183 12.7075 1e-06 0.197027 -0.0526075 -0.190071 0.278772 1245 0 0 0 0 1e-06
0.922603 1.49877 13.6156 1e-06 0.255223 -0.0274988 0.0908265 0.272294 1246 0 0 0 0 1e-06
11.6011 1.18927 12.3391 1e-06 0.15815 -0.0233174 -0.287201 0.328693 1247 0 0 0 0 1e-06
13.9383 0.697086 12.2914 1e-06 0.15335 -0.0523799 -0.311195 0.350859 1248 0 0 0 0 1e-06
13.6266 0.216908 12.2921 1e-06 0.131282 -0.0449097 -0.341749 0.368842 1249 0 0 0 0 1e-06
9.47717 -1.79927 12.5782 1e-06 0.178634 -0.0364599 -0.295282 0.347031 1250 0 0 0 0 1e-06
-8.09875 -1.92007 13.976 1e-06 0.236425 -0.00405198 0.283142 0.368894 1251 0 0 0 0 1e-06
-12.2031 -2.29847 14.1611 1e-06 0.185978 -0.0533002 0.293364 0.351413 1252 0 0 0 0 1e-06
-10.2309 -2.24684 14.023 1e-06 0.201833 -0.0302796 0.299302 0.362264 1253 0 0 0 0 1e-06
3.88703 -4.04649 12.8356 1e-06 0.168741 -0.056105 -0.140998 0.22694 1255 0 0 0 0 1e-06
-11.3861 -4.28206 13.7861 1e-06 0.203788 -0.0425567 0.298082 0.363584 1256 0 0 0 0 1e-06
-10.9413 -4.67489 14.1457 1e-06 0.216312 -0.042292 0.293667 0.367178 1257 0 0 0 0 1e-06
8.92958 -5.79663 12.1798 1e-06 0.140487 -0.00746283 -0.332922 0.361427 1258 0 0 0 0 1e-06
13.4221 -7.18289 12.2628 1e-06 0.117897 -0.0545905 -0.325629 0.350591 1259 0 0 0 0 1e-06
-6.9564 -7.45396 13.8573 1e-06 0.250843 0.000852301 0.207804 0.325738 1260 0 0 0 0 1e-06
-14.7923 -8.55325 14.2272 1e-06 0.176836 -0.0606201 0.321962 0.372297 1261 0 0 0 0 1e-06
-0.218582 -8.62315 13.0353 1e-06 0.172186 -0.0582665 -0.0738842 0.196219 1262 0 0 0 0 1e-06
-9.5955 -8.55142 13.7529 1e-06 0.240937 0.00100211 0.248107 0.345845 1263 0 0 0 0 1e-06
13.4621 -9.69885 12.1554 1e-06 0.115029 -0.0579696 -0.304428 0.330558 1264 0 0 0 0 1e-06
13.439 -11.5825 12.2314 1e-06 0.108454 -0.0570238 -0.336538 0.35815 1265 0 0 0 0 1e-06
4.89461 -13.1121 12.9865 1e-06 0.179353 -0.032938 -0.238795 0.300459 1267 0 0 0 0 1e-06
-2.45196 -13.8575 13.2455 1e-06 0.184906 -0.0725298 -0.000872565 0.198625 1268 0 0 0 0 1e-06
-5.29901 -13.9093 13.2909 1e-06 0.191481 -0.0465823 0.0975232 0.219876 1269 0 0 0 0 1e-06
5.23671 -14.6366 12.5927 1e-06 0.167335 -0.0110404 -0.255653 0.305747 1270 0 0 0 0 1e-06
-8.33613 -14.8465 13.6254 1e-06 0.241865 -0.00962262 0.249317 0.347491 1271 0 0 0 0 1e-06
-8.59364 8.41865 14.1923 1e-06 0.203949 -0.0280252 0.293499 0.3585 1273 0 0 0 0 1e-06
-14.8684 -7.85054 14.4489 1e-06 0.176702 -0.0614343 0.303621 0.356628 1274 0 0 0 0 1e-06
9.24541 14.2517 13.1571 1e-06 0.254556 -0.032424 -0.0919146 0.272577 1276 0 0 0 0 1e-06
-2.00588 14.1956 14.058 1e-06 0.267331 -0.00379082 0.204817 0.336794 1277 0 0 0 0 1e-06
-2.15896 11.2059 14.1979 1e-06 0.269808 -0.0104181 0.216756 0.346248 1278 0 0 0 0 1e-06
3.91196 11.0669 13.6826 1e-06 0.271815 -0.0113891 0.101961 0.290532 1279 0 0 0 0 1e-06
2.47371 5.92704 13.3972 1e-06 0.264652 -0.0438267 0.0355779 0.270605 1281 0 0 0 0 1e-06
-15.0893 5.59828 14.2245 1e-06 0.161371 -0.00161536 0.295039 0.336291 1282 0 0 0 0 1e-06
-2.77426 4.03974 14.2127 1e-06 0.268961 0.0184013 0.160255 0.313624 1283 0 0 0 0 1e-06
3.48843 -0.579268 13.5035 1e-06 0.229236 -0.0690518 -0.028982 0.241158 1284 0 0 0 0 1e-06
-5.43477 -0.665237 14.185 1e-06 0.256295 0.0115138 0.218623 0.337069 1285 0 0 0 0 1e-06
8.75088 -4.0357 12.9422 1e-06 0.176081 -0.0216464 -0.24814 0.305035 1286 0 0 0 0 1e-06
8.75456 -4.66087 12.9312 1e-06 0.180128 -0.0187866 -0.2719 0.326694 1288 0 0 0 0 1e-06
13.7303 -6.21318 12.7374 1e-06 0.127008 -0.0601274 -0.34039 0.368254 1289 0 0 0 0 1e-06
-14.7233 -7.0617 14.5697 1e-06 0.165201 -0.062267 0.199572 0.266453 1290 0 0 0 0 1e-06
-8.5888 -12.8695 14.2339 1e-06 0.25943 -0.0127771 0.248169 0.359242 1291 0 0 0 0 1e-06
-14.1587 15.2244 14.8937 1e-06 0.170679 0.0303629 0.248889 0.303313 1292 0 0 0 0 1e-06
-5.30159 2.04843 14.575 1e-06 0.249295 0.0135842 0.185433 0.310995 1293 0 0 0 0 1e-06
5.46615 -0.436585 13.6754 1e-06 0.22147 -0.0683864 -0.144527 0.273156 1295 0 0 0 0 1e-06
10.062 13.9595 13.5989 1e-06 0.254888 -0.0330272 -0.177955 0.312613 1296 0 0 0 0 1e-06
-4.2156 8.82902 14.5988 1e-06 0.255405 -0.0159659 0.217551 0.33588 1297 0 0 0 0 1e-06
-9.28439 8.60616 14.9524 1e-06 0.202594 -0.0341035 0.272079 0.340932 1298 0 0 0 0 1e-06
12.7965 6.486 13.5106 1e-06 0.214145 -0.0420193 -0.181608 0.28391 1299 0 0 0 0 1e-06
-13.3737 4.82561 15.1163 1e-06 0.162727 -0.0240429 0.284182 0.328356 1300 0 0 0 0 1e-06
14.3132 0.743078 12.8011 1e-06 0.145992 -0.0576051 -0.328598 0.364154 1301 0 0 0 0 1e-06
5.70779 -1.90274 13.6368 1e-06 0.216938 -0.0625165 -0.146924 0.269364 1302 0 0 0 0 1e-06
3.0014 -3.73916 13.8392 1e-06 0.220097 -0.0547785 -0.0937908 0.245439 1303 0 0 0 0 1e-06
6.69774 -5.70766 13.84 1e-06 0.219298 -0.0236145 -0.215341 0.308255 1304 0 0 0 0 1e-06
6.00632 -8.55318 13.3835 1e-06 0.185685 -0.023683 -0.277973 0.335126 1306 0 0 0 0 1e-06
13.7943 -12.3644 12.8447 1e-06 0.125881 -0.0643795 -0.371337 0.397343 1307 0 0 0 0 1e-06
1.04472 -14.5648 13.7539 1e-06 0.22161 -0.0481658 -0.13857 0.265768 1309 0 0 0 0 1e-06
-3.57743 11.0719 14.8987 1e-06 0.259934 -0.0174826 0.212284 0.336059 1310 0 0 0 0 1e-06
15.1186 9.11768 13.2686 1e-06 0.205043 -0.0736058 -0.255519 0.335784 1312 0 0 0 0 1e-06
-8.49584 7.92167 14.8882 1e-06 0.211533 -0.0331738 0.224545 0.31027 1313 0 0 0 0 1e-06
7.61359 7.46821 13.9463 1e-06 0.264983 -0.0409079 -0.113501 0.291156 1314 0 0 0 0 1e-06
-8.20263 5.05826 15.1236 1e-06 0.210269 -0.0323267 0.316146 0.38106 1315 0 0 0 0 1e-06
4.84839 2.54426 13.9746 1e-06 0.26288 -0.0691273 -0.064305 0.27932 1316 0 0 0 0 1e-06
-5.59244 -0.559689 14.868 1e-06 0.262649 -0.00167523 0.205094 0.333243 1317 0 0 0 0 1e-06
8.99857 -3.90986 13.3684 1e-06 0.185081 -0.0241155 -0.289972 0.344848 1318 0 0 0 0 1e-06
-11.6974 -8.38866 15.232 1e-06 0.23931 -0.0605353 0.267888 0.364277 1319 0 0 0 0 1e-06
-13.0832 -9.14078 15.3116 1e-06 0.21732 -0.0699249 0.275713 0.357959 1320 0 0 0 0 1e-06
8.43245 -9.70974 13.6206 1e-06 0.194628 -0.0116047 -0.342285 0.393921 1321 0 0 0 0 1e-06
-4.27995 -12.0764 14.7174 1e-06 0.264227 -0.0300414 0.0879641 0.2801 1322 0 0 0 0 1e-06
15.1038 -13.8132 13.2575 1e-06 0.123022 -0.0541546 -0.23478 0.270534 1323 0 0 0 0 1e-06
-0.244403 -14.1113 14.2095 1e-06 0.224731 -0.0699634 -0.122794 0.265476 1324 0 0 0 0 1e-06
-6.38558 15.317 15.0379 1e-06 0.227475 -0.0506582 0.228174 0.326151 1325 0 0 0 0 1e-06
-5.62438 14.5694 14.8529 1e-06 0.244568 -0.0383745 0.244813 0.348166 1326 0 0 0 0 1e-06
5.5909 13.7608 14.1682 1e-06 0.279135 -0.0110319 -0.0284243 0.280795 1327 0 0 0 0 1e-06
-0.00276451 9.17571 14.8095 1e-06 0.29547 -0.000882973 0.123256 0.320149 1328 0 0 0 0 1e-06
6.00805 8.27497 14.2475 1e-06 0.278505 -0.0357595 -0.0502716 0.285256 1329 0 0 0 0 1e-06
-9.6124 7.70523 15.3854 1e-06 0.202629 -0.0369759 0.256657 0.329087 1330 0 0 0 0 1e-06
-2.78776 4.19411 15.1198 1e-06 0.289729 -0.00301067 0.202131 0.353283 1332 0 0 0 0 1e-06
-14.1163 3.92617 15.4633 1e-06 0.183216 -0.020428 0.28132 0.336343 1333 0 0 0 0 1e-06
-4.92306 3.82004 14.8311 1e-06 0.260732 0.00521447 0.190332 0.322854 1334 0 0 0 0 1e-06
11.1653 3.5344 13.7421 1e-06 0.209517 -0.0327823 -0.247419 0.325865 1335 0 0 0 0 1e-06
6.01838 3.41565 14.3227 1e-06 0.266935 -0.0648231 -0.114905 0.297757 1336 0 0 0 0 1e-06
4.87573 0.409524 14.0455 1e-06 0.242723 -0.0692148 -0.145097 0.291132 1338 0 0 0 0 1e-06
-14.7142 -1.00776 15.3574 1e-06 0.176466 -0.0467529 0.271527 0.32719 1339 0 0 0 0 1e-06
6.45854 -2.32408 13.9984 1e-06 0.229413 -0.0501342 -0.217405 0.320014 1340 0 0 0 0 1e-06
-6.82722 -2.48785 15.0451 1e-06 0.267287 -0.0107907 0.221964 0.347601 1341 0 0 0 0 1e-06
11.4828 -5.83724 13.6736 1e-06 0.175367 -0.0608828 -0.301826 0.354343 1343 0 0 0 0 1e-06
-3.44558 -8.23543 14.7044 1e-06 0.270437 -0.0238208 0.0845844 0.284356 1344 0 0 0 0 1e-06
-14.8835 -9.06306 15.622 1e-06 0.196322 -0.0647222 0.298092 0.362754 1345 0 0 0 0 1e-06
7.23629 -10.702 13.6334 1e-06 0.218048 -0.00952151 -0.352186 0.414331 1346 0 0 0 0 1e-06
-14.6953 -10.9794 15.4984 1e-06 0.191457 -0.0667368 0.231359 0.30763 1347 0 0 0 0 1e-06
-1.8606 -15.0895 14.6936 1e-06 0.235893 -0.0572631 -0.0930852 0.25998 1349 0 0 0 0 1e-06
-7.74132 14.0679 15.1253 1e-06 0.199968 -0.0460982 0.155798 0.257654 1350 0 0 0 0 1e-06
-5.16479 11.3956 15.5749 1e-06 0.266752 -0.0417078 0.23223 0.356128 1351 0 0 0 0 1e-06
3.62694 9.37653 14.8963 1e-06 0.301137 -0.0212983 0.0333097 0.303721 1352 0 0 0 0 1e-06
-7.53779 7.86551 15.604 1e-06 0.233603 -0.0392246 0.220489 0.323612 1353 0 0 0 0 1e-06
-6.71485 7.85833 15.4163 1e-06 0.244924 -0.0396538 0.255564 0.356192 1354 0 0 0 0 1e-06
-0.753202 7.86615 15.204 1e-06 0.299054 -0.00445439 0.110358 0.318798 1355 0 0 0 0 1e-06
-14.8382 5.27621 15.3456 1e-06 0.177111 -0.00436905 0.275478 0.327529 1357 0 0 0 0 1e-06
5.12813 2.68083 14.5202 1e-06 0.273316 -0.0656117 -0.109578 0.301685 1359 0 0 0 0 1e-06
-9.47147 2.19365 15.4713 1e-06 0.221571 -0.0485716 0.273376 0.355229 1360 0 0 0 0 1e-06
14.2742 1.90086 13.8218 1e-06 0.171856 -0.0665151 -0.356935 0.401698 1361 0 0 0 0 1e-06
13.1902 1.35862 13.8785 1e-06 0.175072 -0.0601461 -0.296745 0.349751 1362 0 0 0 0 1e-06
0.147024 0.576741 15.0338 1e-06 0.277777 -0.0200586 -0.00871343 0.278637 1363 0 0 0 0 1e-06
3.41031 -1.00368 14.2571 1e-06 0.239715 -0.0687797 -0.12221 0.277721 1365 0 0 0 0 1e-06
-14.2128 -0.972844 15.4468 1e-06 0.181397 -0.0538199 0.277658 0.335999 1366 0 0 0 0 1e-06
8.11004 -1.74842 14.2576 1e-06 0.228945 -0.0390421 -0.235592 0.330823 1367 0 0 0 0 1e-06
-14.7158 -2.09402 15.6438 1e-06 0.183498 -0.0503382 0.263107 0.324701 1368 0 0 0 0 1e-06
-6.40002 -2.05262 15.1717 1e-06 0.265265 -0.0079925 0.217645 0.343219 1369 0 0 0 0 1e-06
12.2033 -3.00198 13.7496 1e-06 0.174921 -0.0601051 -0.30678 0.358224 1371 0 0 0 0 1e-06
2.21726 -4.08836 14.6519 1e-06 0.242743 -0.0435837 -0.0672055 0.255618 1372 0 0 0 0 1e-06
6.044 -4.94707 14.0883 1e-06 0.220073 -0.0418154 -0.241922 0.329707 1374 0 0 0 0 1e-06
14.0038 -5.3951 13.8828 1e-06 0.148798 -0.0720081 -0.326379 0.365854 1375 0 0 0 0 1e-06
8.04845 -6.88712 14.5221 1e-06 0.228726 -0.0230134 -0.246395 0.336981 1376 0 0 0 0 1e-06
-2.04019 -7.74938 14.6318 1e-06 0.249595 -0.0379416 -0.0270948 0.253912 1377 0 0 0 0 1e-06
7.17972 -9.12038 14.0271 1e-06 0.211671 -0.00785506 -0.308677 0.374363 1378 0 0 0 0 1e-06
-3.03717 -9.19899 14.7658 1e-06 0.264261 -0.0314712 0.0352915 0.268458 1379 0 0 0 0 1e-06
3.43592 -9.26832 14.2961 1e-06 0.225218 -0.0268238 -0.175713 0.28691 1380 0 0 0 0 1e-06
8.73057 -11.4852 13.7935 1e-06 0.190408 -0.0248956 -0.344174 0.39412 1382 0 0 0 0 1e-06
-4.19872 -11.6382 14.88 1e-06 0.262946 -0.0309316 0.0503109 0.269497 1383 0 0 0 0 1e-06
-7.02114 -13.8233 15.1513 1e-06 0.280837 -0.0225277 0.131236 0.310805 1386 0 0 0 0 1e-06
0.400057 -14.8098 14.7842 1e-06 0.23664 -0.0427034 -0.0704132 0.250559 1387 0 0 0 0 1e-06
-1.0431 -15.0745 14.5271 1e-06 0.228523 -0.0575428 -0.062771 0.243873 1388 0 0 0 0 1e-06
5.4768 14.1251 14.6682 1e-06 0.298702 -0.0173238 0.00268671 0.299216 1390 0 0 0 0 1e-06
-6.3624 13.5821 15.4112 1e-06 0.23378 -0.051011 0.236915 0.336725 1391 0 0 0 0 1e-06
-13.885 11.8924 15.8356 1e-06 0.191346 0.0152162 0.282494 0.341537 1393 0 0 0 0 1e-06
-10.1523 11.5509 15.786 1e-06 0.201705 -0.0310613 0.268743 0.33745 1394 0 0 0 0 1e-06
-14.3204 4.19349 15.6585 1e-06 0.184211 -0.0150017 0.259908 0.318922 1396 0 0 0 0 1e-06
-1.3121 -0.106422 15.5562 1e-06 0.296689 -0.00919169 0.0947202 0.311578 1397 0 0 0 0 1e-06
-5.43971 -3.59857 15.4281 1e-06 0.289586 -0.00522272 0.158172 0.330008 1398 0 0 0 0 1e-06
14.3012 14.7417 14.4553 1e-06 0.249994 -0.0782188 -0.276619 0.380964 1400 0 0 0 0 1e-06
-2.29465 14.2397 15.8312 1e-06 0.295477 -0.0402172 0.227401 0.375014 1401 0 0 0 0 1e-06
-6.68346 13.6451 15.622 1e-06 0.232886 -0.0596392 0.259814 0.353972 1402 0 0 0 0 1e-06
9.39906 13.2135 14.4383 1e-06 0.278624 -0.0347499 -0.142135 0.314708 1403 0 0 0 0 1e-06
-10.2452 13.0787 16.093 1e-06 0.205247 -0.0168769 0.263656 0.334553 1404 0 0 0 0 1e-06
1.28603 11.6059 15.6719 1e-06 0.295744 -0.0122593 0.226233 0.372554 1405 0 0 0 0 1e-06
14.8158 10.842 14.4562 1e-06 0.229849 -0.0843098 -0.226904 0.333803 1406 0 0 0 0 1e-06
0.613567 10.8629 15.3521 1e-06 0.298166 -0.00866314 0.192339 0.354926 1407 0 0 0 0 1e-06
-13.7919 9.52229 16.1915 1e-06 0.199533 0.00418422 0.294434 0.3557 1409 0 0 0 0 1e-06
0.473508 8.49989 15.4949 1e-06 0.310044 -0.0128188 0.0937581 0.324164 1411 0 0 0 0 1e-06
-11.881 7.47271 15.5044 1e-06 0.179274 -0.0317504 0.191027 0.263891 1412 0 0 0 0 1e-06
-2.62911 6.29507 15.4858 1e-06 0.293318 -0.0107184 0.182143 0.345436 1413 0 0 0 0 1e-06
-3.4697 5.53339 15.837 1e-06 0.290806 -0.0220219 0.220354 0.365525 1414 0 0 0 0 1e-06
10.1081 5.08158 14.3102 1e-06 0.240369 -0.0354171 -0.209952 0.32111 1415 0 0 0 0 1e-06
6.05445 4.76632 15.1849 1e-06 0.300709 -0.0483302 -0.0714969 0.312848 1417 0 0 0 0 1e-06
14.6691 0.723731 14.2461 1e-06 0.168545 -0.0709021 -0.334646 0.381343 1418 0 0 0 0 1e-06
-13.1246 -1.25852 16.1739 1e-06 0.203354 -0.0631628 0.31017 0.376228 1419 0 0 0 0 1e-06
8.57905 -1.63007 14.8541 1e-06 0.259198 -0.0423738 -0.179526 0.318133 1420 0 0 0 0 1e-06
2.93263 -2.93869 14.9906 1e-06 0.26645 -0.0492139 -0.0350593 0.273216 1421 0 0 0 0 1e-06
2.28554 -3.57041 15.403 1e-06 0.290709 -0.032463 -0.0107981 0.292715 1422 0 0 0 0 1e-06
-2.23416 -4.98456 15.6565 1e-06 0.30588 -0.0159839 0.0481779 0.310063 1423 0 0 0 0 1e-06
12.8104 -5.39465 14.3687 1e-06 0.175374 -0.0752843 -0.284703 0.342753 1424 0 0 0 0 1e-06
-2.50819 -6.05177 15.2964 1e-06 0.293078 -0.0176765 0.0378521 0.296041 1425 0 0 0 0 1e-06
1.1366 -7.03053 15.2059 1e-06 0.293084 -0.0442962 -0.0440331 0.299665 1426 0 0 0 0 1e-06
-7.34726 -10.5021 15.0979 1e-06 0.265557 -0.0125004 0.0670862 0.274185 1427 0 0 0 0 1e-06
-14.8112 -10.7987 16.3094 1e-06 0.197927 -0.0665667 0.269945 0.341286 1428 0 0 0 0 1e-06
-2.92148 -12.1553 15.4241 1e-06 0.280475 -0.0328183 0.0254097 0.283529 1429 0 0 0 0 1e-06
-2.43812 -13.2745 15.2532 1e-06 0.269111 -0.0398613 0.00535737 0.2721 1430 0 0 0 0 1e-06
1.86725 -13.2834 15.1284 1e-06 0.254717 -0.027981 -0.0815979 0.268927 1431 0 0 0 0 1e-06
3.16208 14.7121 15.6645 1e-06 0.318881 -0.0225442 0.0663266 0.326485 1432 0 0 0 0 1e-06
-8.04171 14.3243 15.9253 1e-06 0.212484 -0.0423484 0.218225 0.307514 1433 0 0 0 0 1e-06
2.10917 10.8488 15.4711 1e-06 0.308052 -0.0139346 0.0395362 0.310891 1434 0 0 0 0 1e-06
-8.26691 9.6855 16.1382 1e-06 0.229589 -0.0509199 0.269326 0.357548 1435 0 0 0 0 1e-06
8.77205 9.07636 14.9319 1e-06 0.28144 -0.0359042 -0.152699 0.322203 1436 0 0 0 0 1e-06
-12.8346 6.91864 16.2144 1e-06 0.196561 -0.0197476 0.274546 0.338233 1437 0 0 0 0 1e-06
-6.45698 6.54564 16.129 1e-06 0.252515 -0.0442703 0.21693 0.33583 1438 0 0 0 0 1e-06
-11.253 5.40834 16.3438 1e-06 0.19827 -0.0454257 0.280928 0.346836 1439 0 0 0 0 1e-06
8.99856 3.83829 14.7693 1e-06 0.25837 -0.0434854 -0.175943 0.315597 1441 0 0 0 0 1e-06
-5.23942 3.01915 16.1846 1e-06 0.276512 -0.0265795 0.187294 0.335029 1442 0 0 0 0 1e-06
10.8309 2.72777 14.9787 1e-06 0.233178 -0.0500238 -0.206761 0.315634 1443 0 0 0 0 1e-06
-9.19424 0.733848 16.2414 1e-06 0.242651 -0.0572855 0.250142 0.353175 1444 0 0 0 0 1e-06
9.93084 0.127785 15.0189 1e-06 0.237553 -0.0489735 -0.23603 0.338437 1445 0 0 0 0 1e-06
12.1504 -1.61963 14.7369 1e-06 0.199962 -0.0700622 -0.242427 0.32197 1446 0 0 0 0 1e-06
-11.3097 -1.64977 16.3861 1e-06 0.217045 -0.0626615 0.266082 0.349049 1447 0 0 0 0 1e-06
-14.0954 -2.77522 16.3714 1e-06 0.198389 -0.0594632 0.258202 0.331002 1448 0 0 0 0 1e-06
14.2491 -4.66587 15.0075 1e-06 0.18354 -0.0846158 -0.164884 0.260832 1450 0 0 0 0 1e-06
-4.35725 -5.3101 16.0066 1e-06 0.31416 -0.0145383 0.0965432 0.328981 1451 0 0 0 0 1e-06
8.40185 -6.01817 15.0191 1e-06 0.253303 -0.0350058 -0.212169 0.33227 1452 0 0 0 0 1e-06
1.04589 -6.38173 15.6107 1e-06 0.297322 -0.0390119 -0.0458802 0.30336 1453 0 0 0 0 1e-06
13.2324 -10.4734 14.5536 1e-06 0.155536 -0.0749978 -0.320009 0.363623 1455 0 0 0 0 1e-06
13.6328 -10.7239 14.7902 1e-06 0.162454 -0.0755229 -0.291906 0.342496 1456 0 0 0 0 1e-06
2.30479 -11.08 15.3226 1e-06 0.269105 -0.0236898 -0.102014 0.288766 1457 0 0 0 0 1e-06
-4.98854 -12.7867 15.7186 1e-06 0.295072 -0.0285592 0.0816367 0.307486 1458 0 0 0 0 1e-06
-3.93652 -13.8543 15.4462 1e-06 0.281032 -0.0330837 0.0471241 0.286869 1459 0 0 0 0 1e-06
11.762 -14.6998 14.4639 1e-06 0.151583 -0.0695157 -0.353118 0.390516 1460 0 0 0 0 1e-06
-13.0575 -14.7393 16.2235 1e-06 0.235058 -0.0678495 0.159593 0.292105 1461 0 0 0 0 1e-06
-3.64782 -15.12 15.796 1e-06 0.288802 -0.0353825 0.0129341 0.291249 1462 0 0 0 0 1e-06
14.3774 14.1221 15.1088 1e-06 0.262042 -0.0920604 -0.251008 0.374362 1463 0 0 0 0 1e-06
-8.82116 12.1867 16.2593 1e-06 0.214792 -0.0447821 0.231047 0.318629 1464 0 0 0 0 1e-06
12.3103 11.1101 15.443 1e-06 0.266464 -0.0666231 -0.198285 0.338761 1465 0 0 0 0 1e-06
14.8357 9.83499 15.0274 1e-06 0.241147 -0.0902859 -0.210539 0.332611 1466 0 0 0 0 1e-06
-4.9234 9.99527 16.3146 1e-06 0.262344 -0.0372576 0.0802425 0.27686 1467 0 0 0 0 1e-06
8.71497 8.14786 15.3869 1e-06 0.2883 -0.0393993 -0.114665 0.312757 1468 0 0 0 0 1e-06
-6.87937 6.60913 16.5984 1e-06 0.254318 -0.0509898 0.249963 0.360221 1469 0 0 0 0 1e-06
2.97149 5.88325 16.0457 1e-06 0.328526 -0.0313893 0.00044826 0.330023 1470 0 0 0 0 1e-06
-13.481 5.53488 16.5064 1e-06 0.198871 -0.0176881 0.257473 0.325814 1471 0 0 0 0 1e-06
-2.29519 5.45581 16.1433 1e-06 0.304233 -0.022012 0.138423 0.334967 1472 0 0 0 0 1e-06
10.95 2.46902 15.4725 1e-06 0.240608 -0.0627098 -0.235906 0.342749 1473 0 0 0 0 1e-06
-5.11848 -1.15738 16.4278 1e-06 0.293926 -0.0209564 0.171169 0.340779 1475 0 0 0 0 1e-06
-10.2732 -1.66465 16.7247 1e-06 0.244969 -0.0688397 0.270072 0.371063 1476 0 0 0 0 1e-06
6.24308 -3.62573 15.6487 1e-06 0.283824 -0.0321633 -0.146107 0.32084 1477 0 0 0 0 1e-06
9.42507 -6.30793 15.4594 1e-06 0.245857 -0.065114 -0.189677 0.317274 1479 0 0 0 0 1e-06
7.63984 -8.52449 15.0882 1e-06 0.243756 -0.0293496 -0.230661 0.336872 1480 0 0 0 0 1e-06
6.89718 -11.6151 15.5142 1e-06 0.244227 -0.0262342 -0.307825 0.393816 1482 0 0 0 0 1e-06
-14.5302 -13.2492 16.9631 1e-06 0.227218 -0.0712645 0.286613 0.372631 1483 0 0 0 0 1e-06
-3.36226 15.0228 16.6226 1e-06 0.285459 -0.0595343 0.200737 0.354015 1485 0 0 0 0 1e-06
10.6052 13.3379 15.9931 1e-06 0.299344 -0.0658256 -0.150246 0.341341 1486 0 0 0 0 1e-06
14.2806 11.7355 15.4236 1e-06 0.250768 -0.0938603 -0.152925 0.308351 1487 0 0 0 0 1e-06
3.05953 10.563 16.6451 1e-06 0.326834 -0.0397037 0.0657402 0.335736 1489 0 0 0 0 1e-06
-1.93052 10.4634 16.8057 1e-06 0.309894 -0.0469101 0.182703 0.362788 1490 0 0 0 0 1e-06
-2.20872 10.1827 16.6248 1e-06 0.30631 -0.0460652 0.178751 0.357631 1491 0 0 0 0 1e-06
-14.5426 10.262 17.6065 1e-06 0.220496 0.022563 0.320264 0.389483 1492 0 0 0 0 1e-06
8.10248 10.0729 15.8702 1e-06 0.307039 -0.0405042 -0.115259 0.330452 1493 0 0 0 0 1e-06
8.23123 8.72938 15.8595 1e-06 0.302813 -0.0427793 -0.107406 0.324132 1495 0 0 0 0 1e-06
6.70382 7.85925 16.121 1e-06 0.31302 -0.0456898 -0.0745579 0.325005 1496 0 0 0 0 1e-06
10.9737 7.42955 15.5088 1e-06 0.269708 -0.0565356 -0.163236 0.320288 1497 0 0 0 0 1e-06
-10.6992 6.92392 16.915 1e-06 0.214898 -0.0455089 0.264742 0.344007 1498 0 0 0 0 1e-06
-5.95595 6.85084 17.1153 1e-06 0.272083 -0.0575632 0.238164 0.366148 1499 0 0 0 0 1e-06
0.879654 6.36808 16.2216 1e-06 0.319267 -0.0163794 0.00833708 0.319795 1500 0 0 0 0 1e-06
12.5054 6.09818 15.6372 1e-06 0.245198 -0.0782877 -0.215306 0.335571 1501 0 0 0 0 1e-06
0.382097 6.07567 16.3992 1e-06 0.320788 -0.0216761 0.068325 0.328699 1502 0 0 0 0 1e-06
8.29746 5.46008 15.8856 1e-06 0.291371 -0.0494019 -0.138359 0.326314 1503 0 0 0 0 1e-06
-1.1574 5.3979 16.9848 1e-06 0.311266 -0.0436863 0.152632 0.349417 1504 0 0 0 0 1e-06
9.93663 4.00321 15.7696 1e-06 0.264435 -0.0544578 -0.173916 0.321152 1505 0 0 0 0 1e-06
-2.20199 2.69734 16.6956 1e-06 0.309916 -0.0204204 0.0369457 0.312778 1506 0 0 0 0 1e-06
6.09773 1.98649 15.5791 1e-06 0.296473 -0.0493553 -0.133816 0.328997 1507 0 0 0 0 1e-06
10.5917 1.45487 16.1198 1e-06 0.251796 -0.0753294 -0.191954 0.325457 1508 0 0 0 0 1e-06
10.256 1.00231 15.5469 1e-06 0.255445 -0.0587535 -0.252027 0.363623 1509 0 0 0 0 1e-06
5.11982 0.712158 16.1911 1e-06 0.312033 -0.0402479 -0.12587 0.338862 1510 0 0 0 0 1e-06
14.845 0.50786 15.4918 1e-06 0.198087 -0.0888061 -0.306891 0.375909 1511 0 0 0 0 1e-06
-0.827164 0.435034 16.4242 1e-06 0.313246 -0.0116091 0.0642653 0.319981 1512 0 0 0 0 1e-06
-10.8453 -0.74926 16.9496 1e-06 0.236611 -0.0678329 0.289838 0.380253 1513 0 0 0 0 1e-06
-13.3075 -1.31276 16.9144 1e-06 0.211781 -0.0582272 0.277402 0.353827 1514 0 0 0 0 1e-06
-3.5872 -1.57965 16.847 1e-06 0.307761 -0.0244662 0.142503 0.340033 1515 0 0 0 0 1e-06
-1.63662 -1.66899 16.8367 1e-06 0.31896 -0.0250002 0.0613569 0.325768 1516 0 0 0 0 1e-06
12.6314 -2.39994 15.6848 1e-06 0.209109 -0.0845799 -0.236769 0.327017 1517 0 0 0 0 1e-06
-5.76088 -3.50344 16.7789 1e-06 0.304738 -0.0373287 0.180441 0.356114 1519 0 0 0 0 1e-06
-5.27812 -5.34167 16.4445 1e-06 0.319432 -0.0324836 0.142567 0.351308 1521 0 0 0 0 1e-06
7.10228 -5.57181 16.0427 1e-06 0.278667 -0.0416469 -0.203418 0.347518 1522 0 0 0 0 1e-06
-9.07828 -9.25116 17.2483 1e-06 0.300337 -0.0739944 0.238629 0.390667 1524 0 0 0 0 1e-06
3.21965 -9.81133 16.5731 1e-06 0.298935 -0.0143783 -0.118753 0.32198 1525 0 0 0 0 1e-06
9.50611 -10.0041 15.6493 1e-06 0.218171 -0.0806782 -0.289453 0.371336 1526 0 0 0 0 1e-06
-4.74282 -10.0448 16.4571 1e-06 0.321378 -0.024085 -0.0007008 0.32228 1527 0 0 0 0 1e-06
-11.629 -11.0768 17.2159 1e-06 0.264402 -0.0814111 0.262606 0.381442 1529 0 0 0 0 1e-06
7.56897 -11.5301 15.7714 1e-06 0.240483 -0.0512546 -0.296897 0.385496 1530 0 0 0 0 1e-06
11.6015 -12.8059 15.4641 1e-06 0.184305 -0.0783367 -0.263662 0.331093 1531 0 0 0 0 1e-06
-5.93646 -12.8437 17.0423 1e-06 0.330776 -0.0309197 0.107187 0.349082 1532 0 0 0 0 1e-06
-8.82434 -13.3207 16.9106 1e-06 0.315129 -0.0446949 0.181423 0.366358 1533 0 0 0 0 1e-06
14.2018 -14.1537 15.2144 1e-06 0.165431 -0.0595108 -0.368313 0.408122 1534 0 0 0 0 1e-06
9.06888 -15.1054 15.4753 1e-06 0.209123 -0.0750205 -0.314874 0.385365 1535 0 0 0 0 1e-06
-7.63258 14.9429 17.005 1e-06 0.233413 -0.0382949 0.235243 0.333597 1536 0 0 0 0 1e-06
-14.7808 14.1703 17.6822 1e-06 0.208437 0.028931 0.275713 0.346844 1537 0 0 0 0 1e-06
-12.1103 13.7131 17.5735 1e-06 0.218207 0.00734597 0.233483 0.31966 1538 0 0 0 0 1e-06
8.61571 11.461 16.1368 1e-06 0.317169 -0.0508774 -0.118939 0.342536 1539 0 0 0 0 1e-06
-0.905456 10.5056 17.4089 1e-06 0.323209 -0.0546181 0.131472 0.353175 1540 0 0 0 0 1e-06
-10.1822 8.26635 17.4201 1e-06 0.225345 -0.0404603 0.245371 0.335596 1542 0 0 0 0 1e-06
10.793 7.20354 16.3455 1e-06 0.285299 -0.0730282 -0.153061 0.331898 1544 0 0 0 0 1e-06
5.16738 6.15423 16.4929 1e-06 0.323001 -0.0474074 -0.080262 0.336183 1545 0 0 0 0 1e-06
11.7489 5.44351 16.4241 1e-06 0.266113 -0.0838124 -0.114369 0.301531 1546 0 0 0 0 1e-06
-10.1891 4.2036 17.5268 1e-06 0.219272 -0.0561129 0.355887 0.421763 1548 0 0 0 0 1e-06
-4.81927 2.06014 17.1357 1e-06 0.295939 -0.0417702 0.167483 0.342601 1549 0 0 0 0 1e-06
2.8372 1.85712 17.0032 1e-06 0.332369 -0.0350978 -0.0418441 0.336826 1550 0 0 0 0 1e-06
-3.07477 1.43875 17.4524 1e-06 0.317268 -0.0393303 0.126831 0.343936 1551 0 0 0 0 1e-06
-12.3873 1.36564 17.5481 1e-06 0.216097 -0.0486939 0.299406 0.372441 1552 0 0 0 0 1e-06
8.87996 0.603776 16.3539 1e-06 0.275077 -0.0671151 -0.165654 0.328044 1553 0 0 0 0 1e-06
14.6834 -0.109484 16.0103 1e-06 0.198197 -0.090519 -0.241304 0.325121 1554 0 0 0 0 1e-06
13.8546 -0.899029 15.8239 1e-06 0.197701 -0.0871605 -0.31014 0.37798 1555 0 0 0 0 1e-06
-4.13025 -2.35843 17.4214 1e-06 0.317794 -0.0343405 0.130315 0.345187 1556 0 0 0 0 1e-06
6.73453 -2.93418 15.9937 1e-06 0.281648 -0.0374729 -0.226871 0.363594 1557 0 0 0 0 1e-06
-6.7887 -3.12449 17.2097 1e-06 0.297553 -0.0549203 0.18247 0.35334 1558 0 0 0 0 1e-06
9.71064 -5.49055 15.9638 1e-06 0.242155 -0.079779 -0.262568 0.365986 1559 0 0 0 0 1e-06
-1.36219 -5.82708 17.0119 1e-06 0.335498 -0.0329152 0.0319027 0.338615 1560 0 0 0 0 1e-06
-11.124 -8.6447 17.2493 1e-06 0.263223 -0.083892 0.238391 0.364903 1562 0 0 0 0 1e-06
2.53017 -9.2968 16.4153 1e-06 0.293979 -0.0232745 -0.123116 0.319567 1563 0 0 0 0 1e-06
4.11622 -10.3922 16.6789 1e-06 0.296755 -0.0148982 -0.145299 0.330753 1564 0 0 0 0 1e-06
-4.02922 -10.5461 17.0173 1e-06 0.341222 -0.0290028 0.0760226 0.350789 1565 0 0 0 0 1e-06
9.29197 -11.7944 16.1225 1e-06 0.21742 -0.0859691 -0.305192 0.384453 1566 0 0 0 0 1e-06
2.66703 -13.1879 16.6727 1e-06 0.298838 -0.0221482 -0.121364 0.323302 1567 0 0 0 0 1e-06
10.4963 -14.3055 16.1198 1e-06 0.210489 -0.0854351 -0.346794 0.414573 1568 0 0 0 0 1e-06
-12.9502 -14.9088 17.9948 1e-06 0.249896 -0.0684448 0.478143 0.543833 1569 0 0 0 0 1e-06
4.23396 9.31316 16.9903 1e-06 0.328191 -0.0455052 -0.0166527 0.331749 1570 0 0 0 0 1e-06
10.8542 7.88771 16.466 1e-06 0.288085 -0.0770667 -0.135668 0.327625 1571 0 0 0 0 1e-06
8.76767 6.86989 16.4789 1e-06 0.29955 -0.0546681 -0.146931 0.338094 1572 0 0 0 0 1e-06
-8.08669 -6.41864 17.5624 1e-06 0.301501 -0.0728366 0.19449 0.366107 1573 0 0 0 0 1e-06
-1.69031 -7.0699 17.1711 1e-06 0.341904 -0.0371822 0.0254486 0.34486 1574 0 0 0 0 1e-06
-1.78818 -13.5098 17.137 1e-06 0.325412 -0.0282171 -0.0264628 0.327704 1575 0 0 0 0 1e-06
-11.1617 13.9908 17.942 1e-06 0.228008 -0.00100051 0.246361 0.335682 1577 0 0 0 0 1e-06
2.24602 12.0374 17.4357 1e-06 0.341921 -0.052984 0.0670441 0.352438 1579 0 0 0 0 1e-06
-4.91527 9.7954 17.9523 1e-06 0.283479 -0.0675613 0.210543 0.359518 1580 0 0 0 0 1e-06
6.90494 7.03546 17.1808 1e-06 0.320573 -0.0587539 -0.0952589 0.339548 1583 0 0 0 0 1e-06
0.0320346 6.00546 17.4871 1e-06 0.32313 -0.0518127 0.0959358 0.341029 1584 0 0 0 0 1e-06
4.24033 2.44175 17.0017 1e-06 0.333639 -0.0479599 -0.0487355 0.340573 1586 0 0 0 0 1e-06
-8.88213 0.634379 17.906 1e-06 0.261715 -0.0706042 0.220911 0.349687 1587 0 0 0 0 1e-06
7.90078 -0.498133 16.6754 1e-06 0.287812 -0.0602962 -0.217255 0.365611 1588 0 0 0 0 1e-06
-8.5172 -0.506614 18.017 1e-06 0.271106 -0.0735499 0.160027 0.32329 1589 0 0 0 0 1e-06
-2.25973 -0.660085 17.7813 1e-06 0.331665 -0.0356609 0.0687559 0.340589 1590 0 0 0 0 1e-06
-0.951 -0.70009 17.4815 1e-06 0.329325 -0.0233478 0.0429093 0.332928 1591 0 0 0 0 1e-06
3.57262 -1.17593 17.1543 1e-06 0.334017 -0.0380875 -0.0775367 0.345007 1592 0 0 0 0 1e-06
-11.891 -2.80886 17.978 1e-06 0.230359 -0.0727255 0.32777 0.40717 1593 0 0 0 0 1e-06
-7.46566 -3.26842 17.9617 1e-06 0.29587 -0.0724259 0.174628 0.351112 1594 0 0 0 0 1e-06
-12.1281 -4.07026 17.7176 1e-06 0.237277 -0.0769933 0.24628 0.350545 1595 0 0 0 0 1e-06
-0.523554 -4.95309 17.4004 1e-06 0.335017 -0.0337242 0.0262504 0.337732 1596 0 0 0 0 1e-06
-9.58557 -5.38644 17.9989 1e-06 0.269827 -0.0819036 0.236677 0.368145 1597 0 0 0 0 1e-06
1.82713 -5.62848 17.0094 1e-06 0.315824 -0.0151217 -0.0503196 0.320164 1598 0 0 0 0 1e-06
-13.0668 -5.79687 18.0393 1e-06 0.221873 -0.0700129 0.238235 0.332995 1599 0 0 0 0 1e-06
-12.0314 -6.159 18.058 1e-06 0.247539 -0.0815592 0.216463 0.338797 1600 0 0 0 0 1e-06
-13.5027 -6.19363 18.0605 1e-06 0.230627 -0.0682122 0.246416 0.344329 1601 0 0 0 0 1e-06
-5.5497 -6.73647 17.4838 1e-06 0.331561 -0.0543767 0.120024 0.356784 1602 0 0 0 0 1e-06
2.8477 -8.37911 17.1326 1e-06 0.319577 -0.0173245 -0.0630616 0.3262 1603 0 0 0 0 1e-06
-2.61794 -8.69977 17.2777 1e-06 0.349235 -0.0387234 0.0520182 0.355205 1604 0 0 0 0 1e-06
11.8348 -10.843 16.3581 1e-06 0.192226 -0.0846776 -0.300965 0.367017 1605 0 0 0 0 1e-06
-9.15273 -11.2086 17.6694 1e-06 0.306588 -0.0763721 0.168197 0.357937 1606 0 0 0 0 1e-06
-6.82992 -12.7989 17.6564 1e-06 0.338852 -0.0515918 0.114373 0.361336 1607 0 0 0 0 1e-06
4.46682 -13.9618 16.7366 1e-06 0.280735 -0.031262 -0.230888 0.364827 1608 0 0 0 0 1e-06
13.8302 13.7592 16.8806 1e-06 0.280114 -0.104216 -0.180333 0.349063 1611 0 0 0 0 1e-06
-6.51732 12.3395 17.8894 1e-06 0.254619 -0.0624674 0.220828 0.34278 1612 0 0 0 0 1e-06
-11.9819 11.9734 18.3107 1e-06 0.233147 0.00330148 0.247803 0.340256 1613 0 0 0 0 1e-06
9.76222 9.98093 16.8874 1e-06 0.311288 -0.0748917 -0.143318 0.350784 1614 0 0 0 0 1e-06
3.31757 8.81568 17.4823 1e-06 0.332066 -0.0506594 -0.00896358 0.336027 1615 0 0 0 0 1e-06
0.921463 6.57278 18.0124 1e-06 0.327905 -0.0598209 0.137931 0.360729 1616 0 0 0 0 1e-06
8.46777 6.4665 17.2563 1e-06 0.310631 -0.0679803 -0.133869 0.345013 1617 0 0 0 0 1e-06
4.52564 1.30653 17.2572 1e-06 0.329247 -0.0483953 -0.103254 0.348435 1620 0 0 0 0 1e-06
-11.6078 -2.12313 17.9908 1e-06 0.233724 -0.0750223 0.223967 0.332289 1621 0 0 0 0 1e-06
7.6896 -7.09551 16.6328 1e-06 0.273791 -0.0699784 -0.277279 0.395907 1622 0 0 0 0 1e-06
9.50952 -12.1959 16.7369 1e-06 0.221451 -0.0901985 -0.288013 0.374336 1624 0 0 0 0 1e-06
-6.26744 -14.1443 17.8332 1e-06 0.342435 -0.0449458 0.104667 0.360884 1625 0 0 0 0 1e-06
14.1311 13.9994 17.0018 1e-06 0.281786 -0.105721 -0.133457 0.329228 1626 0 0 0 0 1e-06
-8.34549 13.6852 18.134 1e-06 0.241991 -0.0300282 0.241728 0.343357 1627 0 0 0 0 1e-06
0.13918 10.5369 18.1952 1e-06 0.337841 -0.0715541 0.109317 0.362225 1629 0 0 0 0 1e-06
9.78646 7.65681 17.4051 1e-06 0.306471 -0.0812932 -0.172838 0.361118 1630 0 0 0 0 1e-06
-2.84297 6.794 18.2408 1e-06 0.311315 -0.0708304 0.132843 0.345805 1631 0 0 0 0 1e-06
11.3938 3.88559 16.8573 1e-06 0.258888 -0.0827118 -0.262047 0.377535 1632 0 0 0 0 1e-06
-12.0104 3.5177 18.3896 1e-06 0.231102 -0.0372968 0.221728 0.322432 1633 0 0 0 0 1e-06
8.69433 2.89945 17.1967 1e-06 0.291434 -0.0726862 -0.195848 0.358572 1636 0 0 0 0 1e-06
-1.16624 0.477127 17.6808 1e-06 0.334139 -0.0365828 0.0814062 0.345853 1637 0 0 0 0 1e-06
-8.75393 -0.347134 18.4674 1e-06 0.266694 -0.0736659 0.229919 0.359743 1638 0 0 0 0 1e-06
-0.171239 -2.33081 17.6382 1e-06 0.333041 -0.0288732 0.019841 0.334879 1639 0 0 0 0 1e-06
-0.461534 -3.23296 17.5163 1e-06 0.331668 -0.031043 -0.0446559 0.336098 1640 0 0 0 0 1e-06
-1.99671 -6.49826 17.6597 1e-06 0.344456 -0.0461905 0.0398219 0.349813 1642 0 0 0 0 1e-06
-6.18171 -7.45176 18.3194 1e-06 0.328046 -0.0729937 0.128264 0.359714 1643 0 0 0 0 1e-06
14.5042 -11.1764 16.7031 1e-06 0.18375 -0.0649412 -0.256341 0.322013 1645 0 0 0 0 1e-06
-0.419799 -11.7108 17.9082 1e-06 0.348278 -0.0479429 -0.00473896 0.351594 1646 0 0 0 0 1e-06
7.96721 -12.2987 17.0447 1e-06 0.250262 -0.0870502 -0.273596 0.380872 1647 0 0 0 0 1e-06
9.43232 -14.08 16.7403 1e-06 0.212034 -0.0835391 -0.291347 0.369893 1649 0 0 0 0 1e-06
-10.016 -14.7588 18.258 1e-06 0.301286 -0.0807399 0.123413 0.335444 1650 0 0 0 0 1e-06
11.9298 -2.62461 17.2789 1e-06 0.236905 -0.100834 -0.269911 0.37302 1651 0 0 0 0 1e-06
-9.60543 14.6811 18.886 1e-06 0.242443 -0.00969503 0.244526 0.344478 1652 0 0 0 0 1e-06
-3.00076 14.2924 18.7005 1e-06 0.293869 -0.0795566 0.185114 0.356308 1653 0 0 0 0 1e-06
4.65739 13.8395 18.2778 1e-06 0.349369 -0.0726308 0.0146671 0.35714 1654 0 0 0 0 1e-06
10.1288 12.9221 17.4792 1e-06 0.323926 -0.083974 -0.108683 0.35184 1655 0 0 0 0 1e-06
8.05489 12.7682 17.4732 1e-06 0.33524 -0.0725266 -0.0443228 0.345847 1656 0 0 0 0 1e-06
1.37299 11.4043 18.5382 1e-06 0.345091 -0.0737023 0.0571078 0.357465 1657 0 0 0 0 1e-06
-5.8836 11.261 18.6811 1e-06 0.267501 -0.0694192 0.209626 0.34687 1658 0 0 0 0 1e-06
12.7866 11.1325 16.9852 1e-06 0.282588 -0.0942455 -0.272591 0.403787 1659 0 0 0 0 1e-06
-11.1191 11.122 18.735 1e-06 0.239083 -0.0111031 0.220558 0.325468 1660 0 0 0 0 1e-06
5.48038 9.85332 18.4645 1e-06 0.347766 -0.0810191 -0.0174306 0.357504 1661 0 0 0 0 1e-06
2.34548 7.13104 18.4336 1e-06 0.340571 -0.0697595 -0.0228104 0.348389 1663 0 0 0 0 1e-06
-5.86016 5.70752 18.8108 1e-06 0.28598 -0.0755078 0.232023 0.375926 1664 0 0 0 0 1e-06
11.5864 5.37261 17.4891 1e-06 0.279029 -0.0930908 -0.242828 0.38143 1665 0 0 0 0 1e-06
0.0993098 4.6212 18.5318 1e-06 0.333023 -0.0699702 0.0517077 0.3442 1666 0 0 0 0 1e-06
-12.0823 3.96525 18.5728 1e-06 0.233339 -0.0333554 0.220446 0.322732 1667 0 0 0 0 1e-06
-13.3554 3.75003 19.0384 1e-06 0.240656 -0.01171 0.275415 0.365931 1668 0 0 0 0 1e-06
11.2926 1.80782 17.5234 1e-06 0.262417 -0.0933787 -0.246362 0.371855 1670 0 0 0 0 1e-06
-11.2747 1.51152 18.6464 1e-06 0.235148 -0.0499713 0.179502 0.300021 1672 0 0 0 0 1e-06
9.68664 -0.596468 18.01 1e-06 0.282396 -0.0996391 -0.174908 0.346797 1674 0 0 0 0 1e-06
9.26626 -1.08697 17.7789 1e-06 0.284179 -0.0968664 -0.201134 0.36138 1675 0 0 0 0 1e-06
-4.60576 -2.30142 18.4286 1e-06 0.324289 -0.0621256 0.11712 0.350343 1676 0 0 0 0 1e-06
0.340182 -2.6338 18.4604 1e-06 0.347201 -0.0490096 -0.0264118 0.351636 1677 0 0 0 0 1e-06
12.6998 -3.12723 17.5433 1e-06 0.227971 -0.0986559 -0.265984 0.363939 1678 0 0 0 0 1e-06
3.77809 -3.08062 18.0875 1e-06 0.337482 -0.0508015 -0.122282 0.36253 1679 0 0 0 0 1e-06
1.95703 -3.51097 17.9785 1e-06 0.342494 -0.0359563 -0.0378811 0.346453 1680 0 0 0 0 1e-06
-2.10383 -3.6942 18.4389 1e-06 0.344448 -0.0517901 0.0353966 0.350114 1681 0 0 0 0 1e-06
-3.47689 -4.22976 18.7423 1e-06 0.340579 -0.0616417 0.103653 0.3613 1682 0 0 0 0 1e-06
6.11077 -5.08599 17.4628 1e-06 0.309084 -0.059515 -0.220486 0.384304 1683 0 0 0 0 1e-06
12.1894 -7.16798 17.2221 1e-06 0.218573 -0.0951512 -0.308271 0.389691 1686 0 0 0 0 1e-06
8.15636 -7.19525 17.5513 1e-06 0.2747 -0.0980813 -0.263078 0.392797 1687 0 0 0 0 1e-06
-1.17608 -7.49112 17.7572 1e-06 0.345625 -0.0461946 -0.0173105 0.349128 1688 0 0 0 0 1e-06
14.7453 -8.50877 17.5764 1e-06 0.20134 -0.0729986 -0.251995 0.330708 1692 0 0 0 0 1e-06
-12.6202 -8.71094 19.214 1e-06 0.256759 -0.0732782 0.228957 0.351733 1693 0 0 0 0 1e-06
-6.23231 -9.1809 18.3628 1e-06 0.336536 -0.0749398 0.103964 0.360112 1694 0 0 0 0 1e-06
10.7961 -9.67029 17.0813 1e-06 0.218796 -0.0941588 -0.310893 0.391653 1695 0 0 0 0 1e-06
-7.72719 -10.1516 18.6535 1e-06 0.314007 -0.0814323 0.160443 0.361903 1696 0 0 0 0 1e-06
6.59113 -10.5183 17.5325 1e-06 0.28589 -0.0769249 -0.18715 0.350251 1697 0 0 0 0 1e-06
8.21449 -10.7448 17.4129 1e-06 0.259429 -0.0994213 -0.302016 0.410368 1698 0 0 0 0 1e-06
14.6417 -11.619 17.1903 1e-06 0.194971 -0.051876 -0.299115 0.360798 1699 0 0 0 0 1e-06
5.3379 -12.3607 18.2076 1e-06 0.293476 -0.0814289 -0.201272 0.36506 1700 0 0 0 0 1e-06
1.1189 -12.7945 18.3184 1e-06 0.336376 -0.0501539 -0.0993486 0.354308 1701 0 0 0 0 1e-06
14.0099 -14.0627 17.4052 1e-06 0.198826 -0.0443558 -0.258794 0.329354 1702 0 0 0 0 1e-06
14.6399 12.9099 18.3055 1e-06 0.284356 -0.114174 -0.0890786 0.319107 1706 0 0 0 0 1e-06
13.4605 12.4762 18.1197 1e-06 0.287674 -0.105771 -0.162629 0.346975 1707 0 0 0 0 1e-06
3.21539 12.4937 19.0797 1e-06 0.350497 -0.0837744 0.0529608 0.36424 1708 0 0 0 0 1e-06
1.21903 12.3895 18.4992 1e-06 0.341995 -0.0663679 0.0581192 0.35319 1709 0 0 0 0 1e-06
11.1789 10.9347 18.2333 1e-06 0.308618 -0.102589 -0.112487 0.344126 1711 0 0 0 0 1e-06
13.6787 10.3798 18.057 1e-06 0.280155 -0.107209 -0.178111 0.348861 1712 0 0 0 0 1e-06
-9.95767 7.67424 19.1418 1e-06 0.248441 -0.0374389 0.253151 0.356665 1713 0 0 0 0 1e-06
-9.17014 7.56755 19.3417 1e-06 0.254564 -0.045201 0.233094 0.348107 1714 0 0 0 0 1e-06
6.4867 4.5864 18.787 1e-06 0.333056 -0.0940518 -0.0751357 0.354144 1716 0 0 0 0 1e-06
9.13274 4.48777 18.4399 1e-06 0.30688 -0.0948694 -0.186319 0.371336 1717 0 0 0 0 1e-06
-4.11832 3.88769 19.4868 1e-06 0.313345 -0.0827424 0.157466 0.360315 1718 0 0 0 0 1e-06
14.3408 2.14701 18.0988 1e-06 0.236275 -0.0970438 -0.21678 0.335018 1719 0 0 0 0 1e-06
-4.35035 2.18628 19.0457 1e-06 0.314595 -0.0797657 0.171569 0.367109 1720 0 0 0 0 1e-06
-7.64824 1.6463 19.1333 1e-06 0.279226 -0.0789231 0.182819 0.342956 1721 0 0 0 0 1e-06
12.5755 0.974995 18.0903 1e-06 0.246937 -0.103954 -0.209153 0.339896 1722 0 0 0 0 1e-06
-14.0415 0.727029 19.4359 1e-06 0.243906 -0.0102237 0.311553 0.395803 1724 0 0 0 0 1e-06
1.87868 0.450154 19.0993 1e-06 0.349719 -0.0828929 -0.0400161 0.361629 1725 0 0 0 0 1e-06
5.31393 -1.00617 18.3977 1e-06 0.333939 -0.0880262 -0.0724199 0.352858 1726 0 0 0 0 1e-06
8.36316 -1.35392 18.1325 1e-06 0.300072 -0.0958273 -0.0320635 0.316629 1727 0 0 0 0 1e-06
0.956847 -1.39821 19.1038 1e-06 0.35123 -0.0691477 0.0155885 0.358311 1728 0 0 0 0 1e-06
1.54887 -3.3493 18.6059 1e-06 0.348652 -0.0581488 -0.0290533 0.354659 1729 0 0 0 0 1e-06
9.07183 -4.03855 17.9478 1e-06 0.278844 -0.105606 -0.200332 0.359221 1730 0 0 0 0 1e-06
-8.41751 -4.41147 19.5075 1e-06 0.290637 -0.0894731 0.167568 0.34721 1731 0 0 0 0 1e-06
11.246 -4.76515 18.2141 1e-06 0.248705 -0.102737 -0.223789 0.349987 1732 0 0 0 0 1e-06
0.990066 -5.35306 18.7483 1e-06 0.350508 -0.0598198 -0.0387954 0.357686 1733 0 0 0 0 1e-06
-7.0063 -6.00997 19.1873 1e-06 0.316462 -0.0916254 0.112323 0.34808 1735 0 0 0 0 1e-06
13.8181 -7.5404 17.9536 1e-06 0.204381 -0.0855817 -0.260184 0.341747 1736 0 0 0 0 1e-06
5.7345 -7.88335 18.5782 1e-06 0.311605 -0.0997848 -0.169928 0.368687 1737 0 0 0 0 1e-06
-5.60955 -7.87441 18.9142 1e-06 0.336972 -0.0820678 0.111842 0.364409 1738 0 0 0 0 1e-06
4.22744 -8.18135 18.3087 1e-06 0.32523 -0.0743122 -0.0675876 0.340389 1739 0 0 0 0 1e-06
6.90366 -10.352 18.2109 1e-06 0.289435 -0.0951799 -0.122196 0.328273 1741 0 0 0 0 1e-06
12.7132 -12.1574 17.7949 1e-06 0.199357 -0.0712933 -0.241335 0.321042 1742 0 0 0 0 1e-06
5.53633 -13.8011 18.4684 1e-06 0.282671 -0.0842572 -0.181998 0.346591 1743 0 0 0 0 1e-06
-9.90428 14.0092 19.9123 1e-06 0.251654 0.000732968 0.21006 0.327804 1745 0 0 0 0 1e-06
6.26718 12.5102 19.1552 1e-06 0.350932 -0.0898184 -0.0353417 0.363963 1746 0 0 0 0 1e-06
-11.821 12.6384 19.7654 1e-06 0.240772 0.0155176 0.163814 0.291628 1747 0 0 0 0 1e-06
-1.61745 12.3005 19.5518 1e-06 0.311898 -0.0944607 0.139698 0.354569 1748 0 0 0 0 1e-06
-3.20248 12.2014 19.3926 1e-06 0.295565 -0.0851674 0.150094 0.342258 1749 0 0 0 0 1e-06
11.2248 11.5348 18.7436 1e-06 0.311151 -0.104442 -0.13364 0.354376 1750 0 0 0 0 1e-06
-11.9296 11.2836 19.8514 1e-06 0.246179 0.0113845 0.234691 0.340314 1751 0 0 0 0 1e-06
11.2825 7.37599 18.6309 1e-06 0.294864 -0.102 -0.192011 0.366356 1753 0 0 0 0 1e-06
-0.998088 6.24882 19.3476 1e-06 0.332526 -0.0845045 0.0803633 0.352381 1755 0 0 0 0 1e-06
-11.3866 5.77552 20.057 1e-06 0.253934 -0.0189642 0.217547 0.334916 1756 0 0 0 0 1e-06
1.74724 4.47928 19.3047 1e-06 0.341005 -0.0802554 -0.0431967 0.352974 1758 0 0 0 0 1e-06
-8.86436 4.30047 19.7453 1e-06 0.261355 -0.0615012 0.200951 0.335365 1759 0 0 0 0 1e-06
-3.46394 4.18046 19.3969 1e-06 0.31662 -0.0802894 0.0768701 0.335564 1760 0 0 0 0 1e-06
9.11912 3.55018 18.6437 1e-06 0.305014 -0.0985021 -0.168616 0.362171 1761 0 0 0 0 1e-06
-12.5557 1.26213 19.8664 1e-06 0.248235 -0.0192864 0.189119 0.312664 1762 0 0 0 0 1e-06
-13.6201 0.258778 19.9904 1e-06 0.251521 -0.0120732 0.226424 0.338639 1763 0 0 0 0 1e-06
12.0688 -0.577506 18.5159 1e-06 0.25456 -0.105151 -0.205892 0.343873 1764 0 0 0 0 1e-06
-0.70359 -0.832 18.9869 1e-06 0.347234 -0.0659245 0.00926918 0.353559 1765 0 0 0 0 1e-06
-14.2235 -2.00148 19.7258 1e-06 0.253972 -0.0119343 0.212469 0.331342 1766 0 0 0 0 1e-06
7.52551 -3.86981 18.5511 1e-06 0.304231 -0.106549 -0.198115 0.378363 1768 0 0 0 0 1e-06
-11.6448 -5.73996 19.8595 1e-06 0.262913 -0.0658818 0.154701 0.312083 1769 0 0 0 0 1e-06
-3.8498 -8.22778 19.2833 1e-06 0.349306 -0.0825494 0.0716196 0.366003 1771 0 0 0 0 1e-06
-2.30342 -8.71602 19.4843 1e-06 0.353425 -0.0836304 0.0924579 0.374769 1772 0 0 0 0 1e-06
1.09769 -9.87429 19.0592 1e-06 0.346987 -0.0711843 -0.0569748 0.358766 1773 0 0 0 0 1e-06
-8.18275 -10.4165 19.7414 1e-06 0.313738 -0.0929092 0.241621 0.406748 1774 0 0 0 0 1e-06
5.74437 -13.8631 18.7379 1e-06 0.277416 -0.090964 -0.236536 0.375744 1777 0 0 0 0 1e-06
8.39164 7.81349 19.4144 1e-06 0.329663 -0.104065 -0.109088 0.362501 1782 0 0 0 0 1e-06
-3.0046 2.9863 19.5569 1e-06 0.322216 -0.0842157 -0.00795196 0.333135 1783 0 0 0 0 1e-06
8.53018 -1.13682 18.673 1e-06 0.299588 -0.104297 -0.188426 0.368965 1784 0 0 0 0 1e-06
8.88607 -3.13946 18.8561 1e-06 0.289508 -0.114569 -0.226917 0.385269 1785 0 0 0 0 1e-06
3.62486 -4.4703 19.3441 1e-06 0.353421 -0.0920473 0.0373572 0.367116 1786 0 0 0 0 1e-06
-3.12653 -5.32252 19.7472 1e-06 0.349501 -0.0906377 0.085069 0.370949 1787 0 0 0 0 1e-06
-9.93584 -9.24563 19.875 1e-06 0.289667 -0.0914094 0.154089 0.340596 1789 0 0 0 0 1e-06
-6.10359 -12.8743 19.7936 1e-06 0.334017 -0.0909842 0.134806 0.371508 1791 0 0 0 0 1e-06
-13.5817 -14.092 19.969 1e-06 0.255479 -0.0695498 0.156931 0.307788 1793 0 0 0 0 1e-06
11.8038 11.7227 19.0345 1e-06 0.306812 -0.106916 -0.167715 0.365641 1795 0 0 0 0 1e-06
-8.03739 8.21884 20.2888 1e-06 0.261542 -0.0436159 0.343148 0.433656 1796 0 0 0 0 1e-06
0.25745 7.48479 20.0475 1e-06 0.335974 -0.0904291 0.036101 0.349799 1797 0 0 0 0 1e-06
-8.23865 7.10833 20.1839 1e-06 0.265885 -0.0497466 0.250395 0.368602 1798 0 0 0 0 1e-06
13.8021 5.21585 18.9093 1e-06 0.260532 -0.105185 -0.243293 0.371661 1800 0 0 0 0 1e-06
-3.26165 3.56531 20.1123 1e-06 0.317866 -0.0827027 0.260705 0.41934 1801 0 0 0 0 1e-06
14.228 1.37645 18.9997 1e-06 0.247811 -0.0939905 -0.223218 0.346512 1802 0 0 0 0 1e-06
-3.88729 -1.56185 20.1387 1e-06 0.336572 -0.0937902 0.0568605 0.353992 1804 0 0 0 0 1e-06
-2.7671 -3.31737 20.0036 1e-06 0.347985 -0.0921062 0.0803234 0.368821 1806 0 0 0 0 1e-06
-1.532 -6.40682 19.4548 1e-06 0.353715 -0.0757017 0.00698596 0.361792 1809 0 0 0 0 1e-06
-1.38154 -8.38478 19.4936 1e-06 0.356021 -0.0771293 0.044462 0.366983 1810 0 0 0 0 1e-06
6.05892 -9.90905 19.0567 1e-06 0.297498 -0.103328 -0.212323 0.379819 1811 0 0 0 0 1e-06
2.4716 -11.8454 19.4542 1e-06 0.337712 -0.0836999 -0.122979 0.369024 1814 0 0 0 0 1e-06
7.12371 12.0171 19.3575 1e-06 0.346641 -0.0968042 -0.0577916 0.364515 1818 0 0 0 0 1e-06
3.55289 11.2136 19.9731 1e-06 0.349011 -0.0962848 0.160123 0.395877 1819 0 0 0 0 1e-06
-12.1952 9.22619 20.2331 1e-06 0.247192 0.0123458 0.0428652 0.251185 1821 0 0 0 0 1e-06
13.4324 7.58852 19.4887 1e-06 0.277696 -0.110612 -0.184723 0.351387 1822 0 0 0 0 1e-06
-4.87722 7.34347 20.4088 1e-06 0.289985 -0.0838044 0.0922419 0.315631 1823 0 0 0 0 1e-06
10.5121 6.30821 19.2437 1e-06 0.300897 -0.108573 -0.165364 0.3601 1824 0 0 0 0 1e-06
-10.9675 4.9257 20.3773 1e-06 0.255777 -0.0266841 0.199043 0.325196 1825 0 0 0 0 1e-06
-7.65857 4.78093 20.2829 1e-06 0.271587 -0.0625222 0.130474 0.307721 1826 0 0 0 0 1e-06
8.26846 1.79096 19.6989 1e-06 0.312742 -0.11376 -0.133114 0.358425 1827 0 0 0 0 1e-06
-8.43746 -0.70185 20.3243 1e-06 0.279158 -0.0809103 0.161524 0.332514 1831 0 0 0 0 1e-06
-9.17869 -1.809 20.3862 1e-06 0.279036 -0.0756636 0.198061 0.350449 1832 0 0 0 0 1e-06
2.7358 -6.67734 20.0028 1e-06 0.345096 -0.100341 -0.16559 0.395701 1836 0 0 0 0 1e-06
8.76557 -9.23235 19.0862 1e-06 0.266021 -0.103708 -0.233145 0.368618 1838 0 0 0 0 1e-06
8.0716 -11.0015 19.3044 1e-06 0.275666 -0.0990157 -0.0682618 0.300758 1839 0 0 0 0 1e-06
8.43307 14 20.0678 1e-06 0.336016 -0.106777 0.00856657 0.352678 1840 0 0 0 0 1e-06
-0.00671279 12.7271 20.7468 1e-06 0.318007 -0.088433 0.181395 0.376633 1841 0 0 0 0 1e-06
2.13138 8.03676 20.3919 1e-06 0.343686 -0.109515 0.0317113 0.362104 1843 0 0 0 0 1e-06
3.29123 4.32344 20.0995 1e-06 0.348052 -0.101907 -0.0848559 0.372459 1846 0 0 0 0 1e-06
12.5291 3.77986 19.6519 1e-06 0.270718 -0.106389 -0.233061 0.372726 1847 0 0 0 0 1e-06
7.35504 2.14044 19.7459 1e-06 0.33097 -0.109456 -0.116896 0.367677 1849 0 0 0 0 1e-06
13.6753 1.95434 19.556 1e-06 0.257601 -0.0965954 -0.214477 0.348839 1850 0 0 0 0 1e-06
-1.89389 1.82055 20.2005 1e-06 0.336709 -0.0936435 0.0290146 0.350691 1851 0 0 0 0 1e-06
10.1804 0.496862 20.0167 1e-06 0.288883 -0.1135 -0.149263 0.344406 1852 0 0 0 0 1e-06
-0.938396 -2.6145 20.2541 1e-06 0.354726 -0.100856 0.000746316 0.368786 1855 0 0 0 0 1e-06
5.26045 -5.16384 19.9671 1e-06 0.325092 -0.120285 -0.18013 0.390641 1856 0 0 0 0 1e-06
-3.54094 -6.03213 20.1946 1e-06 0.347229 -0.0996295 0.0649601 0.367033 1857 0 0 0 0 1e-06
-0.586065 -6.5673 20.2807 1e-06 0.355485 -0.101346 -0.0094057 0.369769 1858 0 0 0 0 1e-06
4.13289 -7.79745 19.7615 1e-06 0.330385 -0.109198 -0.18213 0.392747 1859 0 0 0 0 1e-06
13.0158 -10.156 18.9955 1e-06 0.223843 -0.0664319 -0.248894 0.341273 1862 0 0 0 0 1e-06
7.75815 14.8029 20.4771 1e-06 0.338952 -0.101271 -0.0660566 0.359872 1865 0 0 0 0 1e-06
7.93947 12.4784 20.1321 1e-06 0.339689 -0.106659 -0.0721894 0.363285 1866 0 0 0 0 1e-06
13.6513 11.4954 20.3292 1e-06 0.289532 -0.113001 -0.152015 0.345986 1867 0 0 0 0 1e-06
9.39978 10.5066 19.8949 1e-06 0.326278 -0.10968 -0.101012 0.358734 1869 0 0 0 0 1e-06
6.01818 10.4881 20.606 1e-06 0.344918 -0.112105 -0.036677 0.364529 1870 0 0 0 0 1e-06
3.51473 7.3582 20.6794 1e-06 0.344468 -0.1148 -0.129495 0.385495 1873 0 0 0 0 1e-06
11.5993 7.21376 20.0422 1e-06 0.295636 -0.111583 -0.175317 0.361369 1874 0 0 0 0 1e-06
4.38674 5.86858 20.8123 1e-06 0.343401 -0.118032 -0.0329416 0.364611 1875 0 0 0 0 1e-06
10.1062 4.27574 20.2384 1e-06 0.300822 -0.115916 -0.123922 0.345379 1877 0 0 0 0 1e-06
11.3521 4.04451 20.3378 1e-06 0.297187 -0.11249 -0.115466 0.338093 1878 0 0 0 0 1e-06
1.18823 3.50396 20.8274 1e-06 0.343611 -0.109502 0.0976909 0.373635 1879 0 0 0 0 1e-06
3.75649 1.55103 20.5548 1e-06 0.343902 -0.117496 -0.0333003 0.364942 1880 0 0 0 0 1e-06
13.2563 1.16261 20.0148 1e-06 0.256863 -0.097115 -0.297037 0.404525 1881 0 0 0 0 1e-06
6.87697 0.222256 20.1602 1e-06 0.323366 -0.12132 -0.172387 0.386007 1883 0 0 0 0 1e-06
13.3912 -1.06062 20.288 1e-06 0.251089 -0.0905407 -0.0403113 0.269941 1886 0 0 0 0 1e-06
-7.89474 -1.03699 20.7839 1e-06 0.286006 -0.0825948 0.10289 0.314972 1887 0 0 0 0 1e-06
1.55185 -1.94309 20.6734 1e-06 0.354222 -0.112517 0.0175304 0.372076 1889 0 0 0 0 1e-06
6.86078 -2.58812 19.957 1e-06 0.317188 -0.12269 -0.219631 0.404844 1890 0 0 0 0 1e-06
4.88351 -3.27675 20.5362 1e-06 0.335713 -0.120706 -0.0225308 0.357464 1891 0 0 0 0 1e-06
7.05517 -3.66964 20.2376 1e-06 0.311018 -0.118464 -0.12858 0.356789 1892 0 0 0 0 1e-06
2.63692 -4.34197 20.6903 1e-06 0.344884 -0.119482 -0.0665261 0.371008 1893 0 0 0 0 1e-06
14.3128 -4.90302 19.8889 1e-06 0.23583 -0.0829509 -0.244057 0.349372 1895 0 0 0 0 1e-06
3.62164 -6.28977 20.1592 1e-06 0.341126 -0.112929 -0.128126 0.381492 1896 0 0 0 0 1e-06
9.4367 -7.97321 20.2159 1e-06 0.270516 -0.105959 -0.222683 0.366051 1898 0 0 0 0 1e-06
12.2764 -9.37287 20.1604 1e-06 0.241563 -0.0660218 -0.213928 0.329358 1902 0 0 0 0 1e-06
3.95579 -10.0198 20.2967 1e-06 0.321483 -0.112012 -0.17258 0.381683 1903 0 0 0 0 1e-06
10.1174 -11.2146 20.1052 1e-06 0.250479 -0.0844744 -0.244899 0.360349 1906 0 0 0 0 1e-06
8.34008 -12.3573 20.1926 1e-06 0.271553 -0.0975274 -0.194218 0.347812 1908 0 0 0 0 1e-06
12.1036 -12.7686 20.1826 1e-06 0.244538 -0.0509781 -0.273584 0.370467 1910 0 0 0 0 1e-06
0.354519 -13.0203 20.416 1e-06 0.343573 -0.0930382 0.0174801 0.356376 1911 0 0 0 0 1e-06
8.34798 -14.8947 19.8459 1e-06 0.260106 -0.0856826 -0.306435 0.410974 1913 0 0 0 0 1e-06
11.456 13.0565 20.2703 1e-06 0.313718 -0.107345 -0.131839 0.356824 1914 0 0 0 0 1e-06
7.64323 9.00449 20.6264 1e-06 0.333289 -0.116261 -0.0576571 0.357663 1916 0 0 0 0 1e-06
8.60128 5.21407 20.4958 1e-06 0.318418 -0.120267 -0.116794 0.359854 1917 0 0 0 0 1e-06
6.88608 2.66653 20.5005 1e-06 0.326209 -0.121217 -0.0712256 0.355216 1918 0 0 0 0 1e-06
14.134 -2.18914 20.2178 1e-06 0.249058 -0.0840809 -0.272672 0.378747 1919 0 0 0 0 1e-06
13.5955 -4.58791 20.3545 1e-06 0.2487 -0.0805531 -0.108727 0.283129 1920 0 0 0 0 1e-06
13.2077 -1.18389 20.8496 1e-06 0.263265 -0.0919951 -0.174087 0.328752 1927 0 0 0 0 1e-06
