TITLE = "B000004"
VARIABLES = "x[mm]" "y[mm]" "z[mm]" "I" "Vx[m/s]" "Vy[m/s]" "Vz[m/s]" "|V|[m/s]" "trackID" "Ax[m/s²]" "Ay[m/s²]" "Az[m/s²]" "|A|[m/s²]" "Absolute intensity[]"
ZONE T="Snapshot 0004"
STRANDID=1, SOLUTIONTIME=None
I=1378, J=1, K=1, ZONETYPE=Ordered
DATAPACKING=POINT
-3.92021 13.8406 -0.81832 1e-06 -0.154965 0.120648 0.24189 0.311578 5 0 0 0 0 1e-06
-8.66671 -7.05587 -0.241033 1e-06 -0.199605 0.131938 0.203717 0.314245 10 0 0 0 0 1e-06
-1.91392 -15.0531 -0.684651 1e-06 -0.27369 0.16086 0.110091 0.336009 14 0 0 0 0 1e-06
-2.72963 15.4269 -0.238632 1e-06 -0.154467 0.132713 0.22467 0.303231 15 0 0 0 0 1e-06
-14.8398 13.4594 0.559408 1e-06 -0.0764102 0.0832806 0.23158 0.257689 18 0 0 0 0 1e-06
-2.3838 9.8895 -0.194757 1e-06 -0.160416 0.139164 0.139461 0.254066 22 0 0 0 0 1e-06
5.95973 8.88149 -1.51802 1e-06 -0.238963 0.079346 -0.0581083 0.25841 24 0 0 0 0 1e-06
-1.54573 8.76604 -0.373398 1e-06 -0.176937 0.138721 0.148015 0.269182 25 0 0 0 0 1e-06
5.80246 7.56159 -0.821218 1e-06 -0.232802 0.0779332 0.0375758 0.248359 27 0 0 0 0 1e-06
-11.001 7.33478 0.404222 1e-06 -0.130871 0.0527806 0.205988 0.249688 28 0 0 0 0 1e-06
-11.9991 5.91094 0.137915 1e-06 -0.127656 0.0392822 0.235221 0.270496 29 0 0 0 0 1e-06
-2.03862 6.22688 -0.379778 1e-06 -0.184964 0.153935 0.138675 0.277738 30 0 0 0 0 1e-06
0.3392 5.20864 -0.320991 1e-06 -0.19705 0.121059 0.114707 0.25815 31 0 0 0 0 1e-06
-11.2382 3.62713 0.401314 1e-06 -0.133471 0.0530381 0.267251 0.303399 32 0 0 0 0 1e-06
-5.77115 1.33393 0.0783219 1e-06 -0.166395 0.150897 0.176574 0.28572 33 0 0 0 0 1e-06
-13.0794 0.652363 0.0477454 1e-06 -0.141467 0.0383976 0.157434 0.215111 36 0 0 0 0 1e-06
1.19598 -0.576536 -0.906479 1e-06 -0.252466 0.138687 0.0449205 0.291532 38 0 0 0 0 1e-06
-10.7577 -2.94918 0.162406 1e-06 -0.144469 0.0890998 0.257295 0.308238 40 0 0 0 0 1e-06
8.27547 -3.70492 -1.74448 1e-06 -0.241305 0.104324 -0.240041 0.355994 44 0 0 0 0 1e-06
-9.84891 -3.71094 0.240689 1e-06 -0.150715 0.112412 0.21074 0.282423 45 0 0 0 0 1e-06
-15.1292 -5.52252 0.710278 1e-06 -0.117233 0.03525 0.304046 0.327766 48 0 0 0 0 1e-06
-14.6513 -6.7224 0.407966 1e-06 -0.13627 0.0398582 0.203002 0.247726 51 0 0 0 0 1e-06
-1.80496 -9.97193 -0.603908 1e-06 -0.26969 0.147148 0.0704955 0.315206 53 0 0 0 0 1e-06
-1.48023 -13.669 -0.770265 1e-06 -0.271782 0.155325 -0.0091499 0.313169 55 0 0 0 0 1e-06
-11.6882 -15.2129 0.0210805 1e-06 -0.231181 0.0870011 0.122981 0.275931 58 0 0 0 0 1e-06
-15.1583 -13.0709 0.395887 1e-06 -0.169957 0.0355812 0.194091 0.260428 61 0 0 0 0 1e-06
4.17215 15.2188 -0.414629 1e-06 -0.197368 0.0229363 0.081897 0.214913 62 0 0 0 0 1e-06
8.29166 14.5203 -1.04982 1e-06 -0.223195 0.0404781 -0.044865 0.23123 64 0 0 0 0 1e-06
-4.94046 13.5567 0.250586 1e-06 -0.126447 0.115406 0.213645 0.273773 66 0 0 0 0 1e-06
9.66481 12.1775 -1.03733 1e-06 -0.227458 0.0439554 -0.0490263 0.236797 68 0 0 0 0 1e-06
-11.1966 11.5181 0.517387 1e-06 -0.104867 0.0535411 0.201562 0.233433 69 0 0 0 0 1e-06
9.38883 11.3586 -0.924204 1e-06 -0.231448 0.0501538 -0.0687907 0.246608 70 0 0 0 0 1e-06
4.45415 10.0912 -0.396238 1e-06 -0.19648 0.0528459 0.0546222 0.210667 72 0 0 0 0 1e-06
-11.4888 9.69598 0.919271 1e-06 -0.0938455 0.0478384 0.238549 0.260771 74 0 0 0 0 1e-06
-14.2466 8.70219 0.300677 1e-06 -0.0986096 0.0487754 0.151781 0.187457 77 0 0 0 0 1e-06
-7.99497 8.33538 0.735971 1e-06 -0.120058 0.0881368 0.292044 0.327829 78 0 0 0 0 1e-06
-14.2779 6.85808 1.09898 1e-06 -0.0814737 0.0380516 0.296915 0.310233 79 0 0 0 0 1e-06
-5.88538 7.00976 0.699595 1e-06 -0.12958 0.133543 0.288065 0.342937 80 0 0 0 0 1e-06
7.08073 6.2017 -1.05046 1e-06 -0.249379 0.0930079 -0.0440031 0.269771 82 0 0 0 0 1e-06
0.929401 4.69461 -0.0969369 1e-06 -0.190172 0.0958622 0.0895153 0.231015 84 0 0 0 0 1e-06
1.03852 4.31805 -0.220651 1e-06 -0.205336 0.10437 0.0588001 0.237725 85 0 0 0 0 1e-06
-6.96958 4.19492 0.544878 1e-06 -0.142134 0.139341 0.159086 0.254806 86 0 0 0 0 1e-06
-4.79507 4.24466 0.321108 1e-06 -0.168771 0.156266 0.293677 0.373026 87 0 0 0 0 1e-06
-8.38368 2.75348 1.00842 1e-06 -0.1295 0.113069 0.274738 0.324092 89 0 0 0 0 1e-06
-3.29837 2.33542 0.40954 1e-06 -0.177499 0.161 0.182541 0.301244 90 0 0 0 0 1e-06
-12.0767 1.89556 0.675751 1e-06 -0.122348 0.0459286 0.257622 0.288873 91 0 0 0 0 1e-06
-7.09653 1.99883 0.664382 1e-06 -0.134222 0.139506 0.290809 0.349352 92 0 0 0 0 1e-06
-0.578174 0.673202 -0.0659275 1e-06 -0.218613 0.119195 0.0845095 0.262947 96 0 0 0 0 1e-06
0.145512 -3.91295 -0.867283 1e-06 -0.256963 0.137138 -0.0452367 0.29476 104 0 0 0 0 1e-06
-7.73065 -5.5325 0.220822 1e-06 -0.188362 0.143735 0.149209 0.280006 106 0 0 0 0 1e-06
-3.74344 -6.73289 0.0612095 1e-06 -0.223799 0.124 0.0856643 0.269816 107 0 0 0 0 1e-06
4.15772 -6.89752 -0.829514 1e-06 -0.272265 0.1352 -0.0951148 0.318519 108 0 0 0 0 1e-06
-2.51823 -7.17034 -0.774636 1e-06 -0.266372 0.143642 -0.0901906 0.315787 109 0 0 0 0 1e-06
-5.42767 -7.19769 0.121938 1e-06 -0.20862 0.136442 0.130607 0.281419 110 0 0 0 0 1e-06
-3.52737 -7.58376 0.158411 1e-06 -0.231231 0.118764 0.10882 0.281806 112 0 0 0 0 1e-06
-13.0174 -8.40378 0.657858 1e-06 -0.153614 0.0648599 0.248831 0.299534 115 0 0 0 0 1e-06
-12.939 -8.69837 0.748859 1e-06 -0.14911 0.068231 0.259249 0.306756 117 0 0 0 0 1e-06
1.48877 -9.71985 -0.743296 1e-06 -0.275085 0.144328 -0.0897243 0.323346 118 0 0 0 0 1e-06
-10.6456 -10.9415 0.379776 1e-06 -0.201388 0.106935 0.16941 0.284064 119 0 0 0 0 1e-06
1.53092 -10.922 -0.478751 1e-06 -0.267211 0.14038 -0.0777525 0.311695 120 0 0 0 0 1e-06
7.89127 -12.4999 -0.691184 1e-06 -0.2238 0.0931296 -0.14337 0.281629 122 0 0 0 0 1e-06
3.30374 -14.5084 -0.30705 1e-06 -0.251684 0.152001 -0.0420231 0.29701 124 0 0 0 0 1e-06
-9.34386 -15.2506 0.359838 1e-06 -0.226172 0.125992 0.212513 0.334947 127 0 0 0 0 1e-06
-4.31692 -15.4547 0.0233394 1e-06 -0.249096 0.132382 0.0269041 0.283369 128 0 0 0 0 1e-06
-13.5873 12.9236 1.25591 1e-06 -0.0623112 0.0475967 0.315663 0.325255 132 0 0 0 0 1e-06
-5.82969 9.53813 0.770042 1e-06 -0.127287 0.118312 0.245071 0.300432 134 0 0 0 0 1e-06
-5.57447 8.20253 0.665496 1e-06 -0.125756 0.127154 0.217386 0.281495 135 0 0 0 0 1e-06
-9.92763 7.41316 0.918802 1e-06 -0.130094 0.0660379 0.224016 0.267336 136 0 0 0 0 1e-06
-8.76963 6.77336 1.06287 1e-06 -0.128589 0.0826164 0.296598 0.333663 137 0 0 0 0 1e-06
-1.12157 5.83269 0.348876 1e-06 -0.16545 0.136722 0.151433 0.262675 139 0 0 0 0 1e-06
13.3815 2.30884 -1.28676 1e-06 -0.201903 0.0368865 -0.227818 0.306637 142 0 0 0 0 1e-06
5.24294 -5.12399 -0.7261 1e-06 -0.251456 0.125616 -0.0854872 0.293798 146 0 0 0 0 1e-06
1.37528 -6.09268 -0.496057 1e-06 -0.2573 0.128896 -0.0607572 0.294124 147 0 0 0 0 1e-06
-8.22704 -6.34871 0.668947 1e-06 -0.173003 0.14278 0.139534 0.26417 148 0 0 0 0 1e-06
-5.29054 -7.35393 0.818997 1e-06 -0.19013 0.106776 0.178873 0.282039 151 0 0 0 0 1e-06
5.6277 13.0127 -0.080979 1e-06 -0.193892 0.0389949 0.0204874 0.198833 154 0 0 0 0 1e-06
1.42263 9.46752 0.486322 1e-06 -0.150644 0.0636988 0.140297 0.215487 155 0 0 0 0 1e-06
-8.30795 4.38274 1.61364 1e-06 -0.106743 0.106548 0.33829 0.370387 157 0 0 0 0 1e-06
5.71109 2.30993 -0.499801 1e-06 -0.243636 0.11218 -0.0565815 0.274125 158 0 0 0 0 1e-06
-7.75048 -0.462158 1.02793 1e-06 -0.127166 0.137993 0.261085 0.321525 159 0 0 0 0 1e-06
0.285901 -11.0081 0.0882751 1e-06 -0.253147 0.114993 -0.0464886 0.281901 161 0 0 0 0 1e-06
-8.31341 -11.0541 0.837274 1e-06 -0.197548 0.129261 0.187449 0.301448 162 0 0 0 0 1e-06
1.95705 11.398 0.979264 1e-06 -0.158035 0.0307612 0.166913 0.231908 166 0 0 0 0 1e-06
6.40003 11.115 -0.0473404 1e-06 -0.210123 0.0350459 0.00350364 0.213054 168 0 0 0 0 1e-06
-0.466389 11.2112 1.2808 1e-06 -0.130894 0.0748751 0.288929 0.325913 169 0 0 0 0 1e-06
9.76993 9.73619 -0.675086 1e-06 -0.222192 0.053586 -0.158209 0.277977 171 0 0 0 0 1e-06
-14.5127 9.42868 1.69523 1e-06 -0.0580028 0.0421179 0.319798 0.327733 172 0 0 0 0 1e-06
-9.99686 8.92964 2.09012 1e-06 -0.0768652 0.0561395 0.383631 0.395263 173 0 0 0 0 1e-06
12.1692 8.66468 -0.721503 1e-06 -0.20571 0.0550934 -0.122272 0.245565 174 0 0 0 0 1e-06
2.81346 6.5083 0.19521 1e-06 -0.190768 0.0686136 0.062526 0.212155 176 0 0 0 0 1e-06
3.52729 4.42944 0.175507 1e-06 -0.201398 0.0841683 0.0637876 0.227408 178 0 0 0 0 1e-06
-11.2376 2.47685 1.34099 1e-06 -0.123637 0.0577266 0.271339 0.303716 182 0 0 0 0 1e-06
-0.731357 2.30222 0.507447 1e-06 -0.190738 0.114796 0.0548169 0.229268 184 0 0 0 0 1e-06
2.2208 1.3447 0.309831 1e-06 -0.217886 0.108974 0.0320009 0.245711 185 0 0 0 0 1e-06
-7.26083 0.979289 1.53862 1e-06 -0.125269 0.142225 0.396403 0.439381 186 0 0 0 0 1e-06
-13.7547 -0.605779 1.5984 1e-06 -0.0924128 0.0299034 0.357249 0.370218 187 0 0 0 0 1e-06
0.749333 -1.02249 0.20668 1e-06 -0.239621 0.121972 0.0379858 0.271548 188 0 0 0 0 1e-06
12.8471 -1.89644 -0.771306 1e-06 -0.207355 0.0379282 -0.23055 0.312391 190 0 0 0 0 1e-06
10.01 -2.71531 -0.399882 1e-06 -0.209743 0.0874748 -0.194559 0.299161 191 0 0 0 0 1e-06
5.51122 -2.79199 -0.0803916 1e-06 -0.237362 0.110945 -0.105423 0.282425 192 0 0 0 0 1e-06
-2.62926 -3.1579 1.02865 1e-06 -0.225442 0.110645 0.14577 0.290371 194 0 0 0 0 1e-06
-10.6166 -3.4527 1.49621 1e-06 -0.118235 0.106331 0.273442 0.316317 195 0 0 0 0 1e-06
-3.98536 -3.80657 0.706241 1e-06 -0.229015 0.11674 0.0899697 0.272342 196 0 0 0 0 1e-06
-13.2252 -4.407 1.59345 1e-06 -0.101922 0.0460083 0.320314 0.339273 197 0 0 0 0 1e-06
-7.822 -5.00863 0.785767 1e-06 -0.178264 0.147695 0.128171 0.264612 200 0 0 0 0 1e-06
8.95669 -7.00705 -0.324828 1e-06 -0.223313 0.0925513 -0.196281 0.311385 203 0 0 0 0 1e-06
11.3162 -7.34461 -0.539107 1e-06 -0.207482 0.050113 -0.289656 0.359806 204 0 0 0 0 1e-06
-1.15053 -7.15844 0.193247 1e-06 -0.248079 0.112376 0.0341489 0.274477 205 0 0 0 0 1e-06
-13.0717 -10.4953 1.72714 1e-06 -0.132986 0.0738303 0.32675 0.360419 207 0 0 0 0 1e-06
-3.47669 -10.6852 0.587839 1e-06 -0.234528 0.0988078 0.0297276 0.256223 209 0 0 0 0 1e-06
5.45842 -11.6617 -0.0881209 1e-06 -0.233932 0.133883 -0.170512 0.318941 210 0 0 0 0 1e-06
-6.66397 -11.8635 0.920108 1e-06 -0.211526 0.125182 0.136235 0.281022 211 0 0 0 0 1e-06
11.9253 -12.8712 -0.64282 1e-06 -0.176208 0.0330871 -0.183234 0.256356 213 0 0 0 0 1e-06
-7.03727 -12.4924 0.955656 1e-06 -0.219215 0.129673 0.155905 0.298625 214 0 0 0 0 1e-06
7.30362 -13.1081 -0.163101 1e-06 -0.225315 0.110762 -0.198336 0.319957 215 0 0 0 0 1e-06
12.4608 14.7078 -0.294586 1e-06 -0.183988 0.0258181 -0.196649 0.270535 219 0 0 0 0 1e-06
15.1011 13.012 -0.207629 1e-06 -0.16415 0.0035286 -0.223657 0.277453 220 0 0 0 0 1e-06
12.4167 13.0156 0.0802736 1e-06 -0.180529 0.0247768 -0.172302 0.250784 221 0 0 0 0 1e-06
-8.11344 12.2387 2.02127 1e-06 -0.0695564 0.0755483 0.360717 0.37505 223 0 0 0 0 1e-06
13.1635 9.04078 -0.390657 1e-06 -0.184768 0.0444401 -0.210644 0.283699 229 0 0 0 0 1e-06
-13.1539 8.51366 2.4195 1e-06 -0.0692406 0.0358947 0.325559 0.33477 230 0 0 0 0 1e-06
-10.1658 7.47127 1.83095 1e-06 -0.10831 0.06127 0.299122 0.323973 231 0 0 0 0 1e-06
3.75093 5.83731 0.608334 1e-06 -0.181429 0.0594402 0.0481006 0.196884 232 0 0 0 0 1e-06
8.69256 4.45099 -0.164455 1e-06 -0.207439 0.0907241 -0.11509 0.253983 235 0 0 0 0 1e-06
8.75053 3.54438 0.0183425 1e-06 -0.200274 0.0880786 -0.122133 0.250567 236 0 0 0 0 1e-06
-1.89577 2.1388 1.50672 1e-06 -0.160443 0.12828 0.198386 0.285578 237 0 0 0 0 1e-06
12.1194 1.24332 -0.536172 1e-06 -0.197992 0.0653109 -0.212682 0.297826 238 0 0 0 0 1e-06
4.28962 -2.79416 -0.113709 1e-06 -0.238446 0.0908087 -0.182977 0.31398 241 0 0 0 0 1e-06
8.4795 -3.12353 -0.19691 1e-06 -0.217908 0.100449 -0.261031 0.354558 242 0 0 0 0 1e-06
6.82677 -3.77252 -0.235068 1e-06 -0.226374 0.113857 -0.126353 0.28315 243 0 0 0 0 1e-06
1.40493 -4.46248 0.59046 1e-06 -0.248034 0.0962436 -0.0159478 0.26653 244 0 0 0 0 1e-06
-7.05414 -4.34584 1.93656 1e-06 -0.129539 0.138529 0.264606 0.325556 245 0 0 0 0 1e-06
15.1097 -7.36068 -0.416429 1e-06 -0.165328 -0.0135264 -0.238661 0.290647 250 0 0 0 0 1e-06
9.94715 -7.54425 0.0149404 1e-06 -0.205589 0.0785668 -0.241251 0.32656 251 0 0 0 0 1e-06
-3.59088 -12.3823 1.08165 1e-06 -0.21898 0.0817107 0.0576966 0.240745 255 0 0 0 0 1e-06
4.30765 -13.2933 0.4323 1e-06 -0.224821 0.136264 -0.147099 0.301248 257 0 0 0 0 1e-06
-11.5068 -13.9856 2.22134 1e-06 -0.176025 0.113185 0.389656 0.442298 259 0 0 0 0 1e-06
11.5775 -15.0587 0.252046 1e-06 -0.151316 0.0358397 -0.202779 0.25554 261 0 0 0 0 1e-06
-12.6123 15.3777 3.08359 1e-06 -0.0361034 0.0331155 0.348333 0.351762 265 0 0 0 0 1e-06
8.50003 9.68692 0.631206 1e-06 -0.196188 0.02829 -0.103436 0.223582 266 0 0 0 0 1e-06
13.9806 9.07928 -0.250262 1e-06 -0.172116 0.0333916 -0.270923 0.322705 268 0 0 0 0 1e-06
-2.15178 8.89033 1.84894 1e-06 -0.121258 0.107175 0.197797 0.255565 269 0 0 0 0 1e-06
-15.2966 8.33873 2.78985 1e-06 -0.0389611 0.0386721 0.338765 0.343184 271 0 0 0 0 1e-06
1.12836 5.69063 1.41717 1e-06 -0.147117 0.0642376 0.0534055 0.16918 273 0 0 0 0 1e-06
0.449974 -4.64506 0.887948 1e-06 -0.244108 0.0906118 -0.00909345 0.260541 277 0 0 0 0 1e-06
6.03714 -6.20417 0.446146 1e-06 -0.222683 0.101644 -0.159275 0.292041 278 0 0 0 0 1e-06
9.17999 -7.53119 0.123774 1e-06 -0.216712 0.0887522 -0.229324 0.327766 279 0 0 0 0 1e-06
-11.8189 -8.1173 2.98699 1e-06 -0.0972072 0.0908884 0.307203 0.334789 280 0 0 0 0 1e-06
-10.1904 -9.23127 2.89418 1e-06 -0.116965 0.118705 0.256532 0.305909 281 0 0 0 0 1e-06
1.2882 -13.2303 1.27776 1e-06 -0.224654 0.0899097 -0.114711 0.267791 283 0 0 0 0 1e-06
13.5313 4.49242 0.0119427 1e-06 -0.170219 0.049678 -0.258135 0.313171 290 0 0 0 0 1e-06
14.8186 -0.0744318 0.382387 1e-06 -0.17109 0.014205 -0.262861 0.313958 291 0 0 0 0 1e-06
-6.44599 -2.46022 2.63662 1e-06 -0.10024 0.121605 0.273037 0.315254 292 0 0 0 0 1e-06
13.1918 -9.0992 0.726781 1e-06 -0.165833 0.0204179 -0.253825 0.303883 293 0 0 0 0 1e-06
6.5929 -10.0462 0.804502 1e-06 -0.209656 0.118506 -0.193278 0.308797 294 0 0 0 0 1e-06
-3.6226 -11.1335 1.81779 1e-06 -0.206772 0.0785609 0.006415 0.221286 295 0 0 0 0 1e-06
-1.41807 10.5611 2.4366 1e-06 -0.0923746 0.0743315 0.241082 0.268661 303 0 0 0 0 1e-06
9.36085 8.87131 1.08675 1e-06 -0.17844 0.0291696 -0.177541 0.253402 304 0 0 0 0 1e-06
7.93583 4.77937 1.19601 1e-06 -0.165746 0.0401692 -0.166538 0.23837 305 0 0 0 0 1e-06
12.7673 -6.36468 0.501803 1e-06 -0.186152 0.0276674 -0.295226 0.350109 309 0 0 0 0 1e-06
-13.6518 -8.00029 3.50053 1e-06 -0.0748403 0.0565339 0.306033 0.320083 311 0 0 0 0 1e-06
1.00571 15.149 2.58725 1e-06 -0.059164 -0.00124759 0.205571 0.213919 315 0 0 0 0 1e-06
-10.5538 13.1507 3.78564 1e-06 -0.0167202 0.0414325 0.374506 0.377162 316 0 0 0 0 1e-06
-12.182 5.28209 3.83267 1e-06 -0.0584027 0.0331782 0.32476 0.331633 323 0 0 0 0 1e-06
5.7812 3.32365 1.49999 1e-06 -0.161045 0.0258498 -0.0310769 0.16604 324 0 0 0 0 1e-06
-1.59082 -5.07136 2.46972 1e-06 -0.204852 0.0794625 0.135953 0.258383 327 0 0 0 0 1e-06
6.60392 -7.43758 1.34963 1e-06 -0.201561 0.090742 -0.185296 0.288436 328 0 0 0 0 1e-06
2.51203 -9.0259 1.67391 1e-06 -0.233329 0.0705237 -0.128789 0.275686 330 0 0 0 0 1e-06
1.81576 14.5392 2.85261 1e-06 -0.0538792 -0.000401208 0.152465 0.161706 336 0 0 0 0 1e-06
-12.2186 11.9966 4.0368 1e-06 -0.0227591 0.0360524 0.307476 0.310418 337 0 0 0 0 1e-06
3.48936 11.3452 2.80237 1e-06 -0.113195 -0.0256736 0.121783 0.168236 338 0 0 0 0 1e-06
15.2143 8.42657 0.966216 1e-06 -0.134098 0.0172674 -0.30377 0.332501 340 0 0 0 0 1e-06
5.89728 6.93453 2.78295 1e-06 -0.12562 -0.0460033 0.0532979 0.144005 341 0 0 0 0 1e-06
-12.382 3.03774 3.82049 1e-06 -0.0741822 0.0370625 0.30969 0.3206 344 0 0 0 0 1e-06
1.745 0.887279 2.52523 1e-06 -0.156592 0.0609412 0.0395398 0.172621 345 0 0 0 0 1e-06
0.583371 0.109151 2.99608 1e-06 -0.135471 0.0629252 0.0619201 0.161697 346 0 0 0 0 1e-06
14.5466 -6.81403 1.06199 1e-06 -0.160255 -0.00890601 -0.353711 0.388423 354 0 0 0 0 1e-06
-8.5992 -9.08239 3.33868 1e-06 -0.12037 0.108124 0.212735 0.267275 357 0 0 0 0 1e-06
1.26668 -11.3584 2.29596 1e-06 -0.215674 0.0439189 -0.188889 0.29004 360 0 0 0 0 1e-06
-8.42532 -11.641 3.46783 1e-06 -0.128006 0.0773807 0.209424 0.257356 361 0 0 0 0 1e-06
-14.7351 -12.5275 3.99406 1e-06 -0.079298 0.0474074 0.337958 0.350359 362 0 0 0 0 1e-06
4.49353 -13.5518 2.09166 1e-06 -0.1838 0.101646 -0.20497 0.293474 363 0 0 0 0 1e-06
13.5468 -14.0678 1.00542 1e-06 -0.134261 0.0133122 -0.339899 0.365697 364 0 0 0 0 1e-06
0.233255 13.4795 3.54951 1e-06 -0.0394024 0.00940431 0.196717 0.200845 367 0 0 0 0 1e-06
-9.26441 12.0243 4.2028 1e-06 -0.0182966 0.0543993 0.303338 0.30872 369 0 0 0 0 1e-06
-6.20901 9.75596 4.3186 1e-06 -0.0199971 0.105122 0.290825 0.309886 370 0 0 0 0 1e-06
13.4608 8.33829 2.01754 1e-06 -0.116251 0.0526617 -0.263126 0.292443 373 0 0 0 0 1e-06
-3.94337 6.40819 4.10183 1e-06 -0.068456 0.108862 0.229252 0.262856 375 0 0 0 0 1e-06
-2.48833 5.71952 4.02854 1e-06 -0.0535386 0.0842554 0.220483 0.242029 376 0 0 0 0 1e-06
-9.72893 4.48219 4.57519 1e-06 -0.0404001 0.0714002 0.339381 0.349156 378 0 0 0 0 1e-06
-12.8001 3.28838 4.51063 1e-06 -0.0514288 0.0282128 0.29927 0.304965 379 0 0 0 0 1e-06
6.20893 1.28421 2.54469 1e-06 -0.134276 -0.00282906 -0.0507238 0.143565 381 0 0 0 0 1e-06
-7.48109 0.631101 4.27208 1e-06 -0.0481822 0.1282 0.292889 0.323328 385 0 0 0 0 1e-06
6.46538 -0.523868 2.34603 1e-06 -0.167441 0.0359593 -0.207977 0.269414 387 0 0 0 0 1e-06
3.41238 -1.29009 2.63883 1e-06 -0.174448 0.0378137 -0.0687202 0.191271 390 0 0 0 0 1e-06
-10.5297 -2.30925 3.92467 1e-06 -0.0424739 0.100843 0.316172 0.334572 392 0 0 0 0 1e-06
14.5759 -6.32811 1.7374 1e-06 -0.130719 -0.00877045 -0.409833 0.430264 396 0 0 0 0 1e-06
6.37007 -7.40612 2.70555 1e-06 -0.183529 0.0752953 -0.0119829 0.198735 398 0 0 0 0 1e-06
-8.56279 -7.82072 4.21706 1e-06 -0.0745698 0.0947458 0.248667 0.276356 399 0 0 0 0 1e-06
-3.60642 -9.61665 3.61405 1e-06 -0.17088 0.0520034 0.0869913 0.198675 400 0 0 0 0 1e-06
-13.2064 -10.2153 4.47057 1e-06 -0.0611004 0.066011 0.310222 0.322999 404 0 0 0 0 1e-06
-3.03541 -14.1895 3.50763 1e-06 -0.183199 0.0439386 0.00215265 0.188406 408 0 0 0 0 1e-06
-4.53622 13.9806 4.30817 1e-06 -0.00536757 0.10827 0.27475 0.295363 410 0 0 0 0 1e-06
7.44978 13.1504 3.34527 1e-06 -0.103809 -0.087321 0.0159298 0.136584 412 0 0 0 0 1e-06
0.930988 12.5966 3.61417 1e-06 -0.0597325 0.00352175 0.150763 0.162203 413 0 0 0 0 1e-06
7.88144 11.723 2.95257 1e-06 -0.130108 -0.0749997 0.0108029 0.150565 416 0 0 0 0 1e-06
-9.0685 11.0052 4.95352 1e-06 -0.00956254 0.0542466 0.332813 0.337341 419 0 0 0 0 1e-06
-4.84539 10.9357 4.50873 1e-06 -0.0127303 0.107973 0.283855 0.303963 420 0 0 0 0 1e-06
6.16985 10.0361 3.02169 1e-06 -0.12142 -0.0533862 0.0151745 0.133504 421 0 0 0 0 1e-06
6.86986 8.52134 2.88538 1e-06 -0.134445 -0.0616108 -0.0286262 0.150635 422 0 0 0 0 1e-06
13.9193 8.02115 2.10225 1e-06 -0.0982322 0.0549458 -0.35682 0.374151 425 0 0 0 0 1e-06
-11.3454 6.26408 4.99954 1e-06 -0.0427843 0.0410712 0.355046 0.359965 427 0 0 0 0 1e-06
-8.23683 3.80211 4.8324 1e-06 -0.0412405 0.119752 0.282905 0.309962 429 0 0 0 0 1e-06
8.93481 3.34842 2.27568 1e-06 -0.134007 0.0367725 -0.221087 0.261132 430 0 0 0 0 1e-06
-7.78536 0.237251 4.69636 1e-06 -0.0387872 0.122816 0.280798 0.308927 434 0 0 0 0 1e-06
-13.9467 -1.27273 4.65573 1e-06 -0.0484926 0.0219068 0.256787 0.262242 435 0 0 0 0 1e-06
-4.25514 -3.46572 3.82947 1e-06 -0.113276 0.0833744 0.165919 0.217513 436 0 0 0 0 1e-06
-1.94421 -6.25175 2.81762 1e-06 -0.205373 0.0697766 0.0317588 0.219215 437 0 0 0 0 1e-06
-0.190925 -6.51386 3.01509 1e-06 -0.213036 0.0575118 -0.00181487 0.22067 438 0 0 0 0 1e-06
-7.48514 -8.08094 4.51321 1e-06 -0.0862198 0.0781427 0.206834 0.237319 442 0 0 0 0 1e-06
-13.1887 -9.09929 4.99645 1e-06 -0.0425149 0.0645455 0.338313 0.347029 446 0 0 0 0 1e-06
4.0328 -9.59236 3.52968 1e-06 -0.181389 0.037044 0.00554837 0.185216 447 0 0 0 0 1e-06
14.2342 -9.84716 2.08616 1e-06 -0.125548 0.00352377 -0.349865 0.371726 448 0 0 0 0 1e-06
4.79029 -10.1567 3.1323 1e-06 -0.166155 0.0373874 -0.239066 0.293527 449 0 0 0 0 1e-06
1.84976 -12.8306 3.12837 1e-06 -0.18781 0.0249938 -0.104202 0.21623 451 0 0 0 0 1e-06
-14.1162 -12.8003 5.00166 1e-06 -0.0674491 0.0566791 0.31975 0.331665 454 0 0 0 0 1e-06
-0.492484 -14.7364 3.64401 1e-06 -0.163962 0.038417 -0.0998654 0.195787 457 0 0 0 0 1e-06
-5.10075 6.24759 4.72812 1e-06 -0.0422797 0.112098 0.216067 0.247059 461 0 0 0 0 1e-06
-8.33699 -2.20943 5.01598 1e-06 -0.02127 0.119989 0.306074 0.329441 462 0 0 0 0 1e-06
-2.60074 -7.50982 4.11784 1e-06 -0.160978 0.0540015 0.102945 0.198564 464 0 0 0 0 1e-06
7.36753 6.90516 3.28942 1e-06 -0.11472 -0.0720174 -0.0999119 0.168314 465 0 0 0 0 1e-06
12.0049 13.8151 3.1765 1e-06 -0.0688742 -0.0457452 -0.204088 0.2202 466 0 0 0 0 1e-06
5.28295 13.7112 4.16571 1e-06 -0.0755249 -0.0770733 0.105603 0.150984 467 0 0 0 0 1e-06
-9.55657 13.9719 5.29763 1e-06 0.00559613 0.044023 0.297796 0.301084 469 0 0 0 0 1e-06
7.82184 9.91493 3.08671 1e-06 -0.143532 -0.0721265 -0.0770123 0.178142 470 0 0 0 0 1e-06
10.6162 9.42919 3.09574 1e-06 -0.108507 -0.0327786 -0.209577 0.238266 471 0 0 0 0 1e-06
-11.0189 8.8583 5.63507 1e-06 -0.00392769 0.0348458 0.333363 0.335202 472 0 0 0 0 1e-06
11.3721 8.71396 2.73487 1e-06 -0.0965001 0.0151287 -0.25237 0.270614 473 0 0 0 0 1e-06
-6.38115 5.87236 5.44685 1e-06 -0.0169432 0.119106 0.251143 0.278471 477 0 0 0 0 1e-06
-1.88521 5.12954 5.07128 1e-06 -0.0350074 0.0466503 0.202692 0.210917 478 0 0 0 0 1e-06
0.571815 4.20597 4.3241 1e-06 -0.0496654 0.0141745 0.098795 0.111481 479 0 0 0 0 1e-06
-15.4708 3.47603 5.27769 1e-06 -0.0259252 0.0116642 0.272955 0.274431 480 0 0 0 0 1e-06
2.14119 1.48612 4.20081 1e-06 -0.0762334 -0.0150729 0.0266704 0.0821586 481 0 0 0 0 1e-06
13.3612 -0.45882 2.83326 1e-06 -0.119861 0.0347854 -0.376461 0.39661 482 0 0 0 0 1e-06
-2.83775 -2.26074 4.51547 1e-06 -0.0987807 0.0694591 0.155297 0.196721 483 0 0 0 0 1e-06
5.81281 -5.63433 3.45727 1e-06 -0.17512 0.0199916 -0.140161 0.225193 484 0 0 0 0 1e-06
-7.75184 -5.89056 5.14614 1e-06 -0.0686403 0.0623792 0.220463 0.239179 485 0 0 0 0 1e-06
8.57686 -8.96107 2.99938 1e-06 -0.133646 0.0843367 -0.30524 0.343723 486 0 0 0 0 1e-06
-10.8855 -13.2958 4.95404 1e-06 -0.0784491 0.0755734 0.214425 0.240507 492 0 0 0 0 1e-06
-14.1589 -13.527 5.25772 1e-06 -0.0519155 0.0522946 0.323164 0.331459 493 0 0 0 0 1e-06
-8.1646 -14.4976 4.98436 1e-06 -0.0962766 0.0327094 0.139923 0.172967 494 0 0 0 0 1e-06
3.22908 14.5828 4.66186 1e-06 -0.0356587 -0.0355391 0.191825 0.198322 496 0 0 0 0 1e-06
4.94565 11.146 4.4243 1e-06 -0.0657473 -0.070352 0.0287644 0.100496 501 0 0 0 0 1e-06
-13.0319 10.8751 5.98336 1e-06 0.0154805 0.0230972 0.330982 0.332148 502 0 0 0 0 1e-06
-7.35092 8.63327 5.67994 1e-06 0.0129834 0.0880469 0.314518 0.326868 503 0 0 0 0 1e-06
7.17318 7.35053 3.92662 1e-06 -0.0837958 -0.0915466 -0.0361771 0.129272 504 0 0 0 0 1e-06
-12.7606 7.46426 5.774 1e-06 -0.012432 0.0215434 0.302027 0.303049 505 0 0 0 0 1e-06
13.461 3.73412 3.05722 1e-06 -0.07702 0.0515469 -0.328787 0.341599 507 0 0 0 0 1e-06
6.99003 2.76286 3.96127 1e-06 -0.108255 -0.0797088 -0.148146 0.20005 510 0 0 0 0 1e-06
-11.0253 1.11798 5.55643 1e-06 -0.0296934 0.0603866 0.242967 0.252114 513 0 0 0 0 1e-06
-7.9499 1.05484 5.69802 1e-06 -0.0158933 0.115165 0.312764 0.333672 514 0 0 0 0 1e-06
14.3298 -0.474809 3.37162 1e-06 -0.111084 0.0164189 -0.353538 0.370943 515 0 0 0 0 1e-06
2.44383 -2.40871 4.24208 1e-06 -0.124829 -0.0186906 -0.0736528 0.146138 519 0 0 0 0 1e-06
12.8913 -3.5502 3.2625 1e-06 -0.120224 0.0356441 -0.375049 0.395456 521 0 0 0 0 1e-06
7.36548 -7.44356 4.16036 1e-06 -0.13098 0.0465331 -0.207749 0.249962 524 0 0 0 0 1e-06
9.47718 -7.39067 3.90965 1e-06 -0.114447 0.0717625 -0.172072 0.218762 525 0 0 0 0 1e-06
2.44729 -8.21792 3.98288 1e-06 -0.179864 0.0214779 -0.113355 0.213686 526 0 0 0 0 1e-06
3.14984 -9.9847 4.20232 1e-06 -0.167808 0.0193171 -0.17972 0.246641 528 0 0 0 0 1e-06
-4.56349 -10.6917 5.31807 1e-06 -0.122235 0.0284462 0.105085 0.163687 529 0 0 0 0 1e-06
-2.13659 -10.968 4.54802 1e-06 -0.1379 0.0302212 0.00750606 0.141372 530 0 0 0 0 1e-06
-5.13737 -10.984 5.13856 1e-06 -0.130465 0.0291384 0.0201958 0.135196 531 0 0 0 0 1e-06
6.05168 -13.1953 3.63832 1e-06 -0.13729 0.0959927 -0.265349 0.313804 533 0 0 0 0 1e-06
1.65789 15.2265 5.50078 1e-06 -0.0238588 -0.028471 0.180501 0.184283 535 0 0 0 0 1e-06
3.43895 14.7721 5.44561 1e-06 -0.0203789 -0.0451669 0.1661 0.173333 536 0 0 0 0 1e-06
-7.09415 14.9939 5.8945 1e-06 0.0248154 0.0699534 0.21008 0.222807 537 0 0 0 0 1e-06
5.04569 12.0388 4.91135 1e-06 -0.0598456 -0.0745267 0.0891192 0.130683 538 0 0 0 0 1e-06
-2.39852 12.4525 5.69393 1e-06 0.0100203 0.0712166 0.208416 0.220475 539 0 0 0 0 1e-06
-1.16135 11.1992 5.34036 1e-06 -0.0212801 0.025004 0.145353 0.149015 540 0 0 0 0 1e-06
14.0504 4.88165 3.28897 1e-06 -0.0909344 0.0515168 -0.350108 0.365375 543 0 0 0 0 1e-06
-8.89686 1.4181 6.78617 1e-06 0.0446835 0.0952126 0.38274 0.396929 544 0 0 0 0 1e-06
-10.8266 -1.28206 6.00637 1e-06 0.00807904 0.0750439 0.314634 0.32356 545 0 0 0 0 1e-06
1.82274 -2.34939 4.70151 1e-06 -0.108573 -0.0268103 -0.0491421 0.122155 546 0 0 0 0 1e-06
-0.0569699 -2.58453 4.81229 1e-06 -0.09809 0.00913107 0.0345259 0.104389 547 0 0 0 0 1e-06
3.41137 -3.99394 4.31418 1e-06 -0.137777 -0.0211532 -0.109519 0.177269 549 0 0 0 0 1e-06
10.7137 -4.23715 3.95827 1e-06 -0.109568 0.0598872 -0.305625 0.330149 550 0 0 0 0 1e-06
5.17348 -5.82209 4.18478 1e-06 -0.167557 0.00326705 -0.179915 0.245877 552 0 0 0 0 1e-06
-14.0902 -7.54785 5.98298 1e-06 -0.0161239 0.0354592 0.278603 0.281313 555 0 0 0 0 1e-06
12.8499 -9.48612 3.65138 1e-06 -0.109337 0.0274521 -0.327782 0.346626 557 0 0 0 0 1e-06
2.76677 -12.7307 4.81242 1e-06 -0.132552 0.0232634 -0.149499 0.201149 558 0 0 0 0 1e-06
10.9856 15.0666 4.64153 1e-06 -0.0152361 -0.123636 -0.180571 0.219372 561 0 0 0 0 1e-06
0.725273 14.7373 6.05844 1e-06 0.00614208 -0.0241429 0.225808 0.227178 562 0 0 0 0 1e-06
-4.6629 14.4517 6.67775 1e-06 0.0706545 0.0846502 0.312244 0.331141 563 0 0 0 0 1e-06
14.2304 12.8724 4.10635 1e-06 -0.0118809 0.00934749 -0.310251 0.310619 564 0 0 0 0 1e-06
-15.4296 10.5402 6.37726 1e-06 0.0321742 0.0387711 0.339905 0.343619 567 0 0 0 0 1e-06
13.25 10.0081 4.2958 1e-06 -0.045432 0.0235749 -0.256357 0.261416 568 0 0 0 0 1e-06
12.7762 7.44488 4.04855 1e-06 -0.0532251 0.0310929 -0.288127 0.294647 569 0 0 0 0 1e-06
-13.0671 7.08244 6.53516 1e-06 0.0140287 0.0114992 0.358206 0.358665 571 0 0 0 0 1e-06
10.7936 6.68589 4.22943 1e-06 -0.0535185 -0.0112372 -0.225561 0.232095 572 0 0 0 0 1e-06
-0.93498 6.75553 5.64901 1e-06 -0.00793457 0.00635633 0.158315 0.158641 573 0 0 0 0 1e-06
-1.67273 6.78713 5.92584 1e-06 0.013362 0.0213513 0.191563 0.193211 574 0 0 0 0 1e-06
-13.1237 5.99121 6.86425 1e-06 0.0177329 0.00725072 0.360021 0.36053 575 0 0 0 0 1e-06
5.20061 5.02038 5.25571 1e-06 -0.0192441 -0.0787725 0.0393511 0.090133 577 0 0 0 0 1e-06
12.4312 5.00296 3.84635 1e-06 -0.0786271 0.0419372 -0.229297 0.246004 578 0 0 0 0 1e-06
11.7198 4.60795 3.7796 1e-06 -0.0812619 0.0371081 -0.2992 0.312251 580 0 0 0 0 1e-06
15.3338 2.53826 3.95459 1e-06 -0.0850157 0.00504246 -0.354227 0.364321 581 0 0 0 0 1e-06
2.8667 1.67437 5.24059 1e-06 -0.0296616 -0.0551116 0.0403145 0.074447 582 0 0 0 0 1e-06
5.07291 1.12131 4.89794 1e-06 -0.0928197 -0.0944771 -0.11614 0.176153 583 0 0 0 0 1e-06
-12.4771 1.48539 6.80196 1e-06 0.0117136 0.0163498 0.338741 0.339338 584 0 0 0 0 1e-06
-5.00869 -0.374692 6.03109 1e-06 -0.0315428 0.0740492 0.217625 0.232032 587 0 0 0 0 1e-06
-4.52147 -2.24441 6.08228 1e-06 -0.0524573 0.0500061 0.160031 0.175677 591 0 0 0 0 1e-06
12.4164 -4.77548 4.0452 1e-06 -0.102791 0.0386299 -0.342738 0.359899 594 0 0 0 0 1e-06
-1.47253 -5.60836 5.39406 1e-06 -0.10609 0.0205959 0.0666711 0.126981 595 0 0 0 0 1e-06
1.82844 -6.73894 5.18297 1e-06 -0.125304 -0.0157037 -0.0789263 0.14892 596 0 0 0 0 1e-06
9.48149 -8.00015 4.3642 1e-06 -0.104985 0.0708271 -0.286404 0.313155 599 0 0 0 0 1e-06
-11.2893 -8.24832 6.56558 1e-06 -0.0056772 0.0838391 0.280771 0.293076 600 0 0 0 0 1e-06
-11.5716 -9.76601 6.95652 1e-06 -0.00498942 0.0784554 0.277543 0.288461 602 0 0 0 0 1e-06
15.2267 -10.8241 4.2457 1e-06 -0.0656611 -0.0116308 -0.345015 0.3514 603 0 0 0 0 1e-06
12.7403 -11.3056 4.39379 1e-06 -0.0800978 0.0218542 -0.306262 0.317317 604 0 0 0 0 1e-06
2.73152 -12.0565 5.15247 1e-06 -0.126356 0.0118162 -0.135392 0.18557 605 0 0 0 0 1e-06
8.52947 -12.3829 4.0014 1e-06 -0.108752 0.0930897 -0.239353 0.278895 606 0 0 0 0 1e-06
-13.4895 -12.562 6.48871 1e-06 -0.00881373 0.0569449 0.314798 0.320029 608 0 0 0 0 1e-06
11.53 -13.6463 4.83298 1e-06 -0.0619752 0.0370331 -0.261076 0.270875 611 0 0 0 0 1e-06
3.84073 -14.885 4.76516 1e-06 -0.11838 0.0660056 -0.174784 0.221178 613 0 0 0 0 1e-06
1.48468 -15.1468 5.40873 1e-06 -0.105879 0.0112541 -0.119345 0.159939 614 0 0 0 0 1e-06
4.91159 14.692 5.93043 1e-06 -0.00784554 -0.0856136 0.0921938 0.126059 616 0 0 0 0 1e-06
13.0146 14.5471 4.8215 1e-06 -0.00873267 -0.0303566 -0.262429 0.264323 617 0 0 0 0 1e-06
-8.84248 10.5276 7.26802 1e-06 0.0546899 0.0370503 0.356084 0.362159 618 0 0 0 0 1e-06
2.8932 9.42132 6.29101 1e-06 0.00889546 -0.0676888 0.153643 0.168128 620 0 0 0 0 1e-06
-1.24829 9.42266 6.50919 1e-06 0.0169573 0.00507226 0.213714 0.214446 621 0 0 0 0 1e-06
-2.32202 7.9979 6.76132 1e-06 0.0344538 0.0244926 0.25076 0.254298 622 0 0 0 0 1e-06
0.556292 6.98448 5.92566 1e-06 0.00589477 -0.0521759 0.120957 0.131862 624 0 0 0 0 1e-06
-9.13042 -0.0934802 6.63957 1e-06 0.0243012 0.0998586 0.292592 0.310117 627 0 0 0 0 1e-06
-8.90075 -4.56465 6.84575 1e-06 0.0126174 0.0915225 0.318004 0.331152 628 0 0 0 0 1e-06
1.31888 -5.65806 5.36311 1e-06 -0.113798 -0.0216428 -0.0843663 0.143304 629 0 0 0 0 1e-06
10.9957 -5.99754 4.70782 1e-06 -0.0824191 0.0550556 -0.315393 0.330601 631 0 0 0 0 1e-06
-2.77622 -9.85207 6.06409 1e-06 -0.0848925 -0.00298929 0.0537397 0.100517 633 0 0 0 0 1e-06
15.3205 -13.7511 4.57728 1e-06 -0.0563036 -0.00840952 -0.370949 0.375292 637 0 0 0 0 1e-06
-9.34325 -14.2955 6.58854 1e-06 -0.057605 0.00730004 0.192894 0.201445 638 0 0 0 0 1e-06
-2.6098 -14.8798 6.00435 1e-06 -0.0959424 0.00636339 0.00501272 0.0962838 639 0 0 0 0 1e-06
-6.54008 8.99175 7.61594 1e-06 0.0579939 0.0864153 0.461893 0.473473 642 0 0 0 0 1e-06
1.84415 4.21497 6.28744 1e-06 -0.00321741 -0.0943543 0.101631 0.138715 643 0 0 0 0 1e-06
-6.30171 4.0275 7.06742 1e-06 0.0417611 0.0937832 0.241699 0.262598 644 0 0 0 0 1e-06
7.88914 0.81046 5.43705 1e-06 -0.0470651 -0.0284067 -0.159003 0.168238 646 0 0 0 0 1e-06
-5.6067 1.11932 7.0324 1e-06 0.0280252 0.0713545 0.280792 0.291068 647 0 0 0 0 1e-06
-13.3651 -0.930827 7.34501 1e-06 0.0301881 0.00445164 0.346698 0.348038 649 0 0 0 0 1e-06
8.41414 -2.13556 5.25366 1e-06 -0.0814606 -0.0112742 -0.214967 0.23016 650 0 0 0 0 1e-06
13.3456 -2.09201 4.95267 1e-06 -0.0689003 0.0226146 -0.325558 0.333536 651 0 0 0 0 1e-06
7.34901 -8.78652 5.47018 1e-06 -0.0750785 0.0430322 -0.223203 0.239391 652 0 0 0 0 1e-06
-7.00019 -11.228 7.01704 1e-06 -0.0675236 0.0127775 0.165178 0.178903 653 0 0 0 0 1e-06
-1.56112 -11.9117 6.16783 1e-06 -0.0815003 -0.0225694 -0.0259638 0.0884635 655 0 0 0 0 1e-06
11.645 14.3251 5.28266 1e-06 0.0254801 -0.0992474 -0.174738 0.202566 657 0 0 0 0 1e-06
9.97662 11.7348 5.64916 1e-06 0.0217095 -0.103597 -0.155891 0.188429 658 0 0 0 0 1e-06
4.97648 10.3035 6.11507 1e-06 -0.0151545 -0.0789719 0.0850793 0.117067 660 0 0 0 0 1e-06
11.7972 1.53974 4.98294 1e-06 -0.047529 0.0334329 -0.305128 0.310612 662 0 0 0 0 1e-06
5.04382 -3.27206 6.02521 1e-06 -0.0747504 -0.0449921 -0.0245624 0.0906379 664 0 0 0 0 1e-06
8.16948 -7.0261 5.54831 1e-06 -0.0841049 0.0354944 -0.237006 0.253979 665 0 0 0 0 1e-06
12.7839 -13.7336 5.1007 1e-06 -0.0593198 0.0155282 -0.275796 0.28253 667 0 0 0 0 1e-06
2.0858 6.52747 7.21484 1e-06 0.0169369 -0.0769843 0.235143 0.248003 670 0 0 0 0 1e-06
-1.2292 2.56033 6.95523 1e-06 0.00886265 -0.0206594 0.196153 0.197437 673 0 0 0 0 1e-06
9.73367 2.06677 5.43819 1e-06 -0.0403932 -0.0232024 -0.237492 0.242018 674 0 0 0 0 1e-06
14.5349 -2.94869 5.1805 1e-06 -0.0683966 0.00183487 -0.358013 0.364492 677 0 0 0 0 1e-06
10.9882 -8.31646 5.69871 1e-06 -0.0560655 0.0545766 -0.27421 0.285155 683 0 0 0 0 1e-06
1.24349 -8.92627 6.07562 1e-06 -0.0826311 -0.0115853 -0.0657895 0.106256 684 0 0 0 0 1e-06
-0.20509 -10.6621 6.34102 1e-06 -0.0749765 -0.0154482 -0.0773751 0.108844 685 0 0 0 0 1e-06
11.8024 -11.98 5.08381 1e-06 -0.0683027 0.0330887 -0.355278 0.363294 686 0 0 0 0 1e-06
-4.71488 -14.8361 6.89345 1e-06 -0.0703066 0.0336413 0.0651603 0.10159 689 0 0 0 0 1e-06
4.95565 15.237 6.86546 1e-06 0.0479298 -0.0951538 0.0891246 0.138905 690 0 0 0 0 1e-06
-3.77156 14.0909 7.42551 1e-06 0.0900259 0.0859048 0.245562 0.27529 691 0 0 0 0 1e-06
10.4705 12.1698 6.00013 1e-06 0.015807 -0.0887528 -0.141785 0.168017 692 0 0 0 0 1e-06
-15.1396 11.5835 8.15153 1e-06 0.0674009 0.0358702 0.358599 0.366637 693 0 0 0 0 1e-06
10.6599 0.472173 5.68995 1e-06 -0.0439961 0.00691145 -0.317371 0.32048 695 0 0 0 0 1e-06
-0.177561 -14.3336 6.57431 1e-06 -0.0513747 0.00979759 -0.0839992 0.0989506 698 0 0 0 0 1e-06
-8.90728 13.1726 8.01859 1e-06 0.0818807 0.0285547 0.304565 0.316669 701 0 0 0 0 1e-06
-1.12766 10.3245 7.60699 1e-06 0.0587302 0.0149918 0.201724 0.210634 703 0 0 0 0 1e-06
-5.60643 8.8448 8.10132 1e-06 0.0889661 0.0822784 0.287027 0.311559 704 0 0 0 0 1e-06
11.4147 6.57838 5.62265 1e-06 -0.00655276 -0.0141684 -0.285715 0.286141 706 0 0 0 0 1e-06
7.02005 -1.17518 6.17253 1e-06 -0.0273307 -0.0509436 -0.272541 0.278605 708 0 0 0 0 1e-06
11.6137 -3.13573 6.03254 1e-06 -0.0340315 0.0314399 -0.330527 0.333758 711 0 0 0 0 1e-06
-6.09431 -4.75372 7.72276 1e-06 0.00697842 0.0325178 0.245344 0.247587 713 0 0 0 0 1e-06
-5.28638 -8.6198 7.54348 1e-06 -0.0324532 0.016395 0.153196 0.157452 716 0 0 0 0 1e-06
11.5364 -9.10194 5.63642 1e-06 -0.0561494 0.0443545 -0.298068 0.306536 718 0 0 0 0 1e-06
-6.16226 -10.9369 7.34058 1e-06 -0.0520977 0.0106915 0.0785903 0.0948942 719 0 0 0 0 1e-06
-15.0884 -13.8307 8.29234 1e-06 0.0312555 0.023172 0.310761 0.313187 722 0 0 0 0 1e-06
6.79953 14.0355 6.8027 1e-06 0.045599 -0.131028 -0.0290787 0.14175 723 0 0 0 0 1e-06
6.61833 11.4248 7.13128 1e-06 0.0392183 -0.118561 0.0184795 0.126239 724 0 0 0 0 1e-06
-14.876 10.1013 8.56855 1e-06 0.062645 0.0245259 0.288402 0.296145 726 0 0 0 0 1e-06
2.90887 5.2932 7.08278 1e-06 0.0134286 -0.0842574 0.0494511 0.0986156 728 0 0 0 0 1e-06
7.37705 5.2605 6.52007 1e-06 0.00703537 -0.0886274 -0.108129 0.139986 729 0 0 0 0 1e-06
2.58898 2.98771 7.00725 1e-06 -0.00102049 -0.0857553 0.0032187 0.0858218 731 0 0 0 0 1e-06
-3.29075 -1.18831 7.6848 1e-06 -0.00444471 0.00807498 0.117605 0.117966 732 0 0 0 0 1e-06
-4.56954 -4.21487 7.76869 1e-06 0.00261039 0.0144159 0.194137 0.194689 734 0 0 0 0 1e-06
15.42 -4.59789 5.92159 1e-06 -0.0437609 -0.0121453 -0.25211 0.256168 735 0 0 0 0 1e-06
6.42086 -7.78487 6.12321 1e-06 -0.0924321 0.00504103 -0.213148 0.232382 738 0 0 0 0 1e-06
8.73852 -11.2535 5.98171 1e-06 -0.0485178 0.0711799 -0.234757 0.250063 741 0 0 0 0 1e-06
2.44897 12.6563 7.08441 1e-06 0.0171178 -0.051551 0.0955925 0.109947 742 0 0 0 0 1e-06
-15.0864 12.2261 8.60739 1e-06 0.0703077 0.0381786 0.293427 0.304138 743 0 0 0 0 1e-06
9.92618 11.3625 6.55363 1e-06 0.0180274 -0.0843234 -0.172001 0.192405 745 0 0 0 0 1e-06
-3.84427 10.3044 8.22541 1e-06 0.0951466 0.0692141 0.243153 0.270124 746 0 0 0 0 1e-06
-0.792215 8.87047 8.02446 1e-06 0.0661797 -0.00833274 0.198556 0.209461 747 0 0 0 0 1e-06
6.6924 7.47614 6.77501 1e-06 0.0192923 -0.11555 -0.0532952 0.128703 748 0 0 0 0 1e-06
4.10117 7.13078 7.42541 1e-06 0.0447108 -0.0972872 0.151508 0.185523 749 0 0 0 0 1e-06
-0.722953 4.17247 7.88228 1e-06 0.056013 -0.037344 0.133113 0.149168 750 0 0 0 0 1e-06
-1.97644 -0.0582459 7.77631 1e-06 -0.00977529 -0.0222614 0.158128 0.159987 752 0 0 0 0 1e-06
-3.37271 -0.153592 8.28829 1e-06 0.0460824 0.0120419 0.179491 0.185703 753 0 0 0 0 1e-06
-3.39604 -4.96805 7.69271 1e-06 -0.00729348 0.00702089 0.154136 0.154468 756 0 0 0 0 1e-06
3.53056 -9.80917 7.04437 1e-06 -0.0612056 -0.0220734 -0.102479 0.121389 759 0 0 0 0 1e-06
-11.6321 -12.5203 8.83711 1e-06 0.0589424 0.046914 0.304099 0.313291 760 0 0 0 0 1e-06
-1.51246 11.6419 8.50361 1e-06 0.111834 0.0514118 0.239514 0.26929 761 0 0 0 0 1e-06
3.724 2.99734 7.29996 1e-06 0.00834976 -0.10522 0.0402255 0.112956 762 0 0 0 0 1e-06
-11.4314 -0.428609 9.01099 1e-06 0.0812866 0.0202008 0.36354 0.373064 764 0 0 0 0 1e-06
-8.56257 -3.78973 8.85839 1e-06 0.0880165 0.0713326 0.30702 0.327256 765 0 0 0 0 1e-06
10.6679 -8.03599 6.42363 1e-06 -0.0370301 0.0486666 -0.327987 0.333639 766 0 0 0 0 1e-06
0.538478 -9.0625 7.87313 1e-06 -0.035921 -0.0468655 0.0128647 0.0604334 767 0 0 0 0 1e-06
-7.95057 -11.0401 8.37135 1e-06 0.0231349 0.00180614 0.201659 0.20299 769 0 0 0 0 1e-06
-10.9857 12.8732 9.16586 1e-06 0.0939657 0.00784855 0.335768 0.348757 770 0 0 0 0 1e-06
8.82572 10.9781 7.39245 1e-06 0.0501316 -0.0914204 -0.109352 0.151092 771 0 0 0 0 1e-06
13.7811 6.43146 6.82083 1e-06 0.0341099 0.016147 -0.309359 0.311652 774 0 0 0 0 1e-06
-12.3242 2.16869 9.15071 1e-06 0.0481176 0.00497141 0.281294 0.285423 777 0 0 0 0 1e-06
-6.46424 1.9834 9.14864 1e-06 0.100635 0.0711582 0.279911 0.305845 778 0 0 0 0 1e-06
-12.011 -3.19659 9.0425 1e-06 0.08347 0.0238442 0.318303 0.329928 779 0 0 0 0 1e-06
-1.89698 -3.48548 8.37652 1e-06 0.0172786 -0.0439918 0.117071 0.126251 780 0 0 0 0 1e-06
-8.47716 -5.09324 8.83682 1e-06 0.0774414 0.0565616 0.226529 0.245991 782 0 0 0 0 1e-06
4.77195 -7.65975 7.09647 1e-06 -0.075682 -0.0241328 -0.215592 0.229761 784 0 0 0 0 1e-06
-5.56408 -9.10892 8.83866 1e-06 0.0312834 -0.00406796 0.174704 0.17753 785 0 0 0 0 1e-06
-1.28554 -10.1712 7.74145 1e-06 -0.0441966 -0.0490391 -0.0720706 0.0977361 786 0 0 0 0 1e-06
9.58661 -11.1133 6.24103 1e-06 -0.0424352 0.0621457 -0.356409 0.364267 787 0 0 0 0 1e-06
-10.2573 -12.0124 8.57123 1e-06 0.0167976 0.0234364 0.174336 0.176704 789 0 0 0 0 1e-06
-12.5427 -14.2416 9.27324 1e-06 0.0763577 0.0438995 0.312018 0.324211 791 0 0 0 0 1e-06
2.49336 15.3823 8.63757 1e-06 0.118782 -0.0279466 0.176449 0.214533 795 0 0 0 0 1e-06
-6.74909 15.5486 9.1387 1e-06 0.111766 0.0353849 0.337766 0.357533 796 0 0 0 0 1e-06
12.7658 15.2238 6.70303 1e-06 0.0674666 -0.0369275 -0.245104 0.256888 797 0 0 0 0 1e-06
-12.2622 14.7415 9.23925 1e-06 0.0821228 0.00268023 0.320862 0.331216 798 0 0 0 0 1e-06
4.02162 13.6305 8.26763 1e-06 0.0865595 -0.083466 0.142222 0.186242 799 0 0 0 0 1e-06
-0.213783 10.7137 8.70561 1e-06 0.101248 0.0170355 0.171999 0.200312 800 0 0 0 0 1e-06
-2.82175 8.98571 9.07938 1e-06 0.104672 0.0398983 0.275155 0.297083 802 0 0 0 0 1e-06
-3.78643 7.56985 9.15137 1e-06 0.119971 0.0457703 0.275058 0.303554 803 0 0 0 0 1e-06
0.214246 4.774 8.45931 1e-06 0.0682419 -0.0674782 0.132995 0.164006 804 0 0 0 0 1e-06
11.8999 4.43324 6.62775 1e-06 0.0136523 -0.00477501 -0.258424 0.258829 805 0 0 0 0 1e-06
-7.12365 2.6768 8.84006 1e-06 0.0805381 0.0899455 0.227292 0.257368 807 0 0 0 0 1e-06
10.1582 1.38707 6.50195 1e-06 -0.0218924 -0.0164014 -0.305872 0.307092 808 0 0 0 0 1e-06
-10.508 0.587765 9.15112 1e-06 0.0842854 0.0363165 0.323053 0.335836 809 0 0 0 0 1e-06
-11.7401 -1.05208 9.37659 1e-06 0.0873415 0.0123962 0.326235 0.337951 810 0 0 0 0 1e-06
12.3125 -2.14605 6.57199 1e-06 -0.0150813 0.0248112 -0.324156 0.325453 811 0 0 0 0 1e-06
-0.570262 -4.3827 8.01248 1e-06 0.00563724 -0.0543259 -0.0123271 0.0559914 812 0 0 0 0 1e-06
0.708351 -10.796 7.59924 1e-06 -0.0369362 -0.0228774 -0.0596153 0.0737674 816 0 0 0 0 1e-06
-8.23294 -12.5203 8.77643 1e-06 0.0302413 -0.00572151 0.196863 0.199255 817 0 0 0 0 1e-06
-7.50269 15.2008 9.41661 1e-06 0.127992 0.0204914 0.321089 0.346265 819 0 0 0 0 1e-06
-2.2362 13.0216 8.48175 1e-06 0.115872 0.0697443 0.19607 0.238189 820 0 0 0 0 1e-06
-3.26047 12.025 9.10529 1e-06 0.138785 0.0607444 0.26718 0.307142 821 0 0 0 0 1e-06
-2.98425 10.6834 9.24928 1e-06 0.128557 0.0527912 0.287037 0.31891 822 0 0 0 0 1e-06
6.15422 7.17351 8.06071 1e-06 0.0623078 -0.117726 -0.00863538 0.133477 823 0 0 0 0 1e-06
3.99484 5.05762 7.96509 1e-06 0.0440296 -0.111488 -0.00633681 0.120035 824 0 0 0 0 1e-06
-0.493135 3.60963 8.41805 1e-06 0.0605949 -0.0468267 0.116658 0.139548 825 0 0 0 0 1e-06
-10.9558 1.33853 9.68392 1e-06 0.0926084 0.014929 0.298234 0.312639 826 0 0 0 0 1e-06
-2.26441 -2.66282 8.76399 1e-06 0.0211567 -0.0418626 0.130379 0.13856 827 0 0 0 0 1e-06
-2.16338 -3.92699 7.94748 1e-06 0.00155396 -0.0185951 0.0370949 0.0415238 828 0 0 0 0 1e-06
12.3859 -5.68725 7.14468 1e-06 -0.0123188 0.019772 -0.336399 0.337205 829 0 0 0 0 1e-06
-7.25585 -6.65931 8.91932 1e-06 0.0437596 0.0260411 0.211514 0.217557 830 0 0 0 0 1e-06
1.61941 -9.19921 8.43322 1e-06 -0.0139701 -0.0440666 -0.0659137 0.0805087 831 0 0 0 0 1e-06
-5.50518 -10.0307 8.79602 1e-06 0.021524 -0.00312574 0.157401 0.158897 832 0 0 0 0 1e-06
-3.96079 -15.0583 8.72478 1e-06 0.0152679 0.0235806 0.0742338 0.0793714 833 0 0 0 0 1e-06
13.1671 14.9057 7.65328 1e-06 0.0907351 -0.0319896 -0.231303 0.250514 835 0 0 0 0 1e-06
-11.1441 13.4288 9.6974 1e-06 0.100673 -0.00209925 0.312972 0.328772 836 0 0 0 0 1e-06
-10.0558 9.6121 9.698 1e-06 0.100028 0.0125325 0.313674 0.329475 837 0 0 0 0 1e-06
-12.5868 5.69006 9.84561 1e-06 0.0769815 -0.00680525 0.294202 0.304183 841 0 0 0 0 1e-06
4.30371 3.85273 8.18306 1e-06 0.0328857 -0.119452 -0.0147781 0.124775 842 0 0 0 0 1e-06
-9.95198 4.32076 9.68654 1e-06 0.0903389 0.0228382 0.293774 0.308198 843 0 0 0 0 1e-06
3.57903 3.86305 8.4403 1e-06 0.0383441 -0.0990596 0.0167571 0.107535 844 0 0 0 0 1e-06
0.346118 2.8256 8.57454 1e-06 0.0501841 -0.0802583 0.0322341 0.0999944 845 0 0 0 0 1e-06
-3.98764 2.8989 9.13914 1e-06 0.0936036 0.030025 0.187821 0.21199 846 0 0 0 0 1e-06
-12.7308 2.5613 9.88778 1e-06 0.0800752 -0.0119208 0.327828 0.337676 847 0 0 0 0 1e-06
-14.6388 1.74319 9.69252 1e-06 0.0664305 -0.0183214 0.299145 0.30698 848 0 0 0 0 1e-06
0.621319 -3.68451 8.64917 1e-06 0.0271441 -0.0821734 0.00770043 0.0868825 849 0 0 0 0 1e-06
-8.5028 -4.84437 9.47801 1e-06 0.11022 0.0556711 0.26911 0.296087 850 0 0 0 0 1e-06
0.240035 -6.24698 8.42252 1e-06 -0.00685023 -0.0718831 -0.00483643 0.0723706 851 0 0 0 0 1e-06
11.9501 -8.28769 7.64165 1e-06 0.0173251 0.0198382 -0.249132 0.250521 852 0 0 0 0 1e-06
-10.4824 -9.85195 9.45629 1e-06 0.0897584 0.0467772 0.270692 0.288996 854 0 0 0 0 1e-06
15.0702 -12.0825 6.98069 1e-06 -0.00570144 -0.0211427 -0.369495 0.370143 856 0 0 0 0 1e-06
10.4407 14.4115 7.79324 1e-06 0.100018 -0.0728175 -0.194673 0.230659 858 0 0 0 0 1e-06
-12.5931 14.0458 9.50591 1e-06 0.0779588 0.00706739 0.227944 0.241011 860 0 0 0 0 1e-06
-7.48961 13.8219 9.99826 1e-06 0.134102 0.021208 0.267499 0.299981 861 0 0 0 0 1e-06
-13.7069 13.801 10.0212 1e-06 0.092215 0.0269399 0.261958 0.279019 862 0 0 0 0 1e-06
-0.945424 11.9605 9.78605 1e-06 0.157568 0.048316 0.213502 0.269713 863 0 0 0 0 1e-06
1.27774 10.7907 9.33992 1e-06 0.116455 -0.015164 0.126062 0.172289 864 0 0 0 0 1e-06
8.14499 10.4111 8.68874 1e-06 0.0924321 -0.0804057 -0.0650485 0.138709 865 0 0 0 0 1e-06
-3.56869 10.0895 9.85943 1e-06 0.144928 0.0528177 0.308133 0.344587 866 0 0 0 0 1e-06
3.9121 9.4282 9.15491 1e-06 0.11 -0.0889453 0.0992097 0.172782 867 0 0 0 0 1e-06
3.00201 8.8119 9.26407 1e-06 0.11054 -0.0789099 0.0792956 0.15727 868 0 0 0 0 1e-06
-13.0353 8.82621 10.0678 1e-06 0.0855862 -0.000433889 0.280132 0.292915 869 0 0 0 0 1e-06
10.1109 8.06837 7.93287 1e-06 0.0663598 -0.0430458 -0.203518 0.218349 870 0 0 0 0 1e-06
-5.95668 8.22339 10.1427 1e-06 0.142245 0.0602264 0.270366 0.311382 871 0 0 0 0 1e-06
14.6033 7.8837 7.70875 1e-06 0.0464101 0.0144031 -0.336996 0.340482 872 0 0 0 0 1e-06
1.38907 4.44569 9.24977 1e-06 0.100362 -0.0844871 0.134129 0.187619 875 0 0 0 0 1e-06
-7.93582 4.19738 10.0534 1e-06 0.124641 0.0566565 0.286682 0.317698 877 0 0 0 0 1e-06
-1.58179 0.77095 9.47711 1e-06 0.0831483 -0.0241899 0.131911 0.157795 879 0 0 0 0 1e-06
-2.60172 -0.243313 9.39087 1e-06 0.0858087 -0.0101012 0.149379 0.172566 880 0 0 0 0 1e-06
7.71143 -0.889391 8.00273 1e-06 0.0147579 -0.0685358 -0.188936 0.201523 881 0 0 0 0 1e-06
-1.10365 -2.51817 8.83078 1e-06 0.0187037 -0.0701267 0.0167149 0.074478 884 0 0 0 0 1e-06
-6.1602 -4.05626 9.93149 1e-06 0.0967142 0.0111551 0.224056 0.244293 885 0 0 0 0 1e-06
-2.93225 -4.61319 9.44365 1e-06 0.0327027 -0.0384238 0.0963928 0.1088 886 0 0 0 0 1e-06
-4.12896 -4.75999 9.77942 1e-06 0.0579896 -0.0173594 0.155029 0.166427 887 0 0 0 0 1e-06
13.6652 -5.57756 7.92372 1e-06 0.00427283 -0.00662225 -0.32174 0.321837 888 0 0 0 0 1e-06
11.6227 -9.8359 7.6581 1e-06 0.00708781 0.0236143 -0.323983 0.32492 891 0 0 0 0 1e-06
-10.183 -9.8508 10.0187 1e-06 0.107871 0.0381232 0.256418 0.280784 892 0 0 0 0 1e-06
-10.9741 -10.2606 10.27 1e-06 0.121931 0.0399529 0.274174 0.302712 893 0 0 0 0 1e-06
-14.3 -10.7128 10.5527 1e-06 0.11539 -0.00233119 0.337106 0.356316 894 0 0 0 0 1e-06
3.07161 -11.2055 8.60577 1e-06 0.00683552 -0.0218048 -0.162702 0.164299 895 0 0 0 0 1e-06
-6.10853 -11.2224 9.7262 1e-06 0.0548598 -0.013093 0.164456 0.173858 896 0 0 0 0 1e-06
-5.3333 -11.7746 9.23642 1e-06 0.0148546 -0.00542611 0.069667 0.0714394 897 0 0 0 0 1e-06
-7.30497 -12.2204 9.7345 1e-06 0.0581161 -0.0224379 0.191674 0.201544 899 0 0 0 0 1e-06
3.62482 -13.4125 8.61008 1e-06 0.0237138 -0.0291039 -0.110275 0.116491 902 0 0 0 0 1e-06
5.21352 -13.7829 8.46247 1e-06 0.00795929 -0.00732356 -0.225749 0.226008 903 0 0 0 0 1e-06
-7.12821 -15.0118 9.78018 1e-06 0.0444449 -0.0227101 0.134687 0.143637 904 0 0 0 0 1e-06
-14.9766 13.8618 10.3284 1e-06 0.0945211 0.0405915 0.271818 0.290632 905 0 0 0 0 1e-06
1.17473 12.9279 10.2064 1e-06 0.193227 0.024693 0.189371 0.271676 906 0 0 0 0 1e-06
13.4411 11.5336 8.53403 1e-06 0.0927538 -0.015025 -0.232956 0.251192 907 0 0 0 0 1e-06
2.82138 10.7291 10.3475 1e-06 0.151719 -0.013137 0.281256 0.319838 908 0 0 0 0 1e-06
11.484 9.76123 8.29015 1e-06 0.0731757 -0.0384788 -0.198592 0.215114 910 0 0 0 0 1e-06
3.8217 6.412 9.32219 1e-06 0.106835 -0.0968844 0.0370624 0.148909 912 0 0 0 0 1e-06
7.97406 6.50853 8.65193 1e-06 0.0757314 -0.0588903 -0.143433 0.172558 913 0 0 0 0 1e-06
-13.9385 6.6109 10.5993 1e-06 0.0896311 -0.00774752 0.305878 0.318834 914 0 0 0 0 1e-06
-13.7081 5.10362 10.6431 1e-06 0.0902803 -0.0139161 0.298867 0.312515 915 0 0 0 0 1e-06
14.7338 3.2185 8.03596 1e-06 0.0434258 -0.0098773 -0.323988 0.327034 918 0 0 0 0 1e-06
-11.5929 0.905818 10.6317 1e-06 0.11131 -0.00779001 0.336801 0.354804 919 0 0 0 0 1e-06
1.19603 0.417423 9.65441 1e-06 0.0625916 -0.0950868 0.0399185 0.120635 920 0 0 0 0 1e-06
-0.732828 0.247168 9.86421 1e-06 0.0776161 -0.0531662 0.0640977 0.113839 921 0 0 0 0 1e-06
-12.0945 -0.46609 10.7092 1e-06 0.110022 -0.0117976 0.324876 0.343203 922 0 0 0 0 1e-06
-5.35375 -2.81736 10.1733 1e-06 0.112788 0.0064911 0.226749 0.253334 924 0 0 0 0 1e-06
-9.82025 -5.91619 10.745 1e-06 0.140561 0.0369715 0.277569 0.313319 925 0 0 0 0 1e-06
7.86622 -8.52316 8.36277 1e-06 0.00571696 0.0164825 -0.276152 0.276703 927 0 0 0 0 1e-06
-10.9562 -11.3112 10.5256 1e-06 0.13078 0.0367108 0.28507 0.315778 928 0 0 0 0 1e-06
-10.393 -12.7322 10.5293 1e-06 0.109834 0.0239801 0.272133 0.29444 929 0 0 0 0 1e-06
-12.9939 -12.7739 10.5094 1e-06 0.099195 0.024824 0.348112 0.362819 930 0 0 0 0 1e-06
-14.0833 -13.0689 10.9932 1e-06 0.125514 0.00640091 0.31969 0.343506 931 0 0 0 0 1e-06
3.96143 -13.6691 8.92111 1e-06 0.0510053 -0.0293959 -0.172544 0.18231 932 0 0 0 0 1e-06
-7.50072 -14.0242 10.624 1e-06 0.0946637 -0.0268512 0.231781 0.251802 933 0 0 0 0 1e-06
1.37125 -14.4473 9.05189 1e-06 0.0324295 -0.0177746 -0.155043 0.159392 934 0 0 0 0 1e-06
-5.34154 -14.6712 10.028 1e-06 0.0624853 -0.00729957 0.0978554 0.116333 935 0 0 0 0 1e-06
-0.708816 13.5949 10.5074 1e-06 0.188337 0.0450529 0.222268 0.294794 937 0 0 0 0 1e-06
0.270013 13.2265 10.4896 1e-06 0.195175 0.0370686 0.20066 0.282368 938 0 0 0 0 1e-06
-15.1114 13.2622 10.9444 1e-06 0.11203 0.0342791 0.305793 0.327468 939 0 0 0 0 1e-06
4.10022 12.6563 9.94096 1e-06 0.175214 -0.0308581 0.0737271 0.192582 940 0 0 0 0 1e-06
1.89801 3.81692 9.86906 1e-06 0.115101 -0.0881069 0.0881569 0.169655 942 0 0 0 0 1e-06
-6.58231 2.57112 10.6277 1e-06 0.153758 0.0620266 0.28112 0.32637 943 0 0 0 0 1e-06
8.84174 1.47108 9.1136 1e-06 0.0646825 -0.0640329 -0.209328 0.228259 944 0 0 0 0 1e-06
5.08297 0.14177 9.31049 1e-06 0.0667011 -0.0761549 -0.087228 0.133631 945 0 0 0 0 1e-06
-13.3482 -0.11316 11.0703 1e-06 0.110739 -0.0295051 0.343786 0.362384 946 0 0 0 0 1e-06
-7.91613 0.0623363 10.711 1e-06 0.149494 0.0591049 0.281223 0.323926 947 0 0 0 0 1e-06
2.59547 -0.983728 9.74003 1e-06 0.0584742 -0.0984814 -0.0102016 0.114986 948 0 0 0 0 1e-06
12.8022 -3.93326 8.61183 1e-06 0.030761 0.000584654 -0.330596 0.332025 949 0 0 0 0 1e-06
6.52643 -4.41683 8.87108 1e-06 0.00320717 -0.05856 -0.216627 0.224426 950 0 0 0 0 1e-06
-10.4592 -4.21511 10.9115 1e-06 0.149306 0.0349186 0.304563 0.340984 951 0 0 0 0 1e-06
11.6712 -5.72598 8.61952 1e-06 0.0488642 0.0105032 -0.420677 0.423636 953 0 0 0 0 1e-06
-6.94045 -6.67676 10.4164 1e-06 0.107185 -0.000811479 0.211001 0.236666 954 0 0 0 0 1e-06
-4.16474 -10.0032 10.1677 1e-06 0.0592923 -0.0387801 0.0867772 0.112026 957 0 0 0 0 1e-06
-10.4822 -10.8856 10.8367 1e-06 0.138522 0.0329726 0.249942 0.287657 959 0 0 0 0 1e-06
-5.56846 -11.9501 10.4439 1e-06 0.0779787 -0.0251293 0.11883 0.144335 960 0 0 0 0 1e-06
6.90687 -15.3604 8.83704 1e-06 0.0509088 0.0481517 -0.318146 0.325771 965 0 0 0 0 1e-06
-12.5528 -15.3282 11.2018 1e-06 0.121516 0.0352564 0.387593 0.407722 966 0 0 0 0 1e-06
4.11335 11.8349 10.0202 1e-06 0.167493 -0.0379 0.0825949 0.190557 967 0 0 0 0 1e-06
-4.00366 9.59535 11.1101 1e-06 0.184258 0.0448217 0.310163 0.36354 968 0 0 0 0 1e-06
14.3496 6.62962 9.01226 1e-06 0.0810842 -0.00118303 -0.286278 0.297542 969 0 0 0 0 1e-06
-9.0535 4.59736 11.2437 1e-06 0.136646 0.0142752 0.311729 0.340663 970 0 0 0 0 1e-06
10.7413 3.62625 9.06438 1e-06 0.0758776 -0.0321088 -0.259923 0.272669 971 0 0 0 0 1e-06
4.57809 -1.29209 9.74877 1e-06 0.0638093 -0.0695834 -0.0572825 0.11043 972 0 0 0 0 1e-06
9.90252 -1.7382 8.95726 1e-06 0.0648765 -0.0327788 -0.303486 0.31207 973 0 0 0 0 1e-06
-13.194 -1.83482 11.3137 1e-06 0.12048 -0.0313916 0.334272 0.356706 974 0 0 0 0 1e-06
12.001 -4.51119 9.06737 1e-06 0.0524569 0.00692471 -0.333664 0.337833 975 0 0 0 0 1e-06
-2.2488 -11.3958 10.1021 1e-06 0.0448661 -0.053544 0.0226006 0.0734215 976 0 0 0 0 1e-06
-8.29265 12.8924 11.2306 1e-06 0.157281 0.0011013 0.318162 0.354916 978 0 0 0 0 1e-06
-0.0222785 12.7616 10.9916 1e-06 0.203429 0.0340326 0.201254 0.288175 979 0 0 0 0 1e-06
7.11879 11.5662 9.52791 1e-06 0.137514 -0.0795298 -0.0616418 0.170396 980 0 0 0 0 1e-06
4.29745 10.5169 10.2094 1e-06 0.15349 -0.0611447 0.0370905 0.169333 981 0 0 0 0 1e-06
-7.11026 9.80402 11.2332 1e-06 0.156096 0.0123063 0.290655 0.330148 982 0 0 0 0 1e-06
14.3327 9.46183 9.27517 1e-06 0.101581 -0.00272276 -0.26697 0.285656 983 0 0 0 0 1e-06
2.65412 8.00934 10.3132 1e-06 0.1558 -0.0369521 0.0860069 0.181759 984 0 0 0 0 1e-06
14.2048 7.62353 9.22758 1e-06 0.0941706 -0.00215352 -0.278406 0.29391 985 0 0 0 0 1e-06
11.5834 6.68338 9.2089 1e-06 0.0950385 -0.0279365 -0.221699 0.242824 986 0 0 0 0 1e-06
-0.691076 3.10807 10.6009 1e-06 0.146186 -0.0225563 0.130171 0.197037 988 0 0 0 0 1e-06
10.9076 1.01313 9.23406 1e-06 0.0707121 -0.0228199 -0.288952 0.298352 989 0 0 0 0 1e-06
5.73651 -3.59655 9.48664 1e-06 0.0380241 -0.0698239 -0.190684 0.206595 991 0 0 0 0 1e-06
7.35952 -12.359 9.14255 1e-06 0.0485244 0.0406403 -0.294716 0.301436 995 0 0 0 0 1e-06
14.0077 -13.015 8.91235 1e-06 0.0382859 -0.0306867 -0.347523 0.350969 996 0 0 0 0 1e-06
1.95968 15.2274 10.9799 1e-06 0.224485 0.0211854 0.15448 0.273325 1000 0 0 0 0 1e-06
-5.58655 13.3229 11.5626 1e-06 0.193446 0.0100377 0.28734 0.346535 1001 0 0 0 0 1e-06
5.76901 9.66666 10.0572 1e-06 0.15665 -0.0663971 -0.0194522 0.171249 1003 0 0 0 0 1e-06
-12.3828 9.47936 11.789 1e-06 0.12547 -0.0124735 0.309339 0.334049 1004 0 0 0 0 1e-06
-11.4956 7.0973 11.934 1e-06 0.128442 -0.0147611 0.322141 0.347116 1005 0 0 0 0 1e-06
5.67711 5.08346 10.5202 1e-06 0.163824 -0.0717962 -0.0315786 0.181632 1007 0 0 0 0 1e-06
3.15924 2.97094 10.5606 1e-06 0.123855 -0.0977136 0.0210215 0.159154 1008 0 0 0 0 1e-06
9.90403 0.886596 9.60302 1e-06 0.0891983 -0.0450546 -0.239525 0.259535 1009 0 0 0 0 1e-06
-8.48267 1.05746 11.6523 1e-06 0.161992 0.0343212 0.283723 0.328509 1010 0 0 0 0 1e-06
-7.4044 -0.520989 11.2485 1e-06 0.159809 0.0519426 0.247164 0.298876 1011 0 0 0 0 1e-06
-6.42115 -1.84187 11.1956 1e-06 0.16425 0.0347397 0.240163 0.293024 1012 0 0 0 0 1e-06
-12.3626 -3.39354 11.6865 1e-06 0.144526 -0.025193 0.319232 0.351329 1013 0 0 0 0 1e-06
-5.54984 -3.48392 11.0204 1e-06 0.145828 0.000889005 0.21082 0.256343 1014 0 0 0 0 1e-06
-11.312 -5.06437 11.8017 1e-06 0.165712 0.00237843 0.318872 0.359368 1016 0 0 0 0 1e-06
8.3882 -8.0039 9.38603 1e-06 0.0455037 0.0129506 -0.301045 0.30474 1017 0 0 0 0 1e-06
-7.35798 -9.66609 11.0727 1e-06 0.119527 -0.00763908 0.180388 0.216529 1018 0 0 0 0 1e-06
-7.82727 -13.1902 11.1108 1e-06 0.103421 -0.0184595 0.181241 0.209488 1019 0 0 0 0 1e-06
-5.33347 12.9166 11.617 1e-06 0.194555 0.0105519 0.284997 0.345234 1020 0 0 0 0 1e-06
4.93364 9.0475 10.5639 1e-06 0.170628 -0.0436266 0.0138908 0.176664 1021 0 0 0 0 1e-06
0.789499 1.44636 11.0731 1e-06 0.12643 -0.0644632 0.0862774 0.166084 1023 0 0 0 0 1e-06
11.8141 1.48224 9.27523 1e-06 0.0745242 -0.00797169 -0.305472 0.314532 1024 0 0 0 0 1e-06
15.279 -15.5766 9.15086 1e-06 0.0557491 -0.0372908 -0.3606 0.366785 1025 0 0 0 0 1e-06
14.8207 14.9792 9.48889 1e-06 0.136547 -0.0161309 -0.253538 0.288421 1026 0 0 0 0 1e-06
4.08007 14.251 10.9416 1e-06 0.215239 -0.00369701 0.113875 0.243534 1027 0 0 0 0 1e-06
5.04042 14.0954 10.6328 1e-06 0.210243 -0.0178526 0.0503029 0.216913 1028 0 0 0 0 1e-06
3.38884 13.0903 10.878 1e-06 0.202868 0.00199271 0.0926 0.223011 1029 0 0 0 0 1e-06
-4.74053 6.62659 11.978 1e-06 0.199249 0.0450753 0.255355 0.327014 1030 0 0 0 0 1e-06
12.4415 4.41464 9.5623 1e-06 0.0939286 -0.00526083 -0.295097 0.30973 1031 0 0 0 0 1e-06
8.36146 4.18422 10.4974 1e-06 0.145397 -0.0661654 -0.141126 0.213154 1032 0 0 0 0 1e-06
-11.7833 0.492579 12.2395 1e-06 0.142459 -0.0279277 0.33546 0.365524 1034 0 0 0 0 1e-06
-11.9259 -0.214434 12.1022 1e-06 0.142453 -0.0285037 0.329833 0.360409 1035 0 0 0 0 1e-06
3.21006 -2.07546 10.5733 1e-06 0.0841556 -0.087062 -0.058761 0.134591 1036 0 0 0 0 1e-06
0.319945 -2.09707 11.0083 1e-06 0.093546 -0.0855155 0.0281345 0.129828 1037 0 0 0 0 1e-06
13.5629 -2.42541 9.73519 1e-06 0.0650846 -0.0211405 -0.313271 0.320658 1038 0 0 0 0 1e-06
7.2937 -2.62262 9.97263 1e-06 0.0760594 -0.0748857 -0.240654 0.263263 1039 0 0 0 0 1e-06
-0.895149 -3.53026 10.8409 1e-06 0.0875303 -0.0709852 0.0180941 0.11414 1040 0 0 0 0 1e-06
-14.8575 -4.12569 12.249 1e-06 0.129764 -0.0447493 0.316255 0.344759 1041 0 0 0 0 1e-06
10.2426 -8.87163 9.37731 1e-06 0.0531326 0.0266749 -0.317119 0.322644 1043 0 0 0 0 1e-06
12.4499 -14.6766 9.09953 1e-06 0.0375182 -0.0212141 -0.389679 0.392055 1045 0 0 0 0 1e-06
-12.9434 -14.5996 11.883 1e-06 0.143427 0.00515428 0.271864 0.307421 1046 0 0 0 0 1e-06
-13.638 15.3224 12.3437 1e-06 0.135084 0.0290319 0.319288 0.347901 1047 0 0 0 0 1e-06
7.08681 11.8578 11.0515 1e-06 0.201428 -0.0436043 0.00198427 0.206104 1048 0 0 0 0 1e-06
-10.7119 7.78623 12.2691 1e-06 0.142259 -0.0136265 0.301605 0.33375 1050 0 0 0 0 1e-06
2.74161 6.26601 10.933 1e-06 0.180102 -0.0423903 0.0567859 0.193541 1051 0 0 0 0 1e-06
2.22872 3.58825 11.0791 1e-06 0.146165 -0.0691714 0.0178596 0.162689 1052 0 0 0 0 1e-06
-13.9665 3.16255 12.1509 1e-06 0.115051 -0.0273727 0.304568 0.326723 1053 0 0 0 0 1e-06
-11.2141 2.94897 12.2764 1e-06 0.138968 -0.0218216 0.320462 0.349978 1054 0 0 0 0 1e-06
12.0405 2.34826 10.0628 1e-06 0.106542 -0.0110071 -0.279854 0.299651 1055 0 0 0 0 1e-06
12.5186 0.86482 10.131 1e-06 0.0973332 -0.00593809 -0.281463 0.297877 1056 0 0 0 0 1e-06
7.07845 0.478536 10.3352 1e-06 0.107676 -0.0911233 -0.183119 0.23115 1057 0 0 0 0 1e-06
8.64973 0.523562 10.3441 1e-06 0.104066 -0.0691494 -0.22526 0.257592 1058 0 0 0 0 1e-06
1.91292 -3.93577 10.5275 1e-06 0.0627377 -0.102271 -0.0580504 0.133286 1059 0 0 0 0 1e-06
-4.1341 -10.2029 11.7139 1e-06 0.113808 -0.0444483 0.174071 0.21267 1060 0 0 0 0 1e-06
-7.85192 -12.9051 11.9007 1e-06 0.126571 -0.0110986 0.23344 0.265778 1063 0 0 0 0 1e-06
-14.0175 -14.196 12.1502 1e-06 0.149687 -0.00381123 0.267906 0.306911 1064 0 0 0 0 1e-06
-13.656 14.5527 12.5396 1e-06 0.127333 0.0293329 0.295876 0.323445 1066 0 0 0 0 1e-06
6.38282 12.0306 11.0881 1e-06 0.202157 -0.03458 -0.0143659 0.205595 1067 0 0 0 0 1e-06
-4.25382 10.9646 12.4601 1e-06 0.218789 0.00943086 0.263218 0.342405 1068 0 0 0 0 1e-06
6.50604 9.44756 10.9122 1e-06 0.189707 -0.0378514 -0.0304987 0.195836 1070 0 0 0 0 1e-06
2.91874 7.53225 11.1811 1e-06 0.19977 -0.0307473 0.0908557 0.221604 1071 0 0 0 0 1e-06
-13.22 4.69912 12.5015 1e-06 0.110268 -0.0198004 0.389209 0.405012 1072 0 0 0 0 1e-06
-14.5659 -1.8848 12.4736 1e-06 0.130909 -0.0428986 0.301131 0.331145 1073 0 0 0 0 1e-06
10.566 -6.17874 10.009 1e-06 0.0938845 0.00402703 -0.343168 0.355801 1074 0 0 0 0 1e-06
-3.73058 -10.2146 11.5401 1e-06 0.120171 -0.0492993 0.0483835 0.138609 1076 0 0 0 0 1e-06
0.787988 -15.3548 10.9915 1e-06 0.109729 -0.0451255 -0.199829 0.232397 1077 0 0 0 0 1e-06
13.6223 14.7789 10.5601 1e-06 0.16286 -0.0183694 -0.247765 0.297066 1079 0 0 0 0 1e-06
11.4548 12.7448 10.5537 1e-06 0.158513 -0.0329007 -0.214089 0.268408 1080 0 0 0 0 1e-06
12.6656 9.68514 10.4179 1e-06 0.134405 -0.0250228 -0.240695 0.276812 1081 0 0 0 0 1e-06
9.04855 7.61303 10.7256 1e-06 0.15404 -0.0469346 -0.140361 0.213617 1084 0 0 0 0 1e-06
-0.872171 7.47965 12.1616 1e-06 0.230136 0.00902359 0.139089 0.269053 1085 0 0 0 0 1e-06
1.79662 6.34507 11.8662 1e-06 0.220134 -0.0231247 0.119131 0.251368 1086 0 0 0 0 1e-06
4.07366 4.74814 11.5064 1e-06 0.193118 -0.0616708 0.00745763 0.202863 1087 0 0 0 0 1e-06
10.045 3.00406 10.8812 1e-06 0.14024 -0.0444719 -0.211537 0.257668 1088 0 0 0 0 1e-06
9.35902 2.55094 10.867 1e-06 0.137037 -0.057788 -0.248613 0.289702 1089 0 0 0 0 1e-06
-15.1277 2.36399 12.6228 1e-06 0.121441 -0.0286613 0.300533 0.325407 1090 0 0 0 0 1e-06
-2.60195 -1.00815 12.4559 1e-06 0.192877 -0.0175768 0.170841 0.258257 1091 0 0 0 0 1e-06
-2.18129 -6.90116 11.486 1e-06 0.111149 -0.0491848 0.050495 0.131617 1092 0 0 0 0 1e-06
14.7611 -8.30751 10.4135 1e-06 0.0712113 -0.0455006 -0.364111 0.373789 1093 0 0 0 0 1e-06
7.46117 -8.17842 10.566 1e-06 0.0944581 -0.00761041 -0.283393 0.298818 1094 0 0 0 0 1e-06
0.102306 -8.98834 11.6087 1e-06 0.0836913 -0.0830523 -0.0249942 0.120526 1095 0 0 0 0 1e-06
-4.13592 -8.99253 11.9992 1e-06 0.150435 -0.0408134 0.0782268 0.174401 1096 0 0 0 0 1e-06
-8.44312 -9.11143 12.3185 1e-06 0.194472 0.015697 0.221818 0.295413 1097 0 0 0 0 1e-06
11.0575 -10.2011 10.4373 1e-06 0.0888804 -0.000707583 -0.326789 0.338661 1098 0 0 0 0 1e-06
-11.4769 -10.6648 12.7377 1e-06 0.192457 0.00309308 0.257485 0.321478 1099 0 0 0 0 1e-06
-5.17487 -10.998 11.8646 1e-06 0.146279 -0.0329348 0.116528 0.189897 1100 0 0 0 0 1e-06
-5.17721 -13.6906 11.7075 1e-06 0.123094 -0.0412261 0.0632207 0.14439 1103 0 0 0 0 1e-06
-3.68279 -14.1256 11.8984 1e-06 0.128883 -0.059032 0.0487812 0.149917 1104 0 0 0 0 1e-06
7.04258 15.3644 11.9034 1e-06 0.243202 -0.0342999 -0.0275467 0.247149 1105 0 0 0 0 1e-06
-13.4223 15.1526 12.8842 1e-06 0.140523 0.0271517 0.254582 0.292055 1106 0 0 0 0 1e-06
7.46605 14.8064 11.7016 1e-06 0.22976 -0.0423983 -0.043043 0.237571 1107 0 0 0 0 1e-06
2.05565 13.5901 12.4469 1e-06 0.247189 0.0151503 0.112842 0.272149 1108 0 0 0 0 1e-06
14.0972 11.6112 10.8268 1e-06 0.151263 -0.0159677 -0.271545 0.311242 1109 0 0 0 0 1e-06
-12.9419 11.3477 13.026 1e-06 0.147246 0.00101348 0.303047 0.336928 1110 0 0 0 0 1e-06
-12.1018 10.5525 13.181 1e-06 0.149167 -0.0186151 0.310381 0.344868 1111 0 0 0 0 1e-06
7.83319 9.4251 11.3622 1e-06 0.185543 -0.0502376 -0.103069 0.218113 1112 0 0 0 0 1e-06
-12.8739 9.3826 13.2447 1e-06 0.14571 -0.0115068 0.306371 0.339451 1113 0 0 0 0 1e-06
6.40727 9.20541 11.4182 1e-06 0.209443 -0.02962 -0.0113263 0.21183 1114 0 0 0 0 1e-06
2.74615 8.39394 11.8691 1e-06 0.229429 -0.024912 0.072001 0.241749 1115 0 0 0 0 1e-06
15.0444 7.87951 10.7022 1e-06 0.138242 -0.0368733 -0.311634 0.342908 1117 0 0 0 0 1e-06
5.68463 7.53647 11.4093 1e-06 0.201284 -0.0393178 -0.0263812 0.206778 1118 0 0 0 0 1e-06
14.9286 7.19396 10.5162 1e-06 0.121419 -0.0308958 -0.312851 0.337006 1119 0 0 0 0 1e-06
4.3588 5.59134 11.6091 1e-06 0.201123 -0.0582983 0.0157615 0.209994 1120 0 0 0 0 1e-06
13.9221 4.36291 10.8068 1e-06 0.118893 -0.0226562 -0.320169 0.342282 1121 0 0 0 0 1e-06
2.89955 3.98634 11.7816 1e-06 0.192152 -0.0557572 -0.00914115 0.200287 1122 0 0 0 0 1e-06
-13.1603 3.65045 13.0321 1e-06 0.134261 -0.0311834 0.276318 0.308789 1123 0 0 0 0 1e-06
1.89798 3.20265 12.0502 1e-06 0.205293 -0.0511222 0.0517717 0.217805 1125 0 0 0 0 1e-06
-12.8646 3.1468 13.1664 1e-06 0.141937 -0.0341251 0.296393 0.330393 1126 0 0 0 0 1e-06
9.57731 1.88116 10.8996 1e-06 0.148658 -0.057875 -0.25696 0.302452 1127 0 0 0 0 1e-06
1.15628 1.39484 12.0964 1e-06 0.164888 -0.0551297 0.0406654 0.178553 1128 0 0 0 0 1e-06
-2.45767 -0.559037 12.832 1e-06 0.211372 -0.0158311 0.165299 0.268798 1129 0 0 0 0 1e-06
-5.87291 -1.04626 12.8524 1e-06 0.215852 0.0281431 0.235214 0.320483 1131 0 0 0 0 1e-06
-9.42191 -2.55211 12.9299 1e-06 0.182669 0.0111617 0.277584 0.332484 1132 0 0 0 0 1e-06
14.2024 -3.68935 10.7238 1e-06 0.0842637 -0.037925 -0.324606 0.337502 1133 0 0 0 0 1e-06
-0.544572 -7.15236 12.0419 1e-06 0.116219 -0.0722442 0.00645216 0.136995 1136 0 0 0 0 1e-06
13.7709 -7.57691 10.6861 1e-06 0.082719 -0.0421585 -0.358005 0.369848 1137 0 0 0 0 1e-06
4.82808 -7.60692 11.5612 1e-06 0.11071 -0.035142 -0.170503 0.206307 1138 0 0 0 0 1e-06
-5.70873 -8.88638 12.7711 1e-06 0.194538 -0.0246152 0.151553 0.24783 1139 0 0 0 0 1e-06
4.98749 -8.93796 11.6063 1e-06 0.114609 -0.0241658 -0.189744 0.222985 1140 0 0 0 0 1e-06
5.6804 -10.5095 11.305 1e-06 0.123378 -0.0194843 -0.199162 0.23509 1141 0 0 0 0 1e-06
-14.2624 -11.4046 13.0399 1e-06 0.160869 -0.0360487 0.276135 0.321604 1142 0 0 0 0 1e-06
13.4721 -12.2263 10.1718 1e-06 0.0705195 -0.0402735 -0.352752 0.361979 1144 0 0 0 0 1e-06
-9.58817 -13.2252 12.692 1e-06 0.19878 0.00829104 0.209799 0.289133 1145 0 0 0 0 1e-06
-11.3135 -13.8393 13.2734 1e-06 0.209976 -0.00836229 0.279819 0.349941 1146 0 0 0 0 1e-06
-14.7653 -14.6492 13.0436 1e-06 0.16559 -0.0306236 0.291442 0.336595 1147 0 0 0 0 1e-06
-13.7143 -14.8997 13.5038 1e-06 0.190202 -0.0178345 0.305482 0.360297 1148 0 0 0 0 1e-06
9.84459 14.8145 11.394 1e-06 0.204606 -0.0362196 -0.132331 0.246347 1149 0 0 0 0 1e-06
-9.79605 13.1358 13.7314 1e-06 0.170967 -0.0371568 0.355263 0.396008 1151 0 0 0 0 1e-06
9.1775 12.7262 11.8356 1e-06 0.20111 -0.0401692 -0.0732413 0.217769 1153 0 0 0 0 1e-06
3.11721 12.8032 12.0696 1e-06 0.235002 0.00886358 0.0393225 0.238434 1154 0 0 0 0 1e-06
-1.83268 12.1912 13.4561 1e-06 0.252943 0.00780349 0.208335 0.327788 1155 0 0 0 0 1e-06
-4.33415 9.31214 13.3839 1e-06 0.236999 -0.000767536 0.296663 0.379708 1157 0 0 0 0 1e-06
2.88089 8.9053 12.5823 1e-06 0.247311 -0.019326 0.0587606 0.254929 1158 0 0 0 0 1e-06
-8.47854 8.93284 13.3369 1e-06 0.187697 -0.0167318 0.295054 0.350095 1159 0 0 0 0 1e-06
-4.60134 8.4804 12.881 1e-06 0.222931 0.0189959 0.227043 0.31876 1160 0 0 0 0 1e-06
7.83035 7.7142 11.3996 1e-06 0.185547 -0.0545227 -0.123675 0.229556 1161 0 0 0 0 1e-06
0.826669 7.45428 12.638 1e-06 0.250441 -0.00588948 0.0970812 0.268664 1162 0 0 0 0 1e-06
13.0727 6.9939 11.3862 1e-06 0.158775 -0.0147707 -0.241255 0.289191 1163 0 0 0 0 1e-06
3.11378 6.8822 12.2282 1e-06 0.237438 -0.0443037 0.0628187 0.249571 1164 0 0 0 0 1e-06
11.6864 6.57702 11.3859 1e-06 0.161837 -0.0238574 -0.227665 0.280342 1165 0 0 0 0 1e-06
13.0899 5.62737 11.0114 1e-06 0.136037 -0.00858238 -0.307288 0.336163 1167 0 0 0 0 1e-06
13.5647 3.90362 11.0672 1e-06 0.128846 -0.0228618 -0.291515 0.319539 1168 0 0 0 0 1e-06
0.864926 3.7899 12.7063 1e-06 0.236057 -0.0255281 0.0650416 0.246181 1170 0 0 0 0 1e-06
-0.495908 3.01972 12.8967 1e-06 0.226469 -0.0143282 0.115644 0.25469 1172 0 0 0 0 1e-06
-7.70389 1.8954 13.5039 1e-06 0.207073 0.0124745 0.290248 0.356762 1173 0 0 0 0 1e-06
4.22536 1.32166 12.1167 1e-06 0.183235 -0.0721448 -0.0658964 0.207659 1174 0 0 0 0 1e-06
-1.06094 1.38699 12.678 1e-06 0.19877 -0.0216879 0.08174 0.216013 1175 0 0 0 0 1e-06
-13.7863 0.655785 13.2733 1e-06 0.143279 -0.0421327 0.287837 0.324275 1176 0 0 0 0 1e-06
6.35324 0.189475 11.938 1e-06 0.16612 -0.0875885 -0.148078 0.239154 1177 0 0 0 0 1e-06
-10.3709 -0.136045 13.7286 1e-06 0.187558 -0.0295986 0.304047 0.358467 1178 0 0 0 0 1e-06
-9.77723 -1.48092 13.0835 1e-06 0.187087 -0.00517735 0.276939 0.334251 1179 0 0 0 0 1e-06
-5.40218 -1.42666 13.4991 1e-06 0.236888 0.020981 0.232105 0.332309 1180 0 0 0 0 1e-06
-11.6117 -3.05377 13.3453 1e-06 0.166793 -0.0364131 0.246723 0.30003 1181 0 0 0 0 1e-06
0.786556 -4.87141 12.291 1e-06 0.138059 -0.0779102 -0.0103781 0.158865 1182 0 0 0 0 1e-06
0.0446017 -5.13811 12.3683 1e-06 0.148623 -0.0612274 0.00665148 0.160879 1183 0 0 0 0 1e-06
-13.0331 -5.31041 13.8642 1e-06 0.180018 -0.0565301 0.310455 0.363297 1184 0 0 0 0 1e-06
-11.1522 -5.45449 13.51 1e-06 0.206379 -0.0324046 0.307767 0.371971 1185 0 0 0 0 1e-06
14.439 -8.85017 11.3503 1e-06 0.0943368 -0.0530138 -0.328342 0.345714 1189 0 0 0 0 1e-06
9.99826 -8.93052 10.8262 1e-06 0.0992626 0.0122724 -0.390783 0.40338 1190 0 0 0 0 1e-06
-0.407853 -9.59272 12.1656 1e-06 0.125587 -0.0779709 -0.0204505 0.14923 1191 0 0 0 0 1e-06
-5.91104 -9.82841 12.7711 1e-06 0.192215 -0.027571 0.110214 0.22328 1192 0 0 0 0 1e-06
9.7648 -9.82664 11.3168 1e-06 0.125865 0.00580927 -0.318892 0.342881 1193 0 0 0 0 1e-06
2.14905 -11.0651 12.2413 1e-06 0.133301 -0.041995 -0.116237 0.181779 1194 0 0 0 0 1e-06
-4.09874 -12.9644 12.7936 1e-06 0.165263 -0.051853 0.123834 0.212921 1195 0 0 0 0 1e-06
12.1417 -14.1622 10.7461 1e-06 0.0879364 -0.0396009 -0.343885 0.357153 1196 0 0 0 0 1e-06
9.56819 -14.2131 10.743 1e-06 0.102088 0.00337283 -0.337246 0.352375 1197 0 0 0 0 1e-06
-14.3298 -14.9886 13.6827 1e-06 0.185796 -0.0326098 0.314467 0.366706 1198 0 0 0 0 1e-06
10.7741 -15.4615 11.3246 1e-06 0.115636 -0.0329794 -0.341115 0.361689 1200 0 0 0 0 1e-06
9.31993 15.1185 12.1014 1e-06 0.229662 -0.0319984 -0.0995791 0.252358 1201 0 0 0 0 1e-06
-8.66063 14.4254 13.8047 1e-06 0.179174 -0.0400327 0.268113 0.324947 1202 0 0 0 0 1e-06
-3.12955 13.8382 13.6712 1e-06 0.255929 -0.0079442 0.305847 0.39888 1203 0 0 0 0 1e-06
6.09615 12.5762 12.3931 1e-06 0.239465 -0.0221803 -0.0080545 0.240625 1204 0 0 0 0 1e-06
12.9201 11.4593 11.3476 1e-06 0.178835 -0.0266027 -0.256464 0.313789 1205 0 0 0 0 1e-06
7.92352 11.3787 12.1162 1e-06 0.217585 -0.0408795 -0.0657254 0.230942 1206 0 0 0 0 1e-06
5.79942 11.3988 12.8048 1e-06 0.246592 -0.0231964 0.0156971 0.248177 1207 0 0 0 0 1e-06
9.31194 10.7349 12.1185 1e-06 0.204692 -0.036724 -0.112581 0.236478 1208 0 0 0 0 1e-06
-12.1785 10.8618 13.9955 1e-06 0.161116 -0.00927993 0.323772 0.361764 1209 0 0 0 0 1e-06
-11.2334 10.3922 13.8345 1e-06 0.164078 -0.0285598 0.317415 0.358454 1210 0 0 0 0 1e-06
1.06898 9.44505 13.4549 1e-06 0.270101 0.00157735 0.107549 0.29073 1211 0 0 0 0 1e-06
11.4874 9.12071 11.7495 1e-06 0.180343 -0.0290103 -0.208026 0.27684 1212 0 0 0 0 1e-06
12.1651 8.34949 12.0324 1e-06 0.185682 -0.0226565 -0.209789 0.281074 1213 0 0 0 0 1e-06
-13.3141 7.8753 14.1031 1e-06 0.159334 -0.0118473 0.288183 0.32951 1214 0 0 0 0 1e-06
-12.047 7.72821 14.062 1e-06 0.165274 -0.0293172 0.331446 0.371525 1215 0 0 0 0 1e-06
-3.27631 5.34431 13.7793 1e-06 0.257142 0.0174969 0.228632 0.34453 1216 0 0 0 0 1e-06
-2.71779 4.71156 13.1781 1e-06 0.24034 0.0276866 0.18094 0.302108 1217 0 0 0 0 1e-06
7.5906 2.43174 12.2234 1e-06 0.195322 -0.0795739 -0.147931 0.257617 1219 0 0 0 0 1e-06
6.24791 2.36974 12.2496 1e-06 0.195397 -0.0855938 -0.108768 0.239451 1220 0 0 0 0 1e-06
11.4515 -0.0243633 11.4875 1e-06 0.137048 -0.0189841 -0.305504 0.335373 1221 0 0 0 0 1e-06
-9.51391 -0.23708 13.8113 1e-06 0.199476 -0.0194564 0.30313 0.363396 1222 0 0 0 0 1e-06
7.69045 -3.37313 11.9508 1e-06 0.146685 -0.0479419 -0.238648 0.284197 1223 0 0 0 0 1e-06
5.23305 -3.44198 12.1782 1e-06 0.160511 -0.0585646 -0.201374 0.264093 1224 0 0 0 0 1e-06
-1.36147 -3.87188 13.0912 1e-06 0.193706 -0.0541841 0.0405685 0.205192 1225 0 0 0 0 1e-06
12.3552 -4.1358 11.5887 1e-06 0.118913 -0.030445 -0.322936 0.345477 1226 0 0 0 0 1e-06
3.9941 -4.97717 12.3148 1e-06 0.155702 -0.053816 -0.172893 0.238812 1227 0 0 0 0 1e-06
2.28668 -6.91591 12.5801 1e-06 0.15035 -0.061619 -0.0715863 0.177557 1228 0 0 0 0 1e-06
-11.7379 -10.0239 13.9723 1e-06 0.224361 -0.028567 0.275114 0.356148 1230 0 0 0 0 1e-06
-13.0815 -10.2434 13.944 1e-06 0.198696 -0.0445473 0.264652 0.333924 1231 0 0 0 0 1e-06
3.65312 -13.0313 12.3742 1e-06 0.156023 -0.0226663 -0.204546 0.258256 1232 0 0 0 0 1e-06
-9.18413 14.8019 14.5459 1e-06 0.18263 -0.0320681 0.324585 0.373815 1234 0 0 0 0 1e-06
9.79354 13.685 12.5455 1e-06 0.232349 -0.0328392 -0.114916 0.261285 1235 0 0 0 0 1e-06
-10.5546 13.7529 14.2652 1e-06 0.174038 -0.0176867 0.28896 0.337787 1236 0 0 0 0 1e-06
1.79593 12.503 13.8049 1e-06 0.275357 0.00690478 0.152011 0.314605 1237 0 0 0 0 1e-06
11.0939 11.227 12.1875 1e-06 0.20119 -0.0327721 -0.180518 0.272283 1238 0 0 0 0 1e-06
-4.01057 10.8547 14.352 1e-06 0.248839 -0.0127192 0.21643 0.330037 1239 0 0 0 0 1e-06
-10.8806 7.35149 14.1635 1e-06 0.171234 -0.02915 0.300412 0.347013 1240 0 0 0 0 1e-06
-7.14209 6.87413 14.1533 1e-06 0.209153 -0.0182108 0.289873 0.357915 1241 0 0 0 0 1e-06
0.0736362 5.41952 13.898 1e-06 0.276934 -0.000259892 0.130494 0.306139 1242 0 0 0 0 1e-06
-11.4202 5.32768 14.5194 1e-06 0.174627 -0.0360192 0.328362 0.373649 1243 0 0 0 0 1e-06
9.32082 1.91943 12.522 1e-06 0.195963 -0.0523081 -0.18348 0.2735 1245 0 0 0 0 1e-06
1.17794 1.47079 13.7008 1e-06 0.255382 -0.0281758 0.082841 0.269957 1246 0 0 0 0 1e-06
11.7574 1.16646 12.0509 1e-06 0.15561 -0.0226118 -0.288646 0.328698 1247 0 0 0 0 1e-06
13.756 0.172484 11.9506 1e-06 0.128667 -0.0442338 -0.341356 0.367472 1249 0 0 0 0 1e-06
9.65531 -1.83562 12.2841 1e-06 0.177904 -0.0363008 -0.293513 0.345134 1250 0 0 0 0 1e-06
-7.86098 -1.92476 14.2562 1e-06 0.238306 -0.00493721 0.279073 0.367009 1251 0 0 0 0 1e-06
-12.0167 -2.35192 14.4532 1e-06 0.186492 -0.0535275 0.291504 0.35017 1252 0 0 0 0 1e-06
-10.0291 -2.27713 14.3222 1e-06 0.20186 -0.0302939 0.29919 0.362187 1253 0 0 0 0 1e-06
4.05474 -4.10247 12.6944 1e-06 0.167318 -0.0559297 -0.141279 0.226016 1255 0 0 0 0 1e-06
-11.1808 -4.32516 14.0812 1e-06 0.2059 -0.043323 0.293996 0.361532 1256 0 0 0 0 1e-06
-10.7243 -4.71743 14.4384 1e-06 0.21734 -0.0426468 0.292309 0.366742 1257 0 0 0 0 1e-06
9.06802 -5.80363 11.8496 1e-06 0.13763 -0.00682018 -0.329045 0.356734 1258 0 0 0 0 1e-06
13.5382 -7.23705 11.9372 1e-06 0.115495 -0.0539905 -0.325604 0.349674 1259 0 0 0 0 1e-06
-6.7044 -7.45363 14.0618 1e-06 0.252456 0.000115981 0.203186 0.324066 1260 0 0 0 0 1e-06
-14.6143 -8.6144 14.5451 1e-06 0.178483 -0.0613619 0.316198 0.368243 1261 0 0 0 0 1e-06
-0.0466547 -8.68146 12.962 1e-06 0.171827 -0.0583213 -0.0730125 0.195593 1262 0 0 0 0 1e-06
-9.35306 -8.55101 13.9981 1e-06 0.243037 0.000180344 0.243985 0.344377 1263 0 0 0 0 1e-06
13.5764 -9.75662 11.8516 1e-06 0.113955 -0.0576831 -0.303432 0.329217 1264 0 0 0 0 1e-06
13.5462 -11.6391 11.896 1e-06 0.106632 -0.0564996 -0.33494 0.356016 1265 0 0 0 0 1e-06
5.07264 -13.1446 12.7453 1e-06 0.177503 -0.0322935 -0.242197 0.302009 1267 0 0 0 0 1e-06
-2.2672 -13.9299 13.2437 1e-06 0.184716 -0.072381 -0.0019616 0.1984 1268 0 0 0 0 1e-06
-5.10706 -13.956 13.3868 1e-06 0.19214 -0.0468065 0.0951891 0.219476 1269 0 0 0 0 1e-06
5.40242 -14.6471 12.3375 1e-06 0.16505 -0.0102577 -0.255002 0.303929 1270 0 0 0 0 1e-06
-8.09326 -14.8566 13.8699 1e-06 0.243277 -0.0102543 0.242545 0.343681 1271 0 0 0 0 1e-06
-8.38851 8.39015 14.4819 1e-06 0.205597 -0.0286921 0.287999 0.355017 1273 0 0 0 0 1e-06
-14.6905 -7.91242 14.7504 1e-06 0.178456 -0.0620644 0.300595 0.355043 1274 0 0 0 0 1e-06
9.49901 14.2192 13.0632 1e-06 0.25323 -0.0325455 -0.0947613 0.272331 1276 0 0 0 0 1e-06
-1.73755 14.1914 14.2602 1e-06 0.268728 -0.00442769 0.201275 0.335777 1277 0 0 0 0 1e-06
-1.88825 11.195 14.4117 1e-06 0.271068 -0.0109836 0.212559 0.344644 1278 0 0 0 0 1e-06
4.18379 11.0553 13.7777 1e-06 0.271833 -0.0115722 0.0922563 0.287295 1279 0 0 0 0 1e-06
2.73844 5.88286 13.4314 1e-06 0.264767 -0.0443233 0.0336169 0.270548 1281 0 0 0 0 1e-06
-14.9269 5.59632 14.5196 1e-06 0.162809 -0.00209542 0.295101 0.33704 1282 0 0 0 0 1e-06
-2.50437 4.05751 14.3699 1e-06 0.270274 0.0175176 0.155984 0.312547 1283 0 0 0 0 1e-06
3.71766 -0.64832 13.4745 1e-06 0.229236 -0.0690518 -0.02898 0.241158 1284 0 0 0 0 1e-06
-5.17738 -0.654382 14.4 1e-06 0.25783 0.0105905 0.213595 0.33498 1285 0 0 0 0 1e-06
8.92508 -4.05703 12.6917 1e-06 0.173456 -0.0212116 -0.25142 0.306185 1286 0 0 0 0 1e-06
8.93381 -4.67945 12.6601 1e-06 0.178868 -0.0184932 -0.270734 0.325011 1288 0 0 0 0 1e-06
13.8555 -6.27279 12.3983 1e-06 0.124522 -0.0594033 -0.33859 0.365619 1289 0 0 0 0 1e-06
-14.5581 -7.12397 14.7693 1e-06 0.165201 -0.0622672 0.199569 0.266451 1290 0 0 0 0 1e-06
-8.32822 -12.8828 14.4764 1e-06 0.261047 -0.0135494 0.24028 0.355055 1291 0 0 0 0 1e-06
-13.9878 15.2547 15.1425 1e-06 0.170994 0.0302343 0.248711 0.303332 1292 0 0 0 0 1e-06
-5.05114 2.06142 14.7593 1e-06 0.250915 0.0127607 0.183928 0.311369 1293 0 0 0 0 1e-06
5.68633 -0.504952 13.5288 1e-06 0.219673 -0.0683619 -0.147418 0.273243 1295 0 0 0 0 1e-06
10.3157 13.9264 13.4209 1e-06 0.253265 -0.0332225 -0.177961 0.311315 1296 0 0 0 0 1e-06
-3.95911 8.81254 14.8148 1e-06 0.256918 -0.0166903 0.215399 0.335682 1297 0 0 0 0 1e-06
-9.0813 8.57188 15.2228 1e-06 0.2033 -0.034369 0.269586 0.339395 1298 0 0 0 0 1e-06
13.0106 6.44398 13.329 1e-06 0.214109 -0.0420116 -0.181616 0.283887 1299 0 0 0 0 1e-06
14.4587 0.685576 12.4735 1e-06 0.145303 -0.0574549 -0.327253 0.362641 1301 0 0 0 0 1e-06
5.92325 -1.96518 13.4876 1e-06 0.214879 -0.0624151 -0.150093 0.269438 1302 0 0 0 0 1e-06
3.22065 -3.79393 13.7434 1e-06 0.218922 -0.0547727 -0.0965956 0.245474 1303 0 0 0 0 1e-06
6.9152 -5.73109 13.6208 1e-06 0.216744 -0.0233691 -0.220767 0.310261 1304 0 0 0 0 1e-06
6.19034 -8.57646 13.1079 1e-06 0.183343 -0.0231237 -0.274686 0.331062 1306 0 0 0 0 1e-06
13.9201 -12.4287 12.4728 1e-06 0.125698 -0.0643608 -0.372162 0.398054 1307 0 0 0 0 1e-06
1.26524 -14.6125 13.6144 1e-06 0.220093 -0.0475345 -0.139775 0.265023 1309 0 0 0 0 1e-06
-8.28317 7.88803 15.1144 1e-06 0.213132 -0.0338361 0.226844 0.313095 1313 0 0 0 0 1e-06
7.87764 7.42742 13.8316 1e-06 0.263681 -0.0407457 -0.11512 0.290586 1314 0 0 0 0 1e-06
-7.99236 5.02593 15.4398 1e-06 0.210269 -0.0323268 0.316147 0.38106 1315 0 0 0 0 1e-06
5.11109 2.47508 13.9081 1e-06 0.262605 -0.0692073 -0.0674566 0.279824 1316 0 0 0 0 1e-06
-5.32888 -0.561859 15.0739 1e-06 0.263942 -0.00237534 0.206207 0.334951 1317 0 0 0 0 1e-06
9.18182 -3.93355 13.0784 1e-06 0.182527 -0.0235216 -0.290015 0.34348 1318 0 0 0 0 1e-06
-11.4566 -8.44966 15.4994 1e-06 0.24133 -0.0611831 0.267212 0.36522 1319 0 0 0 0 1e-06
-12.8645 -9.21114 15.5858 1e-06 0.219218 -0.0705417 0.273511 0.357549 1320 0 0 0 0 1e-06
8.62619 -9.72115 13.2769 1e-06 0.193343 -0.011329 -0.344232 0.394975 1321 0 0 0 0 1e-06
-4.01547 -12.1066 14.8033 1e-06 0.264591 -0.0302031 0.0851005 0.279576 1322 0 0 0 0 1e-06
15.2268 -13.8674 13.0227 1e-06 0.123022 -0.0541545 -0.234778 0.270533 1323 0 0 0 0 1e-06
-0.0196722 -14.1813 14.0867 1e-06 0.224731 -0.0699633 -0.122792 0.265475 1324 0 0 0 0 1e-06
-6.15701 15.2658 15.2673 1e-06 0.229005 -0.0513928 0.229873 0.328521 1325 0 0 0 0 1e-06
-5.3787 14.5305 15.0975 1e-06 0.246117 -0.0390936 0.244608 0.349192 1326 0 0 0 0 1e-06
5.86985 13.7495 14.1396 1e-06 0.27888 -0.0114602 -0.0285343 0.28057 1327 0 0 0 0 1e-06
0.293278 9.17445 14.9296 1e-06 0.296272 -0.00140499 0.118792 0.319204 1328 0 0 0 0 1e-06
6.28604 8.23916 14.1953 1e-06 0.277782 -0.0358269 -0.0529252 0.28504 1329 0 0 0 0 1e-06
-9.40948 7.66816 15.6416 1e-06 0.203058 -0.037112 0.256002 0.328857 1330 0 0 0 0 1e-06
-2.49732 4.19054 15.3176 1e-06 0.290726 -0.0037981 0.196165 0.350737 1332 0 0 0 0 1e-06
-13.9321 3.90538 15.7442 1e-06 0.18456 -0.020936 0.280743 0.336627 1333 0 0 0 0 1e-06
-4.6612 3.82461 15.0202 1e-06 0.262306 0.0043106 0.188521 0.323053 1334 0 0 0 0 1e-06
11.3736 3.50192 13.4965 1e-06 0.207795 -0.032364 -0.24488 0.322788 1335 0 0 0 0 1e-06
6.28439 3.35085 14.2058 1e-06 0.265636 -0.0647906 -0.117607 0.297643 1336 0 0 0 0 1e-06
5.11836 0.340304 13.901 1e-06 0.242578 -0.0692215 -0.144183 0.290559 1338 0 0 0 0 1e-06
-14.5367 -1.05489 15.6286 1e-06 0.177959 -0.0472802 0.271036 0.327667 1339 0 0 0 0 1e-06
6.68624 -2.37402 13.7813 1e-06 0.227034 -0.0498696 -0.21702 0.318008 1340 0 0 0 0 1e-06
-6.55874 -2.49924 15.2658 1e-06 0.268955 -0.0116382 0.220246 0.347822 1341 0 0 0 0 1e-06
11.6563 -5.89762 13.3724 1e-06 0.172756 -0.0601794 -0.300974 0.352209 1343 0 0 0 0 1e-06
-3.17482 -8.2595 14.7854 1e-06 0.270893 -0.0241728 0.0795006 0.283351 1344 0 0 0 0 1e-06
-14.686 -9.12821 15.9183 1e-06 0.19792 -0.0653178 0.295612 0.361698 1345 0 0 0 0 1e-06
-14.5035 -11.0463 15.7292 1e-06 0.191973 -0.0669616 0.23052 0.307371 1347 0 0 0 0 1e-06
-1.62476 -15.1468 14.5985 1e-06 0.235823 -0.0573333 -0.0961068 0.261029 1349 0 0 0 0 1e-06
-7.54135 14.0218 15.2811 1e-06 0.199968 -0.0460983 0.1558 0.257655 1350 0 0 0 0 1e-06
-4.89699 11.3534 15.8069 1e-06 0.268217 -0.0424006 0.231808 0.357034 1351 0 0 0 0 1e-06
3.92805 9.35503 14.927 1e-06 0.301098 -0.0215789 0.0296945 0.303327 1352 0 0 0 0 1e-06
-7.30315 7.82581 15.8245 1e-06 0.235052 -0.0398996 0.220561 0.32479 1353 0 0 0 0 1e-06
-6.46883 7.81815 15.6708 1e-06 0.246456 -0.0403985 0.254119 0.3563 1354 0 0 0 0 1e-06
-0.453573 7.86126 15.3131 1e-06 0.29986 -0.00506287 0.108459 0.318912 1355 0 0 0 0 1e-06
-14.6602 5.27149 15.6205 1e-06 0.17848 -0.00485414 0.274689 0.327617 1357 0 0 0 0 1e-06
5.40045 2.61519 14.4076 1e-06 0.271923 -0.0656464 -0.113856 0.302018 1359 0 0 0 0 1e-06
-9.24915 2.14477 15.7411 1e-06 0.222634 -0.0490097 0.268309 0.352076 1360 0 0 0 0 1e-06
14.4459 1.83438 13.4656 1e-06 0.171588 -0.066459 -0.355732 0.400505 1361 0 0 0 0 1e-06
13.3636 1.29887 13.5806 1e-06 0.172703 -0.0596 -0.298409 0.349895 1362 0 0 0 0 1e-06
0.424945 0.556307 15.0259 1e-06 0.277983 -0.0205846 -0.00759299 0.278847 1363 0 0 0 0 1e-06
3.64939 -1.07257 14.1357 1e-06 0.238831 -0.0689225 -0.120965 0.276448 1365 0 0 0 0 1e-06
-14.0304 -1.02707 15.7239 1e-06 0.182866 -0.0543813 0.276959 0.336309 1366 0 0 0 0 1e-06
8.33732 -1.78722 14.0203 1e-06 0.226631 -0.0387007 -0.238 0.330913 1367 0 0 0 0 1e-06
-14.5312 -2.14472 15.9076 1e-06 0.185034 -0.0508514 0.264272 0.326593 1368 0 0 0 0 1e-06
-6.13443 -2.06078 15.3899 1e-06 0.265745 -0.0082362 0.218389 0.344067 1369 0 0 0 0 1e-06
12.3764 -3.06159 13.4436 1e-06 0.172399 -0.0594205 -0.305566 0.355841 1371 0 0 0 0 1e-06
2.45934 -4.13203 14.581 1e-06 0.241813 -0.0437027 -0.07242 0.25618 1372 0 0 0 0 1e-06
6.26232 -4.98865 13.8465 1e-06 0.217628 -0.0414908 -0.241638 0.32783 1374 0 0 0 0 1e-06
14.151 -5.46665 13.5574 1e-06 0.146514 -0.071371 -0.325203 0.363754 1375 0 0 0 0 1e-06
8.27532 -6.90983 14.2727 1e-06 0.226149 -0.0225904 -0.250665 0.338359 1376 0 0 0 0 1e-06
-1.79049 -7.78738 14.6058 1e-06 0.249737 -0.0380225 -0.0255022 0.253899 1377 0 0 0 0 1e-06
7.38974 -9.12782 13.7195 1e-06 0.20934 -0.00726073 -0.307217 0.371831 1378 0 0 0 0 1e-06
-2.7727 -9.23055 14.8004 1e-06 0.264563 -0.0315932 0.0343794 0.268651 1379 0 0 0 0 1e-06
3.65974 -9.29487 14.1193 1e-06 0.22327 -0.0264428 -0.17732 0.286341 1380 0 0 0 0 1e-06
8.92011 -11.5098 13.4506 1e-06 0.18916 -0.0245751 -0.34239 0.39194 1382 0 0 0 0 1e-06
-3.93549 -11.6693 14.9284 1e-06 0.263358 -0.0311627 0.0476119 0.269435 1383 0 0 0 0 1e-06
-6.73954 -13.8461 15.2799 1e-06 0.281911 -0.0230198 0.127555 0.31028 1386 0 0 0 0 1e-06
0.636463 -14.8524 14.7128 1e-06 0.236298 -0.0426311 -0.0719001 0.250646 1387 0 0 0 0 1e-06
-0.814584 -15.1321 14.4643 1e-06 0.228513 -0.0575318 -0.0628253 0.243875 1388 0 0 0 0 1e-06
5.77535 14.1075 14.6688 1e-06 0.298492 -0.01772 -0.000267837 0.299017 1390 0 0 0 0 1e-06
-6.12853 13.5311 15.6476 1e-06 0.23392 -0.0510688 0.236222 0.336344 1391 0 0 0 0 1e-06
-13.6928 11.9073 16.1169 1e-06 0.19254 0.0147997 0.280782 0.340777 1393 0 0 0 0 1e-06
-9.94975 11.5194 16.0529 1e-06 0.202921 -0.0316025 0.266221 0.336228 1394 0 0 0 0 1e-06
-14.1354 4.17823 15.9178 1e-06 0.185288 -0.0153587 0.259231 0.319011 1396 0 0 0 0 1e-06
-1.01507 -0.116074 15.6473 1e-06 0.297165 -0.00983544 0.0896209 0.310541 1397 0 0 0 0 1e-06
-5.1492 -3.60431 15.5837 1e-06 0.290883 -0.0059422 0.154627 0.329481 1398 0 0 0 0 1e-06
14.5511 14.6635 14.1788 1e-06 0.249773 -0.0782212 -0.276396 0.380657 1400 0 0 0 0 1e-06
-1.99831 14.199 16.0563 1e-06 0.296698 -0.0408627 0.224187 0.374111 1401 0 0 0 0 1e-06
-6.4496 13.585 15.8801 1e-06 0.234249 -0.0602343 0.257415 0.353218 1402 0 0 0 0 1e-06
9.67669 13.1786 14.2949 1e-06 0.277235 -0.0348875 -0.143981 0.314336 1403 0 0 0 0 1e-06
-10.0396 13.0617 16.3515 1e-06 0.205862 -0.0170863 0.256334 0.329209 1404 0 0 0 0 1e-06
15.0457 10.7577 14.2293 1e-06 0.229849 -0.0843098 -0.226903 0.333802 1406 0 0 0 0 1e-06
0.911745 10.8542 15.5448 1e-06 0.298185 -0.0086821 0.192891 0.355241 1407 0 0 0 0 1e-06
-13.5914 9.52614 16.4848 1e-06 0.200774 0.00371258 0.292854 0.355088 1409 0 0 0 0 1e-06
0.783962 8.48674 15.5878 1e-06 0.310619 -0.0132909 0.0925408 0.324384 1411 0 0 0 0 1e-06
-11.7006 7.44047 15.7006 1e-06 0.180959 -0.0324239 0.198332 0.270431 1412 0 0 0 0 1e-06
-2.33498 6.28387 15.6656 1e-06 0.294446 -0.011384 0.178823 0.344682 1413 0 0 0 0 1e-06
-3.17816 5.51087 16.0519 1e-06 0.291837 -0.0227127 0.212662 0.361815 1414 0 0 0 0 1e-06
10.3471 5.0465 14.0981 1e-06 0.238351 -0.0349567 -0.212824 0.321446 1415 0 0 0 0 1e-06
6.35433 4.71801 15.1099 1e-06 0.29955 -0.0482983 -0.0762989 0.312865 1417 0 0 0 0 1e-06
14.8375 0.652854 13.9116 1e-06 0.168289 -0.0708644 -0.334557 0.381145 1418 0 0 0 0 1e-06
-12.9202 -1.32211 16.4841 1e-06 0.204865 -0.063756 0.310262 0.377223 1419 0 0 0 0 1e-06
8.83824 -1.67244 14.6745 1e-06 0.259175 -0.0423782 -0.179761 0.318248 1420 0 0 0 0 1e-06
3.19908 -2.9879 14.9556 1e-06 0.26645 -0.0492139 -0.0350579 0.273215 1421 0 0 0 0 1e-06
2.5762 -3.6029 15.3915 1e-06 0.29064 -0.0325123 -0.0118126 0.292691 1422 0 0 0 0 1e-06
-1.92813 -5.00087 15.7026 1e-06 0.306102 -0.0164413 0.0453404 0.309878 1423 0 0 0 0 1e-06
12.9842 -5.46957 14.083 1e-06 0.173181 -0.0747766 -0.286203 0.342776 1424 0 0 0 0 1e-06
-2.2149 -6.06968 15.3337 1e-06 0.293382 -0.0180037 0.0370659 0.296262 1425 0 0 0 0 1e-06
1.42925 -7.07477 15.1601 1e-06 0.292491 -0.0442293 -0.046451 0.299441 1426 0 0 0 0 1e-06
-14.6133 -10.8653 16.5792 1e-06 0.19795 -0.066578 0.269801 0.341188 1428 0 0 0 0 1e-06
-2.64106 -12.1882 15.4472 1e-06 0.280407 -0.0329289 0.0221277 0.283199 1429 0 0 0 0 1e-06
-2.16924 -13.3143 15.2574 1e-06 0.268791 -0.0397641 0.00386222 0.271744 1430 0 0 0 0 1e-06
2.12098 -13.3111 15.0459 1e-06 0.253323 -0.0275627 -0.0828848 0.26796 1431 0 0 0 0 1e-06
3.48118 14.6893 15.7294 1e-06 0.319193 -0.0230326 0.0642855 0.326416 1432 0 0 0 0 1e-06
-7.82913 14.2819 16.1438 1e-06 0.212621 -0.0424353 0.21865 0.307922 1433 0 0 0 0 1e-06
-8.03637 9.63413 16.4057 1e-06 0.230928 -0.0515438 0.266884 0.356667 1435 0 0 0 0 1e-06
9.05238 9.04054 14.779 1e-06 0.2799 -0.0357861 -0.153003 0.32099 1436 0 0 0 0 1e-06
-12.6371 6.8985 16.4887 1e-06 0.197903 -0.0202825 0.274159 0.338733 1437 0 0 0 0 1e-06
-6.20338 6.50084 16.3465 1e-06 0.254027 -0.0450174 0.217939 0.337718 1438 0 0 0 0 1e-06
-11.0547 5.36289 16.6245 1e-06 0.198404 -0.045466 0.280561 0.346621 1439 0 0 0 0 1e-06
9.25559 3.7951 14.5908 1e-06 0.256497 -0.0430774 -0.179449 0.315988 1441 0 0 0 0 1e-06
-4.96192 2.99204 16.3705 1e-06 0.277892 -0.0273234 0.185427 0.335192 1442 0 0 0 0 1e-06
11.0627 2.67808 14.7678 1e-06 0.231178 -0.04956 -0.212794 0.31809 1443 0 0 0 0 1e-06
-8.95049 0.676093 16.491 1e-06 0.244198 -0.0579445 0.249395 0.353819 1444 0 0 0 0 1e-06
10.1669 0.0791268 14.7807 1e-06 0.235418 -0.048534 -0.239088 0.339028 1445 0 0 0 0 1e-06
12.3488 -1.68933 14.49 1e-06 0.19777 -0.0695669 -0.248698 0.325274 1446 0 0 0 0 1e-06
-11.0927 -1.71243 16.6522 1e-06 0.217045 -0.0626615 0.266082 0.349048 1447 0 0 0 0 1e-06
-13.8959 -2.83505 16.6301 1e-06 0.199903 -0.0599831 0.258892 0.332542 1448 0 0 0 0 1e-06
14.4327 -4.75048 14.8427 1e-06 0.18354 -0.0846157 -0.164882 0.260831 1450 0 0 0 0 1e-06
-4.04244 -5.32504 16.1027 1e-06 0.315077 -0.0150971 0.0959867 0.329719 1451 0 0 0 0 1e-06
8.65516 -6.05317 14.807 1e-06 0.253303 -0.0350058 -0.212167 0.332269 1452 0 0 0 0 1e-06
1.34278 -6.42068 15.5649 1e-06 0.296725 -0.0389221 -0.0457096 0.302738 1453 0 0 0 0 1e-06
13.3865 -10.548 14.2335 1e-06 0.153461 -0.074464 -0.320062 0.362678 1455 0 0 0 0 1e-06
13.7951 -10.7994 14.498 1e-06 0.162266 -0.0754948 -0.292455 0.342869 1456 0 0 0 0 1e-06
2.57285 -11.1035 15.2174 1e-06 0.267663 -0.0234699 -0.106475 0.289018 1457 0 0 0 0 1e-06
-4.69313 -12.8154 15.7975 1e-06 0.295553 -0.0287753 0.0778472 0.306985 1458 0 0 0 0 1e-06
-3.65545 -13.8875 15.4911 1e-06 0.281091 -0.033189 0.0439385 0.286434 1459 0 0 0 0 1e-06
11.9121 -14.7689 14.1109 1e-06 0.149431 -0.0688935 -0.352922 0.389396 1460 0 0 0 0 1e-06
-12.8224 -14.8071 16.3831 1e-06 0.235058 -0.0678496 0.15959 0.292104 1461 0 0 0 0 1e-06
-3.35902 -15.1554 15.8087 1e-06 0.288803 -0.0353921 0.0126266 0.291237 1462 0 0 0 0 1e-06
14.6394 14.03 14.8577 1e-06 0.262016 -0.0920558 -0.251067 0.374381 1463 0 0 0 0 1e-06
-8.60543 12.1415 16.4911 1e-06 0.216103 -0.0454136 0.232181 0.320423 1464 0 0 0 0 1e-06
12.5754 11.0436 15.2421 1e-06 0.264571 -0.0664822 -0.20203 0.339461 1465 0 0 0 0 1e-06
9.00223 8.10855 15.2701 1e-06 0.286854 -0.039272 -0.117601 0.312502 1468 0 0 0 0 1e-06
-6.62438 6.5578 16.849 1e-06 0.255266 -0.051469 0.250811 0.361547 1469 0 0 0 0 1e-06
3.29984 5.85165 16.0439 1e-06 0.328285 -0.0316838 -0.00260755 0.32982 1470 0 0 0 0 1e-06
-13.2815 5.51685 16.7601 1e-06 0.199744 -0.0181791 0.25207 0.322129 1471 0 0 0 0 1e-06
-1.9903 5.43331 16.281 1e-06 0.30515 -0.0226965 0.137445 0.335444 1472 0 0 0 0 1e-06
11.1891 2.40666 15.2362 1e-06 0.238478 -0.062226 -0.236476 0.341562 1473 0 0 0 0 1e-06
-4.82371 -1.17882 16.5969 1e-06 0.295111 -0.0216289 0.168308 0.34042 1475 0 0 0 0 1e-06
-10.0273 -1.73392 16.9918 1e-06 0.246283 -0.0694487 0.265817 0.368968 1476 0 0 0 0 1e-06
6.52627 -3.65788 15.5027 1e-06 0.282903 -0.0321406 -0.145996 0.319972 1477 0 0 0 0 1e-06
9.67091 -6.37304 15.2698 1e-06 0.245824 -0.0651081 -0.189639 0.317225 1479 0 0 0 0 1e-06
7.88178 -8.55354 14.8535 1e-06 0.24123 -0.0289437 -0.236311 0.338929 1480 0 0 0 0 1e-06
7.13955 -11.6409 15.2048 1e-06 0.241628 -0.0256196 -0.310041 0.393911 1482 0 0 0 0 1e-06
-14.3019 -13.3208 17.2483 1e-06 0.228767 -0.071728 0.284554 0.372089 1483 0 0 0 0 1e-06
-3.07596 14.9628 16.8222 1e-06 0.286639 -0.0602283 0.199146 0.354187 1485 0 0 0 0 1e-06
10.9034 13.272 15.8427 1e-06 0.297771 -0.0659561 -0.150402 0.340057 1486 0 0 0 0 1e-06
14.5312 11.6417 15.2715 1e-06 0.250498 -0.0938606 -0.151707 0.307529 1487 0 0 0 0 1e-06
3.38647 10.523 16.7075 1e-06 0.326996 -0.0400864 0.0610818 0.335058 1489 0 0 0 0 1e-06
-1.61989 10.416 16.9857 1e-06 0.310919 -0.0475443 0.178943 0.361873 1490 0 0 0 0 1e-06
-1.90165 10.1362 16.8027 1e-06 0.307369 -0.0466814 0.177651 0.358071 1491 0 0 0 0 1e-06
-14.3214 10.2843 17.9233 1e-06 0.221439 0.022251 0.315304 0.385936 1492 0 0 0 0 1e-06
8.40866 10.0324 15.7539 1e-06 0.30585 -0.0405498 -0.116799 0.329895 1493 0 0 0 0 1e-06
8.53314 8.68664 15.7495 1e-06 0.30156 -0.0427187 -0.111113 0.324206 1495 0 0 0 0 1e-06
7.01623 7.81357 16.0459 1e-06 0.312157 -0.0456832 -0.0753329 0.324352 1496 0 0 0 0 1e-06
11.2421 7.37325 15.3413 1e-06 0.267838 -0.0562038 -0.169377 0.321846 1497 0 0 0 0 1e-06
-10.4834 6.87802 17.1784 1e-06 0.216178 -0.0460514 0.262998 0.343543 1498 0 0 0 0 1e-06
-5.68298 6.79282 17.3499 1e-06 0.273317 -0.0581954 0.233083 0.363891 1499 0 0 0 0 1e-06
1.19893 6.3517 16.2298 1e-06 0.319277 -0.0163858 0.00811833 0.319801 1500 0 0 0 0 1e-06
12.7491 6.02019 15.4195 1e-06 0.243104 -0.0778728 -0.218678 0.336131 1501 0 0 0 0 1e-06
0.703147 6.05361 16.4656 1e-06 0.321156 -0.0222093 0.0656513 0.328549 1502 0 0 0 0 1e-06
8.58822 5.41076 15.7486 1e-06 0.29051 -0.049295 -0.136477 0.324734 1503 0 0 0 0 1e-06
-0.845359 5.35397 17.134 1e-06 0.312362 -0.0440135 0.147805 0.348359 1504 0 0 0 0 1e-06
10.1998 3.94901 15.5935 1e-06 0.262648 -0.0540982 -0.176937 0.321275 1505 0 0 0 0 1e-06
-1.89207 2.67692 16.7326 1e-06 0.309916 -0.0204205 0.036943 0.312778 1506 0 0 0 0 1e-06
6.39315 1.93716 15.4447 1e-06 0.295007 -0.049314 -0.134593 0.327988 1507 0 0 0 0 1e-06
10.8421 1.37983 15.9233 1e-06 0.249863 -0.0749288 -0.198469 0.327774 1508 0 0 0 0 1e-06
10.5114 0.943552 15.2949 1e-06 0.255445 -0.0587535 -0.252026 0.363622 1509 0 0 0 0 1e-06
5.43088 0.671835 16.0648 1e-06 0.31068 -0.0403561 -0.126409 0.337831 1510 0 0 0 0 1e-06
15.043 0.419054 15.1849 1e-06 0.198087 -0.0888061 -0.306891 0.375908 1511 0 0 0 0 1e-06
-0.513712 0.423031 16.4853 1e-06 0.313537 -0.0121613 0.0598974 0.319439 1512 0 0 0 0 1e-06
-10.6077 -0.817495 17.2378 1e-06 0.238024 -0.0684003 0.287391 0.379378 1513 0 0 0 0 1e-06
-13.0948 -1.37136 17.1891 1e-06 0.213061 -0.05874 0.273627 0.351734 1514 0 0 0 0 1e-06
-3.27885 -1.60458 16.9853 1e-06 0.308597 -0.0251232 0.136516 0.338378 1515 0 0 0 0 1e-06
-1.31739 -1.69433 16.8954 1e-06 0.319336 -0.0254693 0.0577056 0.325506 1516 0 0 0 0 1e-06
12.8391 -2.48422 15.4441 1e-06 0.207105 -0.0841662 -0.242396 0.329746 1517 0 0 0 0 1e-06
-5.45532 -3.54117 16.957 1e-06 0.305894 -0.0378935 0.177141 0.355508 1519 0 0 0 0 1e-06
-4.95792 -5.37451 16.5858 1e-06 0.320497 -0.0329837 0.140748 0.351591 1521 0 0 0 0 1e-06
7.37939 -5.6132 15.8383 1e-06 0.276495 -0.0412806 -0.204794 0.346546 1522 0 0 0 0 1e-06
-8.77736 -9.32555 17.4807 1e-06 0.301175 -0.0745637 0.229757 0.386075 1524 0 0 0 0 1e-06
3.51749 -9.82556 16.4506 1e-06 0.297414 -0.014182 -0.12411 0.322583 1525 0 0 0 0 1e-06
9.72253 -10.0844 15.3579 1e-06 0.215735 -0.0801138 -0.292152 0.371904 1526 0 0 0 0 1e-06
-11.3635 -11.1586 17.4756 1e-06 0.265946 -0.0819706 0.2586 0.379895 1529 0 0 0 0 1e-06
7.80764 -11.5809 15.4741 1e-06 0.237954 -0.0505513 -0.297359 0.384187 1530 0 0 0 0 1e-06
11.7857 -12.8841 15.2005 1e-06 0.184101 -0.0782751 -0.263509 0.330843 1531 0 0 0 0 1e-06
-5.6052 -12.8748 17.1475 1e-06 0.331454 -0.0311733 0.104486 0.348928 1532 0 0 0 0 1e-06
-8.50825 -13.3658 17.0892 1e-06 0.316473 -0.0452294 0.17752 0.365669 1533 0 0 0 0 1e-06
14.3672 -14.2132 14.8461 1e-06 0.165431 -0.0595108 -0.368314 0.408123 1534 0 0 0 0 1e-06
9.278 -15.1805 15.1604 1e-06 0.209123 -0.0750205 -0.314875 0.385365 1535 0 0 0 0 1e-06
-7.39837 14.9042 17.2383 1e-06 0.234524 -0.0388208 0.232544 0.332544 1536 0 0 0 0 1e-06
-14.5716 14.199 17.9576 1e-06 0.2095 0.0285914 0.27529 0.34712 1537 0 0 0 0 1e-06
-11.8913 13.7201 17.807 1e-06 0.219357 0.00687729 0.233471 0.320427 1538 0 0 0 0 1e-06
8.93192 11.41 16.0182 1e-06 0.315831 -0.0510066 -0.118371 0.341119 1539 0 0 0 0 1e-06
-0.581652 10.4506 17.5381 1e-06 0.324043 -0.0551886 0.128181 0.352817 1540 0 0 0 0 1e-06
-9.95603 8.22548 17.6643 1e-06 0.226541 -0.0410368 0.243683 0.335241 1542 0 0 0 0 1e-06
11.0777 7.1306 16.1938 1e-06 0.284369 -0.0728974 -0.151152 0.330192 1544 0 0 0 0 1e-06
5.48985 6.10679 16.412 1e-06 0.322257 -0.047459 -0.0811904 0.335699 1545 0 0 0 0 1e-06
12.0149 5.35974 16.3089 1e-06 0.26593 -0.0837503 -0.115641 0.301837 1546 0 0 0 0 1e-06
-9.96983 4.14749 17.8827 1e-06 0.219272 -0.0561129 0.355888 0.421764 1548 0 0 0 0 1e-06
-4.52251 2.01786 17.3013 1e-06 0.297095 -0.0424845 0.165023 0.342495 1549 0 0 0 0 1e-06
3.16916 1.82182 16.9593 1e-06 0.331795 -0.0353845 -0.0447648 0.336666 1550 0 0 0 0 1e-06
-2.75693 1.39895 17.5765 1e-06 0.318069 -0.0399871 0.123034 0.343372 1551 0 0 0 0 1e-06
-12.1711 1.31693 17.8495 1e-06 0.216323 -0.0487131 0.302491 0.37506 1552 0 0 0 0 1e-06
9.15375 0.536845 16.1857 1e-06 0.273287 -0.0668603 -0.169251 0.328332 1553 0 0 0 0 1e-06
14.8816 -0.2 15.7692 1e-06 0.198164 -0.0905143 -0.24108 0.324933 1554 0 0 0 0 1e-06
14.0514 -0.985986 15.5111 1e-06 0.196483 -0.086871 -0.313961 0.380426 1555 0 0 0 0 1e-06
-3.81184 -2.3932 17.5492 1e-06 0.318659 -0.0349475 0.126868 0.344761 1556 0 0 0 0 1e-06
7.01471 -2.97145 15.767 1e-06 0.279606 -0.0372005 -0.226601 0.361817 1557 0 0 0 0 1e-06
-6.49019 -3.17984 17.3908 1e-06 0.298896 -0.0555265 0.180658 0.353637 1558 0 0 0 0 1e-06
9.95111 -5.57001 15.6982 1e-06 0.239795 -0.0793366 -0.266893 0.367461 1559 0 0 0 0 1e-06
-1.02666 -5.8601 17.0423 1e-06 0.335551 -0.0330676 0.0297191 0.338483 1560 0 0 0 0 1e-06
-10.8597 -8.72903 17.4845 1e-06 0.26474 -0.0845096 0.233928 0.363251 1562 0 0 0 0 1e-06
2.82326 -9.3199 16.2926 1e-06 0.292734 -0.0230369 -0.122535 0.31818 1563 0 0 0 0 1e-06
4.4117 -10.4069 16.5295 1e-06 0.294989 -0.0146703 -0.151232 0.33182 1564 0 0 0 0 1e-06
-3.68779 -10.5752 17.091 1e-06 0.341525 -0.0292577 0.0728453 0.350431 1565 0 0 0 0 1e-06
9.50796 -11.8799 15.8171 1e-06 0.215395 -0.0853808 -0.305366 0.383319 1566 0 0 0 0 1e-06
2.96466 -13.2098 16.5474 1e-06 0.297152 -0.0218336 -0.12698 0.323883 1567 0 0 0 0 1e-06
4.56198 9.26748 16.9731 1e-06 0.327945 -0.04575 -0.0173067 0.331573 1570 0 0 0 0 1e-06
11.141 7.81079 16.3262 1e-06 0.286399 -0.0768692 -0.141438 0.328539 1571 0 0 0 0 1e-06
9.06618 6.81536 16.3306 1e-06 0.298099 -0.0544787 -0.148959 0.337668 1572 0 0 0 0 1e-06
-7.78424 -6.49186 17.7535 1e-06 0.302826 -0.0733699 0.189712 0.364798 1573 0 0 0 0 1e-06
-1.34852 -7.10732 17.1922 1e-06 0.341754 -0.0375234 0.0192346 0.344345 1574 0 0 0 0 1e-06
-1.46317 -13.538 17.1075 1e-06 0.324854 -0.0281589 -0.0307704 0.327521 1575 0 0 0 0 1e-06
-10.933 13.9895 18.1864 1e-06 0.228949 -0.00135825 0.243661 0.33435 1577 0 0 0 0 1e-06
2.58814 11.9841 17.5009 1e-06 0.342201 -0.053516 0.0644714 0.35231 1579 0 0 0 0 1e-06
-4.6314 9.72758 18.1639 1e-06 0.284045 -0.0679318 0.212003 0.36089 1580 0 0 0 0 1e-06
7.22478 6.97677 17.0832 1e-06 0.319556 -0.0586613 -0.0985133 0.339502 1583 0 0 0 0 1e-06
0.355454 5.95331 17.5804 1e-06 0.323538 -0.0522846 0.0922872 0.340481 1584 0 0 0 0 1e-06
4.57389 2.39373 16.9496 1e-06 0.333515 -0.0480581 -0.0537094 0.341213 1586 0 0 0 0 1e-06
-8.61972 0.563449 18.1275 1e-06 0.262703 -0.0710684 0.221803 0.351084 1587 0 0 0 0 1e-06
8.18724 -0.558238 16.4587 1e-06 0.285925 -0.0600294 -0.216412 0.36358 1588 0 0 0 0 1e-06
-8.24501 -0.580613 18.1791 1e-06 0.272622 -0.0741793 0.163013 0.326188 1589 0 0 0 0 1e-06
-1.92773 -0.696114 17.8484 1e-06 0.332144 -0.0361776 0.0663789 0.340639 1590 0 0 0 0 1e-06
-0.621543 -0.723779 17.5215 1e-06 0.329513 -0.0238259 0.038898 0.332655 1591 0 0 0 0 1e-06
3.9059 -1.21415 17.0735 1e-06 0.333006 -0.0382779 -0.0821993 0.34513 1592 0 0 0 0 1e-06
-11.6607 -2.88159 18.3059 1e-06 0.230381 -0.0727319 0.328026 0.40739 1593 0 0 0 0 1e-06
-7.16883 -3.34121 18.1351 1e-06 0.297206 -0.072941 0.172909 0.351496 1594 0 0 0 0 1e-06
-11.8899 -4.14762 17.9643 1e-06 0.238653 -0.0775058 0.246741 0.351914 1595 0 0 0 0 1e-06
-0.188678 -4.98703 17.4223 1e-06 0.334826 -0.034033 0.0201174 0.337152 1596 0 0 0 0 1e-06
-9.31574 -5.46835 18.2356 1e-06 0.269827 -0.0819037 0.236674 0.368143 1597 0 0 0 0 1e-06
2.14263 -5.64359 16.9589 1e-06 0.315366 -0.0151055 -0.0505656 0.319751 1598 0 0 0 0 1e-06
-11.7828 -6.24089 18.2735 1e-06 0.248937 -0.082031 0.215081 0.339056 1600 0 0 0 0 1e-06
-13.2711 -6.26219 18.3053 1e-06 0.231941 -0.0686875 0.244354 0.343836 1601 0 0 0 0 1e-06
-5.21748 -6.79114 17.6019 1e-06 0.332477 -0.0547856 0.117325 0.356802 1602 0 0 0 0 1e-06
3.16728 -8.39644 17.0696 1e-06 0.319577 -0.0173245 -0.063061 0.3262 1603 0 0 0 0 1e-06
-2.26875 -8.73864 17.3271 1e-06 0.349183 -0.038933 0.0483556 0.354659 1604 0 0 0 0 1e-06
12.0259 -10.9274 16.0558 1e-06 0.190718 -0.0843577 -0.302969 0.367804 1605 0 0 0 0 1e-06
-8.84555 -11.2853 17.8323 1e-06 0.30743 -0.0769516 0.160736 0.355346 1606 0 0 0 0 1e-06
-6.49043 -12.8507 17.7692 1e-06 0.339738 -0.0518792 0.11225 0.361543 1607 0 0 0 0 1e-06
4.74601 -13.9927 16.5047 1e-06 0.27859 -0.0306633 -0.232246 0.363993 1608 0 0 0 0 1e-06
14.11 13.655 16.7002 1e-06 0.27962 -0.104216 -0.180461 0.348733 1611 0 0 0 0 1e-06
-6.26199 12.2767 18.1096 1e-06 0.255619 -0.0629543 0.220008 0.343085 1612 0 0 0 0 1e-06
-11.7481 11.9764 18.5595 1e-06 0.234036 0.00293617 0.249156 0.341849 1613 0 0 0 0 1e-06
10.0724 9.90608 16.7446 1e-06 0.309779 -0.0748267 -0.142586 0.349131 1614 0 0 0 0 1e-06
3.64956 8.76482 17.4724 1e-06 0.331968 -0.0509356 -0.0102872 0.33601 1615 0 0 0 0 1e-06
1.2494 6.51287 18.1508 1e-06 0.327947 -0.0599596 0.138637 0.36106 1616 0 0 0 0 1e-06
8.77744 6.39857 17.1193 1e-06 0.309291 -0.0679095 -0.138335 0.345557 1617 0 0 0 0 1e-06
4.85413 1.25805 17.1531 1e-06 0.328191 -0.0485032 -0.104377 0.347788 1620 0 0 0 0 1e-06
-11.374 -2.19821 18.2136 1e-06 0.233816 -0.0751107 0.222094 0.331115 1621 0 0 0 0 1e-06
7.96177 -7.16508 16.3564 1e-06 0.271518 -0.0693961 -0.276074 0.393388 1622 0 0 0 0 1e-06
9.73031 -12.286 16.4439 1e-06 0.22051 -0.0901499 -0.295116 0.379269 1624 0 0 0 0 1e-06
-5.92461 -14.1895 17.9341 1e-06 0.342993 -0.0453304 0.0992783 0.359938 1625 0 0 0 0 1e-06
14.4128 13.8937 16.8683 1e-06 0.281761 -0.105721 -0.133381 0.329176 1626 0 0 0 0 1e-06
-8.10278 13.6549 18.3747 1e-06 0.243006 -0.0304769 0.240359 0.343152 1627 0 0 0 0 1e-06
0.477353 10.4649 18.304 1e-06 0.338307 -0.0720693 0.108641 0.362558 1629 0 0 0 0 1e-06
10.0918 7.5756 17.2312 1e-06 0.304911 -0.0811751 -0.174342 0.360493 1630 0 0 0 0 1e-06
-2.53135 6.72299 18.3738 1e-06 0.311743 -0.0710812 0.133092 0.346338 1631 0 0 0 0 1e-06
11.6513 3.80315 16.5952 1e-06 0.256998 -0.0823255 -0.262184 0.376252 1632 0 0 0 0 1e-06
-11.7784 3.48011 18.6126 1e-06 0.232294 -0.037698 0.223578 0.324606 1633 0 0 0 0 1e-06
8.98458 2.82698 17.0006 1e-06 0.28979 -0.0723807 -0.196238 0.357388 1636 0 0 0 0 1e-06
-0.831858 0.44014 17.7591 1e-06 0.334479 -0.0371494 0.0769561 0.345223 1637 0 0 0 0 1e-06
-8.48711 -0.420837 18.6989 1e-06 0.266886 -0.0737211 0.232247 0.361388 1638 0 0 0 0 1e-06
0.161814 -2.35973 17.6573 1e-06 0.333059 -0.0289423 0.0187411 0.334839 1639 0 0 0 0 1e-06
-0.129878 -3.26417 17.4738 1e-06 0.331658 -0.0312669 -0.0414511 0.335698 1640 0 0 0 0 1e-06
-1.65225 -6.54468 17.6951 1e-06 0.344478 -0.0465175 0.0334385 0.349209 1642 0 0 0 0 1e-06
-5.85344 -7.52482 18.4481 1e-06 0.328375 -0.073095 0.128992 0.360294 1643 0 0 0 0 1e-06
14.6879 -11.2413 16.4467 1e-06 0.18375 -0.0649412 -0.256342 0.322013 1645 0 0 0 0 1e-06
-0.0721284 -11.7588 17.8981 1e-06 0.347435 -0.0480005 -0.0123044 0.350951 1646 0 0 0 0 1e-06
8.21733 -12.3857 16.7714 1e-06 0.25004 -0.0869764 -0.273036 0.380308 1647 0 0 0 0 1e-06
9.64284 -14.1632 16.4492 1e-06 0.209918 -0.083007 -0.2909 0.36821 1649 0 0 0 0 1e-06
-9.7147 -14.8396 18.38 1e-06 0.301381 -0.0808245 0.121281 0.334772 1650 0 0 0 0 1e-06
12.1653 -2.72513 17.0076 1e-06 0.234975 -0.1004 -0.271894 0.373122 1651 0 0 0 0 1e-06
-9.36249 14.6713 19.125 1e-06 0.243151 -0.0098844 0.236612 0.339419 1652 0 0 0 0 1e-06
-2.70629 14.2124 18.8836 1e-06 0.294703 -0.0800528 0.182406 0.355711 1653 0 0 0 0 1e-06
5.00665 13.7665 18.2904 1e-06 0.349225 -0.0730589 0.0116681 0.356976 1654 0 0 0 0 1e-06
10.4524 12.8381 17.3666 1e-06 0.32342 -0.0839773 -0.114422 0.353193 1655 0 0 0 0 1e-06
8.38996 12.6956 17.4301 1e-06 0.334995 -0.0726438 -0.0425207 0.345408 1656 0 0 0 0 1e-06
1.71808 11.3304 18.5972 1e-06 0.345099 -0.0739604 0.0599021 0.357983 1657 0 0 0 0 1e-06
-5.61545 11.1913 18.8887 1e-06 0.268414 -0.0699005 0.206802 0.345975 1658 0 0 0 0 1e-06
13.068 11.0383 16.715 1e-06 0.280843 -0.0941874 -0.269224 0.400282 1659 0 0 0 0 1e-06
-10.8795 11.1107 18.9543 1e-06 0.23989 -0.0114168 0.21876 0.324859 1660 0 0 0 0 1e-06
5.82782 9.77214 18.444 1e-06 0.347313 -0.0812389 -0.0218164 0.357354 1661 0 0 0 0 1e-06
2.68606 7.06127 18.4099 1e-06 0.34058 -0.0697827 -0.0240229 0.348485 1663 0 0 0 0 1e-06
-5.5735 5.63168 19.0392 1e-06 0.286929 -0.075971 0.226957 0.373643 1664 0 0 0 0 1e-06
11.8653 5.27954 17.2461 1e-06 0.27886 -0.0930503 -0.243167 0.381512 1665 0 0 0 0 1e-06
0.432484 4.55094 18.5822 1e-06 0.333238 -0.0703642 0.04999 0.344234 1666 0 0 0 0 1e-06
-11.8482 3.93163 18.7937 1e-06 0.23443 -0.0337321 0.221059 0.323979 1667 0 0 0 0 1e-06
-13.1148 3.7383 19.312 1e-06 0.240701 -0.0117458 0.272685 0.363912 1668 0 0 0 0 1e-06
11.5536 1.71468 17.2768 1e-06 0.26053 -0.0930471 -0.246747 0.370699 1670 0 0 0 0 1e-06
9.96781 -0.69595 17.8316 1e-06 0.28068 -0.0994224 -0.179853 0.347869 1674 0 0 0 0 1e-06
9.54919 -1.18366 17.5743 1e-06 0.282449 -0.0966224 -0.20612 0.362766 1675 0 0 0 0 1e-06
-4.28084 -2.36386 18.5445 1e-06 0.325177 -0.0625642 0.115397 0.350672 1676 0 0 0 0 1e-06
0.687204 -2.68299 18.4337 1e-06 0.346957 -0.0492529 -0.026779 0.351457 1677 0 0 0 0 1e-06
12.9265 -3.22559 17.2777 1e-06 0.226166 -0.0982409 -0.265438 0.362298 1678 0 0 0 0 1e-06
4.11473 -3.13144 17.9629 1e-06 0.336316 -0.0508291 -0.125534 0.362562 1679 0 0 0 0 1e-06
2.29948 -3.54693 17.9404 1e-06 0.342426 -0.035961 -0.038261 0.346429 1680 0 0 0 0 1e-06
-1.75921 -3.74619 18.4735 1e-06 0.344687 -0.0520616 0.0343593 0.350286 1681 0 0 0 0 1e-06
-3.13601 -4.29172 18.8399 1e-06 0.341003 -0.0620856 0.0950248 0.359399 1682 0 0 0 0 1e-06
6.41849 -5.14522 17.2442 1e-06 0.307186 -0.0591047 -0.217661 0.381095 1683 0 0 0 0 1e-06
12.4072 -7.26296 16.911 1e-06 0.217443 -0.0949151 -0.312243 0.392155 1686 0 0 0 0 1e-06
8.42969 -7.29298 17.2883 1e-06 0.272772 -0.0975967 -0.262944 0.391241 1687 0 0 0 0 1e-06
-0.830605 -7.5374 17.7383 1e-06 0.345413 -0.0463115 -0.0195985 0.349055 1688 0 0 0 0 1e-06
14.9466 -8.58177 17.3244 1e-06 0.20134 -0.0729986 -0.251997 0.33071 1692 0 0 0 0 1e-06
-12.363 -8.78432 19.4436 1e-06 0.257398 -0.0734181 0.229964 0.352884 1693 0 0 0 0 1e-06
-5.89517 -9.25604 18.4654 1e-06 0.337388 -0.0752198 0.102172 0.360455 1694 0 0 0 0 1e-06
11.0134 -9.76409 16.7697 1e-06 0.21669 -0.0936461 -0.311855 0.391123 1695 0 0 0 0 1e-06
-7.41318 -10.2331 18.814 1e-06 0.314007 -0.0814324 0.160442 0.361902 1696 0 0 0 0 1e-06
6.87689 -10.5952 17.3452 1e-06 0.285694 -0.0769095 -0.187427 0.350236 1697 0 0 0 0 1e-06
8.47378 -10.8442 17.1108 1e-06 0.259225 -0.0993588 -0.302074 0.410266 1698 0 0 0 0 1e-06
14.8366 -11.6709 16.8908 1e-06 0.194967 -0.05189 -0.299725 0.361303 1699 0 0 0 0 1e-06
5.63081 -12.4419 18.0052 1e-06 0.292653 -0.0812112 -0.202832 0.365215 1700 0 0 0 0 1e-06
1.45437 -12.8445 18.2156 1e-06 0.335115 -0.0499264 -0.104208 0.354477 1701 0 0 0 0 1e-06
13.7477 12.3704 17.9555 1e-06 0.287005 -0.105804 -0.164877 0.347492 1707 0 0 0 0 1e-06
3.56596 12.4097 19.1315 1e-06 0.350596 -0.0841706 0.0512505 0.364183 1708 0 0 0 0 1e-06
1.56128 12.3227 18.5567 1e-06 0.342352 -0.0669604 0.0573137 0.353516 1709 0 0 0 0 1e-06
11.4865 10.8321 18.1174 1e-06 0.307248 -0.102555 -0.117232 0.344474 1711 0 0 0 0 1e-06
13.9585 10.2726 17.8793 1e-06 0.279699 -0.10723 -0.177532 0.348206 1712 0 0 0 0 1e-06
-9.70916 7.63678 19.3943 1e-06 0.24855 -0.0374798 0.252271 0.356122 1713 0 0 0 0 1e-06
-8.91519 7.52221 19.5759 1e-06 0.25511 -0.0454067 0.234702 0.349611 1714 0 0 0 0 1e-06
6.81901 4.49238 18.7093 1e-06 0.332014 -0.0939997 -0.0787466 0.353936 1716 0 0 0 0 1e-06
9.43854 4.39299 18.2533 1e-06 0.305378 -0.0947353 -0.186687 0.370246 1717 0 0 0 0 1e-06
-3.80442 3.80454 19.6417 1e-06 0.31412 -0.0833062 0.153876 0.359568 1718 0 0 0 0 1e-06
14.5771 2.04996 17.882 1e-06 0.236256 -0.0970407 -0.216864 0.335058 1719 0 0 0 0 1e-06
-4.03569 2.10648 19.2166 1e-06 0.314689 -0.0798225 0.170536 0.366719 1720 0 0 0 0 1e-06
-7.36826 1.567 19.3145 1e-06 0.280281 -0.0794525 0.1806 0.342763 1721 0 0 0 0 1e-06
12.8213 0.871249 17.8775 1e-06 0.245357 -0.103664 -0.214371 0.341908 1722 0 0 0 0 1e-06
-13.7976 0.7168 19.7477 1e-06 0.243933 -0.0102317 0.311832 0.39604 1724 0 0 0 0 1e-06
2.22808 0.367116 19.0581 1e-06 0.349276 -0.0830961 -0.0417035 0.361438 1725 0 0 0 0 1e-06
5.64716 -1.09414 18.3234 1e-06 0.332933 -0.0879453 -0.0751626 0.35246 1726 0 0 0 0 1e-06
8.66307 -1.44971 18.1013 1e-06 0.299833 -0.0957688 -0.0308156 0.316261 1727 0 0 0 0 1e-06
1.30795 -1.46744 19.1221 1e-06 0.351052 -0.0692612 0.019374 0.358343 1728 0 0 0 0 1e-06
1.89705 -3.4075 18.574 1e-06 0.348 -0.0582261 -0.0331416 0.354391 1729 0 0 0 0 1e-06
9.34937 -4.14403 17.7434 1e-06 0.277041 -0.105436 -0.206147 0.361061 1730 0 0 0 0 1e-06
-8.12686 -4.50095 19.6751 1e-06 0.290654 -0.0894806 0.16753 0.347207 1731 0 0 0 0 1e-06
11.4934 -4.86761 17.9886 1e-06 0.246961 -0.102363 -0.226254 0.350227 1732 0 0 0 0 1e-06
1.34014 -5.41292 18.7064 1e-06 0.349906 -0.0598806 -0.0430997 0.357599 1733 0 0 0 0 1e-06
-6.6891 -6.10186 19.2991 1e-06 0.317494 -0.0919913 0.111635 0.348894 1735 0 0 0 0 1e-06
14.0221 -7.62574 17.6943 1e-06 0.203793 -0.0852312 -0.258993 0.340402 1736 0 0 0 0 1e-06
6.04521 -7.98306 18.4025 1e-06 0.310339 -0.0996777 -0.17799 0.371385 1737 0 0 0 0 1e-06
-5.27207 -7.95669 19.024 1e-06 0.337684 -0.0823601 0.109066 0.364292 1738 0 0 0 0 1e-06
4.55165 -8.25541 18.2387 1e-06 0.323791 -0.0739573 -0.0710403 0.339642 1739 0 0 0 0 1e-06
7.1931 -10.4472 18.0887 1e-06 0.289435 -0.0951799 -0.122195 0.328273 1741 0 0 0 0 1e-06
12.9115 -12.2285 17.551 1e-06 0.197938 -0.0710239 -0.245018 0.322889 1742 0 0 0 0 1e-06
5.8184 -13.8852 18.2884 1e-06 0.281815 -0.0839496 -0.179173 0.34434 1743 0 0 0 0 1e-06
-9.65262 14.0099 20.1224 1e-06 0.251654 0.00073301 0.210057 0.327802 1745 0 0 0 0 1e-06
6.61772 12.4201 19.1181 1e-06 0.350383 -0.090143 -0.0377499 0.363757 1746 0 0 0 0 1e-06
-11.5803 12.6539 19.9294 1e-06 0.240788 0.0155101 0.163983 0.291736 1747 0 0 0 0 1e-06
-1.3051 12.2056 19.6911 1e-06 0.312528 -0.0949846 0.139223 0.355076 1748 0 0 0 0 1e-06
-2.90647 12.116 19.5419 1e-06 0.296197 -0.0855552 0.148918 0.342387 1749 0 0 0 0 1e-06
11.5349 11.4303 18.6082 1e-06 0.309783 -0.104495 -0.136015 0.354097 1750 0 0 0 0 1e-06
-11.6835 11.295 20.0863 1e-06 0.246201 0.0113721 0.234988 0.340534 1751 0 0 0 0 1e-06
11.5766 7.27395 18.4431 1e-06 0.293755 -0.102063 -0.186025 0.362373 1753 0 0 0 0 1e-06
-0.665207 6.16396 19.4298 1e-06 0.333026 -0.0849964 0.0831125 0.353608 1755 0 0 0 0 1e-06
-11.1326 5.75656 20.2745 1e-06 0.253934 -0.0189642 0.217546 0.334915 1756 0 0 0 0 1e-06
2.08819 4.39879 19.2629 1e-06 0.340925 -0.0805803 -0.0411836 0.352731 1758 0 0 0 0 1e-06
-8.60279 4.23889 19.9456 1e-06 0.261656 -0.0616194 0.199909 0.334999 1759 0 0 0 0 1e-06
-3.14671 4.09976 19.4758 1e-06 0.317474 -0.0808621 0.079779 0.337184 1760 0 0 0 0 1e-06
9.42309 3.45179 18.4742 1e-06 0.303549 -0.0983526 -0.169734 0.361421 1761 0 0 0 0 1e-06
-13.3685 0.246705 20.2168 1e-06 0.251521 -0.0120732 0.226427 0.338641 1763 0 0 0 0 1e-06
12.3222 -0.68246 18.3075 1e-06 0.252986 -0.104877 -0.209479 0.344794 1764 0 0 0 0 1e-06
-0.356305 -0.898171 18.9955 1e-06 0.347311 -0.0662703 0.00826872 0.353673 1765 0 0 0 0 1e-06
-13.9695 -2.01342 19.9382 1e-06 0.253989 -0.0119453 0.212235 0.331205 1766 0 0 0 0 1e-06
7.82852 -3.97619 18.3515 1e-06 0.302529 -0.106311 -0.200229 0.378044 1768 0 0 0 0 1e-06
-11.3818 -5.80591 20.0126 1e-06 0.262975 -0.0659767 0.152416 0.311029 1769 0 0 0 0 1e-06
-3.50026 -8.31044 19.3542 1e-06 0.349636 -0.082702 0.0704707 0.36613 1771 0 0 0 0 1e-06
-1.95 -8.79965 19.5768 1e-06 0.353425 -0.0836305 0.0924547 0.374768 1772 0 0 0 0 1e-06
1.44402 -9.94544 18.9972 1e-06 0.346073 -0.0711407 -0.0640739 0.359072 1773 0 0 0 0 1e-06
-7.86894 -10.5094 19.9836 1e-06 0.313847 -0.0928864 0.242534 0.407371 1774 0 0 0 0 1e-06
6.02064 -13.9539 18.5 1e-06 0.275808 -0.090698 -0.238523 0.375752 1777 0 0 0 0 1e-06
8.72053 7.70938 19.3036 1e-06 0.328591 -0.104123 -0.1116 0.36231 1782 0 0 0 0 1e-06
-2.68233 2.90205 19.5485 1e-06 0.322302 -0.084259 -0.00869229 0.333247 1783 0 0 0 0 1e-06
8.82859 -1.241 18.483 1e-06 0.297948 -0.104126 -0.190566 0.368688 1784 0 0 0 0 1e-06
9.17454 -3.25385 18.6279 1e-06 0.288053 -0.114318 -0.228663 0.385136 1785 0 0 0 0 1e-06
-2.77686 -5.41338 19.8285 1e-06 0.349745 -0.0909535 0.0797865 0.370081 1787 0 0 0 0 1e-06
-9.64593 -9.33709 20.03 1e-06 0.290026 -0.091491 0.155304 0.341475 1789 0 0 0 0 1e-06
-13.326 -14.1615 20.1258 1e-06 0.255868 -0.0695462 0.156699 0.307993 1793 0 0 0 0 1e-06
12.1096 11.6158 18.8673 1e-06 0.305488 -0.106971 -0.167007 0.364221 1795 0 0 0 0 1e-06
-7.97276 7.05859 20.4343 1e-06 0.265885 -0.0497466 0.250395 0.368602 1798 0 0 0 0 1e-06
14.0624 5.11068 18.6668 1e-06 0.260079 -0.105158 -0.242132 0.370577 1800 0 0 0 0 1e-06
14.4758 1.28246 18.7764 1e-06 0.247794 -0.093991 -0.223402 0.346619 1802 0 0 0 0 1e-06
-3.55031 -1.65593 20.1932 1e-06 0.337143 -0.0942004 0.0535355 0.354126 1804 0 0 0 0 1e-06
-2.4189 -3.40958 20.0836 1e-06 0.348286 -0.0922531 0.0798722 0.369044 1806 0 0 0 0 1e-06
-1.17833 -6.48258 19.4611 1e-06 0.35366 -0.0757829 0.0061444 0.361741 1809 0 0 0 0 1e-06
-1.02552 -8.4619 19.5388 1e-06 0.356018 -0.0771108 0.0455759 0.367113 1810 0 0 0 0 1e-06
6.35577 -10.012 18.8485 1e-06 0.296567 -0.102798 -0.206438 0.375681 1811 0 0 0 0 1e-06
2.80931 -11.9291 19.3313 1e-06 0.337712 -0.0836998 -0.122976 0.369023 1814 0 0 0 0 1e-06
7.46986 11.9201 19.2986 1e-06 0.345963 -0.0971071 -0.0593027 0.364193 1818 0 0 0 0 1e-06
3.9019 11.1172 20.135 1e-06 0.348999 -0.0963633 0.162814 0.396982 1819 0 0 0 0 1e-06
13.7096 7.47797 19.3023 1e-06 0.277059 -0.110521 -0.18715 0.352138 1822 0 0 0 0 1e-06
-4.58717 7.25964 20.5015 1e-06 0.290089 -0.0838427 0.0928868 0.315926 1823 0 0 0 0 1e-06
10.812 6.19974 19.077 1e-06 0.299526 -0.108429 -0.167133 0.35973 1824 0 0 0 0 1e-06
-10.7117 4.89901 20.5764 1e-06 0.255777 -0.0266842 0.199043 0.325196 1825 0 0 0 0 1e-06
8.58054 1.67728 19.5624 1e-06 0.311797 -0.113648 -0.13791 0.359378 1827 0 0 0 0 1e-06
-8.15829 -0.782764 20.4859 1e-06 0.279172 -0.0809162 0.161539 0.332535 1831 0 0 0 0 1e-06
-8.89965 -1.88467 20.5843 1e-06 0.279036 -0.0756637 0.198062 0.350449 1832 0 0 0 0 1e-06
3.08014 -6.77749 19.8392 1e-06 0.344054 -0.100079 -0.162586 0.393475 1836 0 0 0 0 1e-06
9.03125 -9.33591 18.8554 1e-06 0.265515 -0.1035 -0.229738 0.366047 1838 0 0 0 0 1e-06
8.76872 13.893 20.0792 1e-06 0.335495 -0.107036 0.0125298 0.352379 1840 0 0 0 0 1e-06
2.47507 7.92699 20.4217 1e-06 0.343692 -0.109874 0.0290428 0.361995 1843 0 0 0 0 1e-06
3.63899 4.22138 20.016 1e-06 0.347638 -0.102133 -0.0829216 0.371697 1846 0 0 0 0 1e-06
12.7989 3.67363 19.4185 1e-06 0.269411 -0.106158 -0.233526 0.372003 1847 0 0 0 0 1e-06
7.68601 2.03099 19.629 1e-06 0.33097 -0.109456 -0.116893 0.367676 1849 0 0 0 0 1e-06
13.9328 1.85776 19.3406 1e-06 0.25749 -0.0965588 -0.215922 0.349639 1850 0 0 0 0 1e-06
-1.55718 1.7269 20.2295 1e-06 0.336718 -0.0936501 0.0290844 0.350707 1851 0 0 0 0 1e-06
10.4683 0.383513 19.8641 1e-06 0.287542 -0.113293 -0.153899 0.345254 1852 0 0 0 0 1e-06
-0.583686 -2.7155 20.254 1e-06 0.354709 -0.101054 -0.000390488 0.368823 1855 0 0 0 0 1e-06
5.58459 -5.28395 19.7851 1e-06 0.32376 -0.120046 -0.182764 0.390684 1856 0 0 0 0 1e-06
-3.19349 -6.13197 20.2561 1e-06 0.347545 -0.0999174 0.0600217 0.36657 1857 0 0 0 0 1e-06
-0.230746 -6.66874 20.2681 1e-06 0.355254 -0.101473 -0.013891 0.369724 1858 0 0 0 0 1e-06
4.46262 -7.90656 19.5786 1e-06 0.329463 -0.109079 -0.183114 0.392397 1859 0 0 0 0 1e-06
13.2393 -10.2223 18.7464 1e-06 0.223446 -0.0663212 -0.24929 0.34128 1862 0 0 0 0 1e-06
8.09686 14.7014 20.4132 1e-06 0.338615 -0.101566 -0.0629689 0.359083 1865 0 0 0 0 1e-06
8.27866 12.3716 20.0584 1e-06 0.338988 -0.10694 -0.0744201 0.363163 1866 0 0 0 0 1e-06
13.9407 11.3825 20.1735 1e-06 0.289309 -0.112902 -0.15735 0.348146 1867 0 0 0 0 1e-06
9.72529 10.3968 19.7951 1e-06 0.325209 -0.109826 -0.0992314 0.357308 1869 0 0 0 0 1e-06
6.36305 10.376 20.566 1e-06 0.34485 -0.112115 -0.0415204 0.364987 1870 0 0 0 0 1e-06
11.894 7.1023 19.8643 1e-06 0.294381 -0.1114 -0.178901 0.362044 1874 0 0 0 0 1e-06
4.72993 5.75044 20.7812 1e-06 0.3431 -0.118185 -0.0302334 0.364142 1875 0 0 0 0 1e-06
10.4062 4.15992 20.1108 1e-06 0.299651 -0.11578 -0.129129 0.346222 1877 0 0 0 0 1e-06
4.10009 1.43341 20.5177 1e-06 0.343481 -0.117667 -0.0387564 0.365139 1880 0 0 0 0 1e-06
13.5123 1.06566 19.7226 1e-06 0.255717 -0.0968841 -0.290143 0.398699 1881 0 0 0 0 1e-06
7.19964 0.10104 19.9879 1e-06 0.322379 -0.121174 -0.172214 0.385057 1883 0 0 0 0 1e-06
13.6423 -1.15115 20.248 1e-06 0.251061 -0.0905242 -0.0398338 0.269839 1886 0 0 0 0 1e-06
7.177 -2.7106 19.739 1e-06 0.31584 -0.122399 -0.217422 0.402503 1890 0 0 0 0 1e-06
5.21915 -3.39744 20.5139 1e-06 0.33561 -0.120684 -0.022095 0.357333 1891 0 0 0 0 1e-06
7.36526 -3.78802 20.1043 1e-06 0.309724 -0.118344 -0.135262 0.358092 1892 0 0 0 0 1e-06
2.98123 -4.46144 20.6221 1e-06 0.344081 -0.119466 -0.068865 0.370684 1893 0 0 0 0 1e-06
14.5486 -4.98597 19.6449 1e-06 0.23583 -0.0829508 -0.244057 0.349371 1895 0 0 0 0 1e-06
3.96257 -6.40269 20.0305 1e-06 0.340846 -0.112915 -0.128883 0.381493 1896 0 0 0 0 1e-06
9.70715 -8.07919 19.9919 1e-06 0.270412 -0.105997 -0.22468 0.367205 1898 0 0 0 0 1e-06
12.517 -9.43878 19.9421 1e-06 0.240278 -0.0658751 -0.220364 0.332616 1902 0 0 0 0 1e-06
4.27661 -10.1318 20.1218 1e-06 0.320544 -0.111876 -0.17581 0.382327 1903 0 0 0 0 1e-06
10.3668 -11.2989 19.8596 1e-06 0.24904 -0.0841575 -0.245856 0.359929 1906 0 0 0 0 1e-06
12.3481 -12.8196 19.9085 1e-06 0.244397 -0.0509609 -0.274346 0.370935 1910 0 0 0 0 1e-06
0.698052 -13.1133 20.4346 1e-06 0.343514 -0.092972 0.0191332 0.356387 1911 0 0 0 0 1e-06
8.60808 -14.9804 19.5394 1e-06 0.260106 -0.0856825 -0.306435 0.410973 1913 0 0 0 0 1e-06
11.769 12.9491 20.1392 1e-06 0.312663 -0.107513 -0.130859 0.355586 1914 0 0 0 0 1e-06
7.97598 8.88818 20.5663 1e-06 0.332538 -0.116333 -0.0610763 0.357554 1916 0 0 0 0 1e-06
8.91892 5.09384 20.3781 1e-06 0.317335 -0.120219 -0.118 0.359274 1917 0 0 0 0 1e-06
7.2116 2.54534 20.4246 1e-06 0.325245 -0.121188 -0.0778516 0.355713 1918 0 0 0 0 1e-06
14.383 -2.27323 19.9446 1e-06 0.24894 -0.084092 -0.27337 0.379175 1919 0 0 0 0 1e-06
13.8442 -4.66846 20.2457 1e-06 0.2487 -0.080553 -0.108727 0.283129 1920 0 0 0 0 1e-06
13.471 -1.27588 20.6756 1e-06 0.263246 -0.0919879 -0.173999 0.328688 1927 0 0 0 0 1e-06
0.575232 12.0178 -1.30738 1e-06 -0.199075 0.113372 0.196746 0.301982 1931 0 0 0 0 1e-06
-5.63297 0.371931 -0.954471 1e-06 -0.192923 0.149327 0.160968 0.292282 1933 0 0 0 0 1e-06
-15.3633 -15.7394 -0.565964 1e-06 -0.190036 0.0399337 0.387685 0.433599 1936 0 0 0 0 1e-06
-11.9588 4.25297 -0.587683 1e-06 -0.141692 0.0401832 0.237804 0.279718 1939 0 0 0 0 1e-06
-5.28166 3.72908 -0.676524 1e-06 -0.180065 0.146998 0.157799 0.280949 1940 0 0 0 0 1e-06
-4.27653 4.5103 -0.375598 1e-06 -0.169097 0.152408 0.178945 0.289557 1944 0 0 0 0 1e-06
-9.13064 -1.69133 -0.105334 1e-06 -0.156572 0.112269 0.208133 0.283617 1945 0 0 0 0 1e-06
-8.90282 -3.04449 -0.107241 1e-06 -0.17098 0.125475 0.197048 0.289493 1946 0 0 0 0 1e-06
-9.05245 13.9535 0.0885513 1e-06 -0.114782 0.0671355 0.0941777 0.162947 1947 0 0 0 0 1e-06
7.77987 10.3942 -0.410318 1e-06 -0.224296 0.0473365 0.0241542 0.230506 1949 0 0 0 0 1e-06
3.70789 9.10874 -0.307396 1e-06 -0.190387 0.0590769 0.0640164 0.209369 1951 0 0 0 0 1e-06
-15.1775 -14.4535 0.28078 1e-06 -0.176399 0.0351077 0.245172 0.304069 1954 0 0 0 0 1e-06
-1.88681 3.25567 1.0856 1e-06 -0.162962 0.138038 0.380714 0.436525 1955 0 0 0 0 1e-06
15.2316 -7.96826 -0.449364 1e-06 -0.159822 -0.0130867 -0.317596 0.355783 1956 0 0 0 0 1e-06
15.3097 -11.3386 -0.277928 1e-06 -0.135012 0.00601692 -0.186478 0.230301 1957 0 0 0 0 1e-06
15.299 -14.9059 -0.218953 1e-06 -0.128297 0.0411562 -0.189525 0.232537 1958 0 0 0 0 1e-06
15.2494 -1.74357 0.280084 1e-06 -0.170496 -0.00333188 -0.318512 0.361289 1961 0 0 0 0 1e-06
12.3593 -11.0252 0.684742 1e-06 -0.171092 0.0379749 -0.199251 0.265359 1962 0 0 0 0 1e-06
-14.1498 -8.77276 2.76807 1e-06 -0.0868704 0.0472202 0.340116 0.354197 1963 0 0 0 0 1e-06
3.78772 8.14628 1.37962 1e-06 -0.167471 0.0373149 -0.0605036 0.181933 1967 0 0 0 0 1e-06
1.70982 -9.86412 2.42469 1e-06 -0.219758 0.0455147 0.0348763 0.227115 1968 0 0 0 0 1e-06
-4.45955 -5.03729 2.48947 1e-06 -0.183212 0.0825629 0.136936 0.243177 1970 0 0 0 0 1e-06
-8.35451 1.3551 3.50693 1e-06 -0.0643014 0.128412 0.305085 0.337196 1972 0 0 0 0 1e-06
8.71324 13.7937 2.32098 1e-06 -0.13682 -0.0668298 -0.0415544 0.157838 1974 0 0 0 0 1e-06
13.6929 -3.02354 2.26057 1e-06 -0.124605 0.0168424 -0.418708 0.43718 1977 0 0 0 0 1e-06
-7.85184 8.67731 4.11042 1e-06 -0.0303733 0.0850059 0.310761 0.323606 1980 0 0 0 0 1e-06
7.70415 4.20976 3.09502 1e-06 -0.1185 -0.0629448 -0.034844 0.138631 1981 0 0 0 0 1e-06
1.45739 2.60044 3.21388 1e-06 -0.124712 0.0448201 -0.0400103 0.13843 1982 0 0 0 0 1e-06
-11.1286 1.47446 3.98066 1e-06 -0.0518895 0.0567907 0.299661 0.309377 1983 0 0 0 0 1e-06
-15.1563 -12.6869 4.49395 1e-06 -0.0599655 0.0381286 0.335023 0.342476 1985 0 0 0 0 1e-06
-12.4443 -13.9022 3.91543 1e-06 -0.109067 0.0890169 0.231996 0.271371 1986 0 0 0 0 1e-06
-11.8223 11.4029 5.71596 1e-06 0.0188422 0.0263112 0.360147 0.361598 1987 0 0 0 0 1e-06
-2.43312 -6.52865 5.00694 1e-06 -0.114042 0.0455864 0.104832 0.161473 1990 0 0 0 0 1e-06
-13.7672 -6.01827 6.18405 1e-06 0.00131044 0.0279409 0.270675 0.272117 1993 0 0 0 0 1e-06
-10.4521 3.81684 7.10458 1e-06 0.0387485 0.0380694 0.390545 0.394304 1994 0 0 0 0 1e-06
-3.01465 -7.55775 6.09869 1e-06 -0.0803149 0.0266262 0.0902034 0.123677 1995 0 0 0 0 1e-06
5.46501 -15.0685 5.52908 1e-06 -0.0912012 0.0706941 -0.23657 0.263213 1998 0 0 0 0 1e-06
-4.71334 0.0838375 7.40668 1e-06 0.0387776 0.0496932 0.27961 0.286627 1999 0 0 0 0 1e-06
-12.7134 10.377 8.25506 1e-06 0.0711222 0.0078854 0.358361 0.365435 2000 0 0 0 0 1e-06
-3.3178 -0.351619 6.97197 1e-06 -0.0341784 0.0231077 -0.0842177 0.0937803 2001 0 0 0 0 1e-06
-14.6465 -8.02422 8.12646 1e-06 0.0468122 0.00290862 0.290918 0.294675 2002 0 0 0 0 1e-06
-15.5171 0.00255785 8.44867 1e-06 0.0379138 -0.0160783 0.243977 0.247428 2006 0 0 0 0 1e-06
-3.19668 6.84611 8.24042 1e-06 0.0792094 0.0282388 0.181606 0.200131 2007 0 0 0 0 1e-06
-6.41126 11.7602 8.54433 1e-06 0.105649 0.0541577 0.265933 0.291231 2010 0 0 0 0 1e-06
-6.06142 -1.27848 8.63108 1e-06 0.0801927 0.0410386 0.262829 0.277838 2011 0 0 0 0 1e-06
-5.112 -13.5666 8.45994 1e-06 -0.0123753 0.0120992 0.0906269 0.0922647 2012 0 0 0 0 1e-06
-12.56 10.1888 9.44595 1e-06 0.0877855 0.00294913 0.307529 0.319827 2013 0 0 0 0 1e-06
-15.3461 -10.2028 10.3363 1e-06 0.104519 -0.0225854 0.339942 0.356364 2015 0 0 0 0 1e-06
-5.59753 4.35425 10.0452 1e-06 0.15412 0.0578764 0.273823 0.319502 2016 0 0 0 0 1e-06
11.5823 5.53719 9.02459 1e-06 0.0778751 -0.0233119 -0.257276 0.269813 2017 0 0 0 0 1e-06
-9.0671 -7.16595 10.279 1e-06 0.112477 0.0361923 0.172051 0.208717 2020 0 0 0 0 1e-06
-12.5306 7.10184 10.9644 1e-06 0.091393 -0.00641149 0.188479 0.209566 2021 0 0 0 0 1e-06
-7.00525 4.28021 11.1927 1e-06 0.160049 0.0497185 0.253273 0.303702 2022 0 0 0 0 1e-06
-11.0631 -12.7797 11.7007 1e-06 0.174696 0.0179316 0.258804 0.312761 2024 0 0 0 0 1e-06
-9.34412 -8.163 11.6668 1e-06 0.170106 0.0262105 0.194152 0.259457 2025 0 0 0 0 1e-06
7.82136 -15.3065 10.8216 1e-06 0.114955 0.0289455 -0.266761 0.291915 2027 0 0 0 0 1e-06
0.61276 -2.04141 11.3091 1e-06 0.0992341 -0.0886688 0.00450756 0.133154 2028 0 0 0 0 1e-06
8.52669 4.17851 11.2712 1e-06 0.149801 -0.064234 -0.190152 0.250448 2029 0 0 0 0 1e-06
-15.2467 1.47927 12.4181 1e-06 0.112981 -0.0342749 0.22909 0.257724 2030 0 0 0 0 1e-06
-3.0414 -3.29009 12.4032 1e-06 0.176879 -0.0332896 0.0972068 0.204557 2031 0 0 0 0 1e-06
-11.8004 15.163 13.2595 1e-06 0.157264 0.00506169 0.314016 0.351232 2032 0 0 0 0 1e-06
-13.8154 -4.78452 13.4162 1e-06 0.151932 -0.0543081 0.219002 0.272019 2034 0 0 0 0 1e-06
-7.09607 7.11017 14.8713 1e-06 0.220978 -0.0263326 0.234325 0.323161 2037 0 0 0 0 1e-06
12.3797 12.1546 14.0609 1e-06 0.24622 -0.0496444 -0.23195 0.341891 2039 0 0 0 0 1e-06
-15.0099 2.86802 16.0304 1e-06 0.189581 -0.00887351 0.289993 0.346577 2040 0 0 0 0 1e-06
-3.36638 11.1886 16.0432 1e-06 0.285937 -0.0390187 0.200493 0.351397 2041 0 0 0 0 1e-06
-9.50228 11.8883 16.28 1e-06 0.210254 -0.0367589 0.242093 0.322749 2043 0 0 0 0 1e-06
8.19906 -13.7862 16.5613 1e-06 0.226859 -0.0816021 -0.25208 0.34881 2047 0 0 0 0 1e-06
-14.7162 -10.9975 18.4465 1e-06 0.230522 -0.0614346 0.262591 0.354779 2049 0 0 0 0 1e-06
0.211242 2.52742 18.1923 1e-06 0.336448 -0.0539349 0.0237401 0.341569 2052 0 0 0 0 1e-06
12.0878 1.06747 18.0672 1e-06 0.261766 -0.102009 -0.0693309 0.289368 2053 0 0 0 0 1e-06
-2.15076 7.00864 19.204 1e-06 0.316353 -0.0760797 0.155045 0.360425 2054 0 0 0 0 1e-06
6.14855 -10.3022 18.6102 1e-06 0.291115 -0.0996751 -0.18064 0.356811 2055 0 0 0 0 1e-06
-14.5786 3.79999 20.3064 1e-06 0.250529 0.00462498 0.347414 0.428349 2058 0 0 0 0 1e-06
-6.51431 0.826148 19.6348 1e-06 0.297768 -0.0851571 0.117485 0.33124 2059 0 0 0 0 1e-06
10.7452 -13.4324 19.1417 1e-06 0.228241 -0.0723402 -0.209677 0.318264 2060 0 0 0 0 1e-06
13.0721 2.87415 19.1858 1e-06 0.258462 -0.102913 -0.186639 0.335004 2061 0 0 0 0 1e-06
5.4133 5.35026 20.2728 1e-06 0.34068 -0.115417 -0.0251691 0.36058 2063 0 0 0 0 1e-06
8.26087 8.41322 20.6465 1e-06 0.328001 -0.117132 -0.0586042 0.353184 2067 0 0 0 0 1e-06
7.96811 1.56043 20.1128 1e-06 0.314159 -0.120144 -0.14955 0.368097 2069 0 0 0 0 1e-06
3.62939 0.201309 20.4649 1e-06 0.34555 -0.114742 -0.0289891 0.365254 2070 0 0 0 0 1e-06
6.22721 -7.875 20.5413 1e-06 0.304957 -0.108315 -0.0372996 0.325764 2072 0 0 0 0 1e-06
12.783 6.2357 20.59 1e-06 0.283409 -0.106349 -0.16317 0.343883 2074 0 0 0 0 1e-06
11.5172 -6.23645 20.4592 1e-06 0.251471 -0.0936411 -0.18291 0.324749 2075 0 0 0 0 1e-06
12.1004 -12.3278 20.3803 1e-06 0.249823 -0.0445726 -0.286341 0.382609 2076 0 0 0 0 1e-06
11.245 -12.7607 20.1458 1e-06 0.245197 -0.0586614 -0.289133 0.383615 2077 0 0 0 0 1e-06
