TITLE = "B0000001 Polynomial order: 2 Length: 5, Positions are unfiltered"
VARIABLES = "x[mm]" "y[mm]" "z[mm]" "I" "Vx[m/s]" "Vy[m/s]" "Vz[m/s]" "|V|[m/s]" "trackID" "Ax[m/s²]" "Ay[m/s²]" "Az[m/s²]" "|A|[m/s²]" "Absolute intensity[]" "UncertaintyX[mm]" "UncertaintyY[mm]" "UncertaintyZ[mm]" "UncertaintyVx[m/s]" "UncertaintyVy[m/s]" "UncertaintyVz[m/s]" "UncertaintyV[m/s]" "UncertaintyAx[m/s²]" "UncertaintyAy[m/s²]" "UncertaintyAz[m/s²]" "UncertaintyA[m/s²]"
ZONE T="Snapshot 0000"
STRANDID=1, SOLUTIONTIME=0.03550157
I=2162, J=1, K=1, ZONETYPE = Ordered
DATAPACKING = POINT
-45.21 -26.54 0.8728 0.4326 -0.001431 0.0189 -0.2007 0.2016 0 -12.63 -41.73 -18.9 47.52 145.3 0 0 0 0 0 0 0 0 0 0 0
31.94 10.6 19.73 1.465 -0.1158 0.005706 0.1993 0.2306 1 30.01 68.51 -21.39 77.79 634.7 0 0 0 0 0 0 0 0 0 0 0
-20.24 -15.62 0.368 0.4239 0.02129 0.01217 -0.227 0.2283 2 -68.05 -78.29 26.24 107 146.4 0 0 0 0 0 0 0 0 0 0 0
27.64 11.74 19.68 1.56 -0.1154 0.04922 0.131 0.1814 3 27.16 -34.75 83.82 94.71 674 0 0 0 0 0 0 0 0 0 0 0
21.97 16.35 19.73 1.668 -0.1283 0.03063 0.136 0.1895 4 47.21 16.55 64.65 81.75 706.1 0 0 0 0 0 0 0 0 0 0 0
17.08 -22.13 19.76 0.8309 -0.1704 -0.003331 0.1868 0.2528 5 82.8 6.165 -119.9 145.9 399.2 0 0 0 0 0 0 0 0 0 0 0
-20.69 17.59 0.3901 0.5144 0.001146 -0.00389 -0.1696 0.1697 6 -102.5 43.77 -101.1 150.4 168.6 0 0 0 0 0 0 0 0 0 0 0
-36.79 4.443 0.3429 0.2254 0.04668 0.009194 -0.2526 0.2571 7 -40.05 53.93 117 134.9 70.17 0 0 0 0 0 0 0 0 0 0 0
32.51 -11.63 5.446 0.1448 0.008564 -0.04849 0.1804 0.187 8 -75.73 16.47 19.04 79.81 55.83 0 0 0 0 0 0 0 0 0 0 0
24.8 -21.22 15.98 0.2047 -0.1763 0.03473 0.1457 0.2313 9 98.34 -42.13 154.7 188.1 96.2 0 0 0 0 0 0 0 0 0 0 0
44.34 13.16 19.75 0.7164 0.04631 0.02583 0.191 0.1982 10 -267.4 28.03 -98.9 286.5 309.5 0 0 0 0 0 0 0 0 0 0 0
30.65 -1.277 15.65 1.409 -0.09066 0.04135 0.222 0.2433 11 6.579 -7.186 -27.41 29.09 652.1 0 0 0 0.01005 0.01948 0.04368 0.04887 9.635 18.68 41.89 46.86
39.31 -15.46 19.57 1.171 -0.09978 -0.01143 0.1708 0.1981 12 -0.8107 5.953 3.412 6.909 549 0 0 0 0.02755 0.01211 0.01733 0.03472 26.42 11.61 16.62 33.3
-48.72 -26.61 19.7 0.8947 -0.06652 -0.02776 -0.1623 0.1776 13 -6.489 2.122 -5.796 8.955 445.1 0 0 0 0.03107 0.007136 0.01726 0.03625 29.79 6.843 16.55 34.76
48.02 -17.72 15.69 1.2 -0.111 0.04837 0.1467 0.1902 14 48.3 -15.16 26.21 57 548.6 0 0 0 0.04909 0.03832 0.07617 0.09839 47.07 36.75 73.04 94.34
25.29 14.51 8.652 1.013 -0.0255 0.0135 0.1953 0.1974 15 -15.22 -4.695 -10.84 19.27 417.6 0 0 0 0.01836 0.002216 0.02902 0.03441 17.6 2.125 27.82 32.99
-39.78 16.32 2.484 0.8399 -0.02392 -0.01474 -0.2134 0.2152 16 -4.928 6.319 -8.799 11.9 276 0 0 0 0.01714 0.005537 0.01379 0.02269 16.44 5.309 13.22 21.75
14.86 15.84 12.45 1.073 -0.105 -0.01712 0.1578 0.1903 17 -2.789 -2.338 9.793 10.45 460.7 0 0 0 0.01399 0.0123 0.0247 0.03094 13.42 11.79 23.69 29.66
-40.39 -6.987 5.227 1.168 -0.01663 -0.008323 -0.214 0.2148 18 -12.54 8.423 -12.25 19.45 413.8 0 0 0 0.02471 0.006903 0.02447 0.03546 23.7 6.619 23.47 34
42.36 -4.675 19.26 0.8767 -0.08182 0.01776 0.1381 0.1615 19 30.31 -2.939 48.31 57.1 404.3 0 0 0 0.02489 0.01318 0.03644 0.04605 23.87 12.64 34.94 44.16
-35.64 21.4 11 1.796 -0.07784 -0.01785 -0.1997 0.215 20 -15.48 -1.967 -5.763 16.63 757.3 0 0 0 0.01815 0.006268 0.01588 0.02492 17.4 6.011 15.23 23.89
-26.67 14.22 4.253 0.9685 -0.03946 -0.04908 -0.2164 0.2254 21 -5.526 10.22 1.008 11.67 329.6 0 0 0 0.01121 0.01397 0.01104 0.02104 10.75 13.4 10.59 20.18
-2.782 -21.76 5.531 0.8921 -0.08157 -0.06528 -0.1148 0.1552 22 -12.56 -15.74 -14.22 24.65 361 0 0 0 0.02188 0.03096 0.03051 0.04866 20.98 29.69 29.26 46.67
25.42 -26.51 6.576 1.061 -0.03332 0.03522 0.2099 0.2154 23 0.8489 6.337 -6.652 9.226 417.3 0 0 0 0.02067 0.04495 0.01388 0.05139 19.82 43.11 13.31 49.28
40.66 21.92 3.3 0.9147 -0.004926 0.07073 0.2036 0.2156 24 -3.205 -3.221 -0.7536 4.606 322.1 0 0 0 0.006273 0.009531 0.01245 0.01689 6.016 9.139 11.94 16.19
-40.37 4.881 0.9729 0.602 -0.01151 -0.01015 -0.211 0.2115 25 12.57 13.26 -15.54 23.99 186.2 0 0 0 0.01606 0.00902 0.01634 0.02463 15.4 8.65 15.67 23.62
-43.12 -13.9 7.681 1.021 -0.03941 -0.01659 -0.1893 0.1941 26 -4.671 7.89 -12.75 15.71 398.7 0 0 0 0.02095 0.003346 0.02111 0.02993 20.09 3.209 20.24 28.7
23.09 18.65 13.92 2.009 -0.08366 0.01188 0.1644 0.1848 27 1.269 -8.888 2.471 9.312 857.6 0 0 0 0.003494 0.00567 0.00598 0.008951 3.351 5.437 5.735 8.583
-48.07 -15.87 19.43 1.621 -0.08735 -0.03175 -0.1826 0.2049 28 9.368 -7.46 18.02 21.64 808 0 0 0 0.0206 0.01131 0.01819 0.02972 19.76 10.84 17.44 28.5
-16.86 -22.52 15.69 0.931 -0.1331 -0.02127 -0.1223 0.182 29 19.7 -3.113 -24.94 31.93 452.2 0 0 0 0.02297 0.02452 0.004576 0.03391 22.03 23.51 4.388 32.51
-19.23 6.867 14.79 1.376 -0.1614 -0.05091 -0.1345 0.2162 30 12.27 -6.064 2.222 13.87 614.5 0 0 0 0.01427 0.0389 0.01256 0.0433 13.68 37.3 12.04 41.52
-21.67 -3.277 8.568 1.863 -0.09791 -0.02908 -0.1848 0.2112 31 14.62 -20.51 5.785 25.85 768.7 0 0 0 0.01699 0.03668 0.02262 0.04632 16.29 35.18 21.69 44.42
15.15 -15.67 10.46 0.9637 -0.1386 0.02451 0.1997 0.2443 32 11.07 -13.7 -16.91 24.42 437.2 0 0 0 0.01478 0.00741 0.01406 0.0217 14.17 7.106 13.48 20.81
15.91 -27.35 11.92 0.7964 -0.09945 -0.005853 0.1736 0.2001 33 -28.17 9.442 -2.02 29.78 359 0 0 0 0.01924 0.006574 0.01714 0.02659 18.45 6.304 16.43 25.5
49.41 11.22 9.245 0.6859 -0.03319 0.02234 0.11 0.117 34 8.323 -6.01 56.91 57.83 293.1 0 0 0 0.02535 0.01031 0.01421 0.03083 24.31 9.885 13.63 29.57
9.323 27.55 0.8789 0.7854 -0.07424 0.06679 0.1743 0.2008 35 6.26 -11.62 10.06 16.6 277.8 0 0 0 0.02316 0.005035 0.02731 0.03616 22.21 4.829 26.19 34.68
15.39 14.49 13.08 1.461 -0.1028 -0.05409 0.1744 0.2095 36 -12.39 34.18 -10.24 37.78 633.6 0 0 0 0.03762 0.01036 0.01629 0.04229 36.07 9.939 15.62 40.55
-18.34 28.41 6.578 0.6578 -0.1493 0.02121 -0.1218 0.1938 37 -6.982 0.6908 -28.52 29.37 255.7 0 0 0 0.006122 0.01264 0.01242 0.01875 5.87 12.12 11.91 17.98
-35.27 -15.35 17.64 1.509 -0.1099 -0.02279 -0.1753 0.2082 38 -5.436 9.181 -17.1 20.16 750.5 0 0 0 0.01318 0.006936 0.02014 0.02505 12.64 6.651 19.31 24.02
-1.055 -20.7 4.921 0.5712 -0.1002 -0.08902 -0.07404 0.1531 39 -10.49 -14.07 13.58 22.19 228.2 0 0 0 0.01787 0.01169 0.02095 0.02992 17.14 11.21 20.09 28.69
17.62 -0.5215 11.49 1.388 -0.06386 -0.03904 0.1959 0.2097 40 -26.63 14.86 -19.28 36.08 630.5 0 0 0 0.03528 0.003639 0.02864 0.04559 33.84 3.49 27.46 43.72
41.64 10.62 2.552 0.7138 0.005417 0.02231 0.2236 0.2248 41 -9.435 20.59 -19.85 30.12 250.7 0 0 0 0.02185 0.02441 0.00725 0.03355 20.95 23.41 6.952 32.17
13.99 -5.465 1.524 0.5524 -0.03191 0.0449 0.2248 0.2315 42 -1.906 -7.22 -9.177 11.83 195.1 0 0 0 0.001726 0.009179 0.007187 0.01178 1.655 8.802 6.892 11.3
36.57 -25.92 16.17 1.07 -0.08521 0.009351 0.2195 0.2356 43 3.896 -10.63 -15.31 19.04 485.4 0 0 0 0.001849 0.00813 0.01127 0.01402 1.773 7.797 10.81 13.45
17.96 -0.4764 7.938 0.9526 -0.08192 0.002173 0.167 0.186 44 16.35 -18.19 31.82 40.13 399.3 0 0 0 0.01853 0.009432 0.00798 0.02227 17.77 9.045 7.652 21.36
-28.66 25.16 1.924 0.9331 -0.03581 -0.03037 -0.197 0.2025 45 -13.12 -10.35 -13.86 21.71 312.8 0 0 0 0.0155 0.0142 0.02493 0.03261 14.86 13.62 23.91 31.27
-28.92 25.47 6.866 1.128 -0.08901 -0.03241 -0.2216 0.241 46 -18.8 -3.177 6.905 20.28 429.6 0 0 0 0.0143 0.0122 0.01731 0.02555 13.71 11.7 16.6 24.5
-10.46 25.06 18.64 1.343 -0.2073 -0.02799 -0.03016 0.2113 47 -3.052 -4.006 -17.88 18.57 581.6 0 0 0 0.01596 0.01281 0.01142 0.02343 15.3 12.28 10.95 22.47
-38.79 -26.53 14.64 1.464 -0.06784 -0.04184 -0.1979 0.2133 48 4.721 17.67 0.9316 18.31 675.2 0 0 0 0.01351 0.001732 0.003447 0.01405 12.96 1.661 3.306 13.47
-3.091 -1.653 4.942 1.204 -0.08261 -0.1234 0.02723 0.151 49 -27.35 7.905 0.9423 28.48 460.6 0 0 0 0.01524 0.003257 0.02483 0.02931 14.61 3.123 23.81 28.11
7.976 3.908 0.1448 0.5464 0.01578 0.0702 0.229 0.24 50 -30.26 -14.6 -17.12 37.71 188.7 0 0 0 0.01223 0.006937 0.02742 0.03081 11.72 6.652 26.29 29.55
-4.275 2.095 4.416 1.471 -0.1222 -0.1314 0.05042 0.1864 51 0.191 2.39 -6.698 7.114 546.2 0 0 0 0.009553 0.009279 0.007955 0.01551 9.161 8.898 7.629 14.88
-2.229 -7.324 6.384 0.6589 -0.127 -0.08221 -0.02412 0.1532 52 -2.878 -4.223 39.27 39.6 266.3 0 0 0 0.0178 0.01783 0.02835 0.03793 17.06 17.1 27.18 36.37
38.25 13.37 18.76 1.134 -0.07172 0.04713 0.1688 0.1893 53 6.265 -6.954 -4.785 10.51 486.6 0 0 0 0.01005 0.02686 0.01546 0.03258 9.634 25.76 14.83 31.24
38.23 -15.24 2.561 0.4115 0.01392 0.0598 0.2423 0.2499 54 -11.35 -36.99 -23.91 45.48 147 0 0 0 0.00882 0.01486 0.04132 0.04479 8.457 14.25 39.62 42.95
2.428 -18.18 15.99 1.8 -0.2612 -0.01717 0.02563 0.263 55 27.61 -15.65 -4.215 32.01 877.7 0 0 0 0.02206 0.006802 0.02795 0.03625 21.16 6.522 26.8 34.76
-31.16 -3.195 19.87 2.044 -0.1469 0.0005216 -0.1865 0.2374 56 23.26 -8.137 17.71 30.35 968.6 0 0 0 0.01215 0.006326 0.01961 0.02392 11.65 6.066 18.8 22.94
25.17 -12.55 2.085 0.3758 0.004511 -0.001093 0.1843 0.1844 57 -13.9 0.06791 13.39 19.3 132.7 0 0 0 0.007377 0.01472 0.01706 0.02371 7.074 14.12 16.36 22.74
16.13 30.3 8.842 0.9814 -0.0825 -0.04185 0.1986 0.2191 58 -8.37 9.667 -17.7 21.83 384.2 0 0 0 0.03709 0.01846 0.01289 0.04339 35.57 17.7 12.36 41.61
15.13 -22.92 10.27 0.8618 -0.1255 -0.005918 0.2029 0.2386 59 -15.41 -5.053 -15.65 22.54 385.7 0 0 0 0.005507 0.01242 0.006257 0.01496 5.28 11.91 6 14.34
-9.049 -28.22 7.114 0.9295 -0.09457 -0.007381 -0.24 0.258 60 -7.207 -12.49 14.8 20.67 380.5 0 0 0 0.003401 0.03092 0.001177 0.03113 3.261 29.65 1.128 29.85
-29.84 -13.68 13.89 1.224 -0.08663 -0.04532 -0.1957 0.2188 61 1.947 18.26 24.22 30.4 575 0 0 0 0.005623 0.007099 0.04822 0.04906 5.392 6.808 46.24 47.05
-17.86 -17.57 10.22 0.825 -0.1007 -0.05793 -0.1901 0.2228 62 2.485 18.83 -5.22 19.7 366.9 0 0 0 0.01944 0.006545 0.01206 0.0238 18.65 6.276 11.56 22.82
14.9 20.17 15.54 1.127 -0.1028 -0.02542 0.1543 0.1871 63 -22.74 -2.651 -5.77 23.61 477.1 0 0 0 0.01688 0.02742 0.01336 0.03486 16.18 26.29 12.81 33.43
0.1564 12.35 9.493 1.23 -0.1458 0.01177 0.08311 0.1682 64 1.783 -2.477 21.62 21.83 510.7 0 0 0 0.02108 0.002752 0.02933 0.03622 20.21 2.639 28.13 34.74
31.83 -25.82 1.115 0.5206 0.02397 0.008473 0.2009 0.2025 65 -14.81 18.5 22.41 32.62 188.9 0 0 0 0.02099 0.03465 0.03315 0.05234 20.13 33.22 31.79 50.19
33.48 27.01 17.7 1.131 -0.1208 0.04462 0.1396 0.1899 66 16.29 -14.62 12.06 25 440.8 0 0 0 0.01366 0.01573 0.03163 0.03788 13.1 15.09 30.33 36.32
-46.79 -3.605 7.588 0.6409 -0.04843 -0.01146 -0.2083 0.2142 67 9.989 7.432 1.785 12.58 244.3 0 0 0 0.01402 0.008194 0.01172 0.02003 13.44 7.858 11.24 19.2
41.36 -14.17 7.744 0.8193 -0.03935 0.002768 0.2081 0.2118 68 5.993 10.55 -4.551 12.96 330.7 0 0 0 0.01353 0.004463 0.01875 0.02355 12.98 4.28 17.98 22.59
-10.71 -4.551 1.125 0.8038 -0.0318 -0.07348 -0.1448 0.1655 69 3.803 -2.415 -2.892 5.353 276.8 0 0 0 0.02985 0.01393 0.02684 0.04249 28.62 13.35 25.74 40.74
26.45 19.53 19.52 1.079 -0.1326 0.04867 0.1768 0.2263 70 5.038 -15.4 4.267 16.76 446.6 0 0 0 0.01242 0.02227 0.009161 0.0271 11.91 21.36 8.784 25.99
3.233 25.89 19.56 1.586 -0.1724 -0.01503 0.07376 0.1881 71 -15.96 -7.165 -8.773 19.57 672.6 0 0 0 0.01956 0.008574 0.0276 0.0349 18.76 8.222 26.47 33.47
-32.33 -22.48 10.22 1.363 -0.06241 0.01334 -0.1975 0.2075 72 -13.25 -15.36 -5.017 20.9 580.5 0 0 0 0.01568 0.006956 0.01416 0.02225 15.04 6.671 13.58 21.33
5.499 -19.69 16.55 1.305 -0.2314 -0.008245 0.07293 0.2428 73 5.953 -10.8 -13.61 18.36 635.4 0 0 0 0.01065 0.01282 0.006432 0.01787 10.21 12.3 6.168 17.13
-16 -12.52 6.918 1.219 -0.1261 0.002161 -0.2095 0.2445 74 11.19 -17.96 0.5048 21.17 487.9 0 0 0 0.008022 0.01811 0.0226 0.03005 7.692 17.37 21.67 28.82
-32.93 3.514 14.86 1.095 -0.08355 -0.006542 -0.1702 0.1897 75 -11.93 1.316 -18.24 21.83 490.1 0 0 0 0.04043 0.008164 0.01901 0.04542 38.77 7.829 18.23 43.55
-37.21 0.5798 17.82 2.098 -0.1218 -0.005636 -0.2004 0.2346 76 19.23 4.783 13.01 23.71 977 0 0 0 0.006936 0.005278 0.02457 0.02607 6.651 5.061 23.56 25
39.83 -14.61 5.731 1.111 -0.01377 0.01899 0.2063 0.2077 77 -9.754 6.872 -0.9606 11.97 427 0 0 0 0.02472 0.02577 0.0162 0.03921 23.7 24.71 15.53 37.6
-6.757 6.492 5.697 1.485 -0.1576 -0.1262 0.01898 0.2028 78 14.52 -2.119 8.622 17.02 560.6 0 0 0 0.01589 0.002049 0.01613 0.02274 15.23 1.965 15.47 21.8
-1.536 24.03 10.44 0.9297 -0.1826 0.04927 0.04683 0.1948 79 -0.8001 1.129 3.162 3.452 397.3 0 0 0 0.03502 0.0236 0.0143 0.04458 33.59 22.63 13.71 42.75
-46.07 -20 7.017 0.5598 -0.05257 -0.01079 -0.1942 0.2015 80 11.55 5.715 5.5 14.01 214.9 0 0 0 0.01425 0.004416 0.0122 0.01927 13.66 4.235 11.7 18.48
0.3406 18.03 6.272 1.078 -0.1228 -0.01981 0.05922 0.1377 81 3.037 -18.37 29.76 35.1 410 0 0 0 0.003715 0.008176 0.002925 0.009445 3.563 7.84 2.805 9.057
11.43 -30.64 5.353 0.8649 -0.05889 0.0494 0.1758 0.1919 82 -37.89 -9.401 14.06 41.49 340.8 0 0 0 0.01787 0.01202 0.03299 0.03939 17.13 11.53 31.63 37.78
11.73 -15.44 10.77 0.6674 -0.1406 -0.008103 0.1856 0.233 83 -13.68 4.461 -7.694 16.31 305.4 0 0 0 0.00264 0.006795 0.003559 0.008112 2.532 6.515 3.413 7.779
43.98 -22.79 14.45 0.9059 -0.05216 0.007026 0.1688 0.1768 84 -7.063 -4.045 10.84 13.56 404.3 0 0 0 0.01071 0.003852 0.01235 0.0168 10.27 3.694 11.85 16.11
22.88 -27.74 3.181 0.4706 -0.06696 0.02975 0.1882 0.202 85 48.32 8.949 32.12 58.71 177.5 0 0 0 0.1205 0.01743 0.08729 0.1498 115.5 16.72 83.71 143.7
-30.08 3.81 10.78 1.739 -0.07224 -0.03977 -0.1751 0.1936 86 1.671 -11.14 4.916 12.29 723 0 0 0 0.02098 0.01874 0.02885 0.0403 20.12 17.97 27.67 38.64
28.87 8.98 3.301 0.8197 0.03295 0.004903 0.2154 0.218 87 -39.56 21.61 -6.722 45.58 296.4 0 0 0 0.02924 0.01492 0.01724 0.03708 28.04 14.31 16.53 35.55
34.34 6.584 14.22 0.9726 -0.07831 0.005356 0.1833 0.1994 88 10.98 33.88 7.89 36.48 442.7 0 0 0 0.01398 0.01288 0.007508 0.02043 13.4 12.35 7.2 19.59
-21.09 1.579 13.2 0.9691 -0.1577 -0.04869 -0.155 0.2264 89 29.6 -7.574 1.133 30.57 436.2 0 0 0 0.01837 0.03019 0.03321 0.0485 17.62 28.95 31.85 46.51
4.351 -21.12 3.511 0.4502 -0.09029 -0.1013 0.1103 0.1749 90 2.092 17.37 -19.07 25.88 176.6 0 0 0 0.004788 0.01347 0.01018 0.01755 4.591 12.91 9.761 16.82
24.31 25.91 8.79 1.042 -0.06226 0.005076 0.1918 0.2017 91 1.719 -5.925 -14.84 16.07 406.4 0 0 0 0.02801 0.002917 0.0406 0.04941 26.86 2.798 38.94 47.38
10.33 -19.98 13.71 1.562 -0.2013 -0.002221 0.1333 0.2415 92 8.387 -10.2 1.714 13.32 742.6 0 0 0 0.02561 0.008613 0.01801 0.03247 24.56 8.259 17.27 31.14
8.303 -29.19 5.477 0.5451 -0.1169 -0.02594 0.1246 0.1728 93 18.97 -10.37 -26.03 33.84 217.8 0 0 0 0.01529 0.02483 0.03068 0.04233 14.66 23.81 29.42 40.59
22.88 -30.28 19.37 1.657 -0.1191 0.03557 0.1346 0.1832 94 -9.316 -9.036 6.055 14.32 758.3 0 0 0 0.02023 0.01364 0.01182 0.02711 19.39 13.08 11.34 25.99
-48.03 8.154 15.01 1.72 -0.08145 -0.01151 -0.196 0.2125 95 9.828 -11.3 -2.242 15.15 766.8 0 0 0 0.01457 0.008931 0.01864 0.02529 13.97 8.565 17.88 24.25
19.43 -13.42 12.54 1.014 -0.09653 -0.02169 0.1689 0.1957 96 -2.441 -7.067 -3.379 8.204 476.4 0 0 0 0.01234 0.02152 0.02936 0.03844 11.83 20.64 28.16 36.86
-37.28 -17.16 1.042 0.7352 0.01505 0.0102 -0.2507 0.2514 97 -21.44 -3.084 22.3 31.09 244 0 0 0 0.0375 0.006172 0.02182 0.04383 35.96 5.919 20.92 42.03
-18.42 -24.69 18.95 1.751 -0.1376 -0.0198 -0.127 0.1883 98 -0.6833 -7.865 -4.424 9.049 866.3 0 0 0 0.02301 0.005793 0.02243 0.03265 22.06 5.555 21.51 31.31
15.35 -6.154 18.23 1.735 -0.1291 -0.01571 0.1357 0.1879 99 -6.078 -3.924 -0.7449 7.273 821 0 0 0 0.01357 0.003851 0.01271 0.01899 13.01 3.693 12.19 18.21
-31.3 17.25 10.47 0.9626 -0.07173 -0.04707 -0.209 0.226 100 -13.84 -0.921 11.31 17.89 400.6 0 0 0 0.03904 0.007324 0.006626 0.04027 37.43 7.023 6.354 38.61
6.121 -0.3455 17.17 1.05 -0.1647 -0.01634 0.1041 0.1956 101 -9.314 -3.177 -6.658 11.88 490 0 0 0 0.03076 0.0161 0.02377 0.04208 29.49 15.44 22.8 40.35
-5.013 -8.385 6.939 0.5396 -0.1363 -0.07662 -0.04142 0.1617 102 12.74 8.582 -4.439 15.99 221.5 0 0 0 0.01482 0.02337 0.02076 0.03459 14.21 22.41 19.9 33.17
-29.95 22.96 8.058 1.129 -0.1211 -0.04647 -0.2161 0.252 103 19.63 -3.383 15.09 24.99 444.9 0 0 0 0.02247 0.03809 0.02404 0.05033 21.54 36.53 23.05 48.27
-41.8 -10.6 1.489 0.8727 -0.004227 0.004684 -0.2377 0.2378 104 -8.651 -0.9444 17.16 19.24 281 0 0 0 0.01863 0.003905 0.01244 0.02274 17.87 3.745 11.93 21.81
-15.98 0.9065 0.7061 0.7068 -0.01547 -0.01167 -0.1755 0.1766 105 -16.74 -17.35 3.732 24.4 233.3 0 0 0 0.004148 0.03124 0.003211 0.03168 3.978 29.96 3.079 30.38
-26.22 -2.778 18.16 1.072 -0.1157 -0.02977 -0.1587 0.1986 106 -19.21 5.025 14.56 24.62 506.6 0 0 0 0.008471 0.001578 0.02879 0.03005 8.123 1.513 27.6 28.81
30.68 -14.02 5.139 0.5938 -0.03379 0.03782 0.223 0.2287 107 11.87 -12.29 -1.683 17.17 227.9 0 0 0 0.02341 0.001776 0.01307 0.02687 22.45 1.703 12.53 25.76
7.736 -13.86 3.248 0.6794 -0.08317 -0.006913 0.1613 0.1816 108 2.432 5.161 -12.53 13.77 252.5 0 0 0 0.01832 0.006024 0.03442 0.03945 17.56 5.777 33 37.83
-25.98 5.635 12.73 0.9269 -0.1191 -0.05631 -0.1707 0.2156 109 20 -1.078 16.49 25.94 402.9 0 0 0 0.02385 0.01713 0.05316 0.06073 22.87 16.43 50.98 58.24
33.98 -7.558 10.49 1.182 -0.0495 0.02716 0.2055 0.2131 110 -13.86 2.354 -2.063 14.21 521.5 0 0 0 0.02449 0.03488 0.01456 0.04504 23.48 33.45 13.97 43.19
33.53 27.79 10.67 1.165 -0.06873 0.04234 0.1916 0.2079 111 1.944 7.671 -11.46 13.93 459.2 0 0 0 0.0376 0.02573 0.02415 0.05156 36.05 24.67 23.16 49.44
-49.22 3.084 16.51 1.83 -0.07243 -0.04813 -0.1804 0.2003 112 6.355 8.79 -1.809 11 834.7 0 0 0 0.006088 0.03978 0.009043 0.04124 5.838 38.14 8.672 39.55
28.52 22.71 6.509 1.267 -0.02023 0.02104 0.2024 0.2045 113 -17.5 2.561 -15.66 23.62 475.1 0 0 0 0.01816 0.007355 0.003347 0.01988 17.42 7.053 3.21 19.06
-7.341 15.8 17.29 1.525 -0.2071 -0.01273 -0.009177 0.2077 114 3.495 -5.673 -3.403 7.482 669.4 0 0 0 0.006625 0.01812 0.004342 0.01978 6.353 17.38 4.164 18.97
20.48 -25.67 19.47 1.109 -0.1051 0.002625 0.1353 0.1714 115 -21.38 22.7 -3.154 31.34 522.2 0 0 0 0.01729 0.0195 0.01669 0.03095 16.58 18.7 16.01 29.68
-29.72 20.34 18.11 1.23 -0.1282 -0.01834 -0.1569 0.2034 116 -5.032 -19.28 -11.49 23 541.7 0 0 0 0.004974 0.02255 0.007556 0.02429 4.77 21.62 7.245 23.3
-0.7174 -14.5 1.717 0.4517 -0.08241 -0.0347 -0.006626 0.08966 117 -12.76 12.82 3.321 18.39 163.2 0 0 0 0.04809 0.01036 0.01631 0.05183 46.12 9.937 15.64 49.7
-21.12 -0.5886 5.085 1.183 -0.06589 -0.01197 -0.2243 0.2341 118 1.147 -7.765 20.23 21.7 426.7 0 0 0 0.02306 0.01474 0.02256 0.03547 22.11 14.14 21.63 34.01
21.84 -6.303 11.87 0.6745 -0.07082 -0.03641 0.1719 0.1894 119 -3.544 15.42 2.066 15.96 309 0 0 0 0.02643 0.008064 0.02427 0.03678 25.35 7.733 23.27 35.27
28.76 27.94 19.58 1.519 -0.1229 0.04677 0.1699 0.2148 120 6.706 -12.17 -10.06 17.16 602.8 0 0 0 0.003561 0.02065 0.03825 0.04362 3.415 19.81 36.68 41.83
-47.11 22.6 7.191 1.441 -0.01229 0.03892 -0.2117 0.2156 121 -8.492 -31.6 -7.085 33.48 545.1 0 0 0 0.02703 0.008625 0.02023 0.03484 25.92 8.271 19.4 33.41
29.75 24.78 12.99 1.256 -0.09134 0.06292 0.1509 0.1873 122 -3.272 -27.76 30.81 41.6 514.2 0 0 0 0.03883 0.0133 0.007973 0.04182 37.24 12.76 7.645 40.1
42.63 5.851 4.59 0.5244 -0.02381 0.07115 0.2098 0.2228 123 12.11 -29.39 -16.24 35.7 198.6 0 0 0 0.01526 0.01121 0.02812 0.0339 14.63 10.75 26.96 32.5
-27.48 12.77 7.343 1.225 -0.04593 -0.03498 -0.2002 0.2084 124 -8.385 -8.209 4.536 12.58 456.6 0 0 0 0.006224 0.01489 0.01284 0.02062 5.968 14.28 12.31 19.77
48.57 20.95 9.439 0.8816 -0.03005 0.05356 0.1464 0.1588 125 0.1613 -15.43 7.535 17.17 360.2 0 0 0 0.01547 0.01595 0.01115 0.02486 14.83 15.29 10.69 23.84
-25.2 16.08 7.208 1.015 -0.09002 -0.05457 -0.1951 0.2217 126 7.682 18.28 -0.5388 19.84 383.1 0 0 0 0.02135 0.01252 0.003846 0.02505 20.47 12.01 3.688 24.02
-30.36 29.55 14.44 0.9797 -0.1516 -0.03066 -0.1639 0.2254 127 6.596 10.97 -17.9 22.01 409.2 0 0 0 0.02432 0.004291 0.02549 0.03549 23.33 4.115 24.44 34.04
9.102 -20.13 11.74 0.8709 -0.2158 0.002019 0.1374 0.2558 128 10.01 5.089 9.16 14.49 402.9 0 0 0 0.02142 0.003795 0.02293 0.03161 20.54 3.639 21.99 30.31
13.68 17.63 2.461 0.6397 -0.0309 0.01663 0.2059 0.2089 129 -0.9762 17.09 -1.824 17.21 217.7 0 0 0 0.01813 0.02005 0.02045 0.0339 17.39 19.23 19.61 32.5
19.85 4.03 10.95 1.28 -0.06454 -0.04405 0.1962 0.2112 130 -3.935 16.95 -10.57 20.36 574.2 0 0 0 0.03447 0.02145 0.02087 0.04565 33.05 20.57 20.01 43.77
45.55 24.56 6.536 1.354 -0.01623 0.05174 0.1554 0.1646 131 2.581 -24.91 6.869 25.96 514.3 0 0 0 0.00635 0.005195 0.005867 0.01009 6.089 4.982 5.626 9.672
48.04 -16.26 13.13 1.103 -0.03544 -0.01262 0.1791 0.183 132 3.425 36.37 8.323 37.47 491.4 0 0 0 0.004915 0.02161 0.02298 0.03193 4.713 20.72 22.04 30.62
48.81 -5.074 15.17 1.059 0.005 -0.02592 0.1922 0.194 133 -20.56 45.17 8.259 50.32 484.6 0 0 0 0.01014 0.02407 0.01596 0.03061 9.721 23.08 15.31 29.35
40.74 -3.607 19.46 1.147 -0.07931 0.0171 0.1808 0.1981 134 15.82 4.622 4.023 16.96 527.8 0 0 0 0.02363 0.01559 0.02177 0.03572 22.66 14.95 20.88 34.25
-16.47 -14.09 19.49 1.112 -0.1368 -0.02637 -0.102 0.1727 135 -9.989 -12.06 -5.381 16.56 547.4 0 0 0 0.01346 0.01566 0.01574 0.02596 12.91 15.01 15.09 24.9
-30.29 4.225 10.66 1.395 -0.06629 -0.06262 -0.1676 0.1908 136 -5.912 12.74 -4.867 14.87 577.1 0 0 0 0.03917 0.02372 0.02368 0.05155 37.56 22.74 22.71 49.44
29.82 -7.687 14.13 1.211 -0.08735 0.03136 0.1898 0.2113 137 10.98 -9.881 12.24 19.18 567.4 0 0 0 0.01404 0.01627 0.01932 0.0289 13.46 15.6 18.53 27.71
-42.82 -15.14 8.99 1.122 -0.04893 -0.02137 -0.1964 0.2035 138 2.333 9.582 -4.959 11.04 459.6 0 0 0 0.02298 0.0005908 0.0192 0.02995 22.04 0.5665 18.41 28.72
0.1533 10.73 5.625 0.2069 -0.09455 -0.1079 0.1219 0.1883 139 10.32 25.73 -9.179 29.2 77.52 0 0 0 0.01143 0.02567 0.006371 0.02882 10.96 24.62 6.109 27.63
10.06 -11.36 9.573 0.7302 -0.1475 0.04487 0.1903 0.2449 140 -6.25 -30.08 -11.19 32.7 327.8 0 0 0 0.007233 0.009392 0.00514 0.01292 6.936 9.006 4.929 12.39
-13.89 -22.16 8.676 1.183 -0.1201 -0.0338 -0.1961 0.2324 141 36.56 -3.245 -19.7 41.66 507.2 0 0 0 0.006191 0.01591 0.03429 0.0383 5.937 15.26 32.88 36.73
-20.45 -15.71 14.57 1.425 -0.1103 -0.01888 -0.1579 0.1935 142 10.43 -16.8 4.336 20.24 685.3 0 0 0 0.01244 0.0129 0.01631 0.02423 11.93 12.37 15.64 23.24
33.62 24.47 6.472 1.598 -0.0519 0.04274 0.1838 0.1957 143 0.2589 2.286 14.3 14.49 596.8 0 0 0 0.01968 0.007978 0.01538 0.02622 18.87 7.65 14.75 25.14
14.5 19.84 15.73 1.758 -0.1275 -0.01657 0.1536 0.2002 144 4.007 -10.79 6.498 13.22 745.1 0 0 0 0.02855 0.007459 0.01295 0.03222 27.38 7.153 12.42 30.9
-3.269 25.47 0.1797 0.7396 -0.04588 -0.05926 0.05086 0.09057 145 -7.861 2.387 17.77 19.58 264.3 0 0 0 0.009216 0.01124 0.01166 0.01863 8.837 10.77 11.18 17.87
-2.615 -18.32 7.822 0.9773 -0.1449 -0.07429 -0.0427 0.1684 146 -6.744 8.485 -25.63 27.83 418.3 0 0 0 0.03113 0.02122 0.01559 0.04078 29.86 20.35 14.95 39.1
-46.6 -19.58 11.83 0.9359 -0.03593 -0.009215 -0.2027 0.2061 147 -14.26 -0.6536 18.41 23.3 414.8 0 0 0 0.01467 0.00659 0.009598 0.01873 14.07 6.319 9.203 17.96
0.9325 10.59 13.18 0.9744 -0.1914 0.0179 0.08847 0.2116 148 10.48 7.37 8.47 15.36 428.6 0 0 0 0.0251 0.0338 0.01381 0.04431 24.07 32.41 13.24 42.49
31.68 5.762 1.772 0.9388 -0.03978 0.04387 0.1963 0.205 149 39.33 -12 18.52 45.1 327.7 0 0 0 0.04799 0.01019 0.01691 0.05189 46.02 9.774 16.21 49.76
-35.8 2.273 6.031 0.7419 -0.0494 -0.03021 -0.2199 0.2274 150 14.56 11.56 8.375 20.39 262.2 0 0 0 0.01517 0.02472 0.008853 0.03032 14.54 23.7 8.489 29.08
-26.46 12.81 6.692 0.9164 -0.07713 -0.05254 -0.1664 0.1908 151 15.53 4.375 -26.63 31.14 334 0 0 0 0.01505 0.01049 0.005055 0.01903 14.43 10.06 4.848 18.25
16.62 28.48 8.979 1.15 -0.07987 -0.041 0.1814 0.2024 152 -8.794 14.13 -2.533 16.84 452.8 0 0 0 0.04704 0.01169 0.007904 0.04911 45.11 11.21 7.579 47.1
2.07 -6.236 5.103 0.7579 -0.1348 -0.05034 0.1352 0.1974 153 39.33 -12.35 -18.77 45.3 296.9 0 0 0 0.005358 0.05017 0.007536 0.05101 5.138 48.1 7.227 48.92
-24.42 -0.793 14.82 0.9247 -0.1109 -0.08175 -0.1572 0.209 154 -0.2387 17.67 3.325 17.99 427.4 0 0 0 0.0104 0.01146 0.01213 0.01966 9.97 10.99 11.63 18.85
8.511 26.28 5.291 0.9734 -0.1236 0.03506 0.1463 0.1947 155 12.73 16.47 10.96 23.53 360.6 0 0 0 0.04437 0.03058 0.02277 0.0585 42.55 29.32 21.83 56.1
39.97 -29.24 5.024 0.2924 -0.0002154 0.03739 0.2577 0.2604 156 -12.21 -26.49 -29.22 41.29 108.9 0 0 0 0.05576 0.006023 0.02069 0.05978 53.47 5.776 19.84 57.33
-3.412 1.154 3.892 1.222 -0.1035 -0.1051 0.06369 0.1606 157 -12.3 -7.606 -6.58 15.89 448.3 0 0 0 0.02416 0.01412 0.009321 0.02949 23.16 13.54 8.938 28.28
30.68 9.23 2.039 0.7224 0.01305 0.05899 0.2085 0.2171 158 -11.09 -16.9 10.49 22.77 251.4 0 0 0 0.01747 0.008173 0.01183 0.02263 16.75 7.838 11.35 21.7
39.06 -21.71 12.6 1.018 -0.05913 -0.006091 0.2094 0.2177 159 8.277 6.29 6.761 12.4 447.6 0 0 0 0.02088 0.008691 0.02121 0.031 20.02 8.334 20.33 29.73
-20.92 10.73 14.05 2.984 -0.1463 -0.04174 -0.1431 0.2089 160 9.455 -9.844 -3.476 14.08 1310 0 0 0 0.01306 0.02631 0.01959 0.0353 12.52 25.23 18.78 33.85
-1.008 17.92 16.47 1.099 -0.2095 -0.0211 0.04243 0.2148 161 17.77 10.31 7.158 21.76 479.8 0 0 0 0.01371 0.003094 0.01468 0.02032 13.15 2.967 14.07 19.49
-49.04 22.02 18.52 1.283 -0.07212 -0.03769 -0.1805 0.198 162 12.18 -4.89 3.412 13.56 566.1 0 0 0 0.03134 0.02285 0.02807 0.04788 30.05 21.91 26.92 45.91
37 -6.613 18.82 1.015 -0.09572 0.042 0.1796 0.2078 163 2.716 -22.62 9.827 24.81 471.3 0 0 0 0.01534 0.00606 0.006674 0.0178 14.71 5.811 6.4 17.07
-5.032 -16.31 10.71 1.332 -0.2099 -0.06013 -0.1018 0.2409 164 8.393 20.35 -0.3831 22.02 615.9 0 0 0 0.01338 0.01674 0.005004 0.02201 12.83 16.06 4.798 21.1
1.586 -26.2 16.42 0.9842 -0.2352 -0.02427 -0.04757 0.2412 165 -2.311 -11.76 29.42 31.77 472 0 0 0 0.03565 0.0129 0.02386 0.04479 34.18 12.37 22.88 42.95
32.38 -4.624 12.53 1.466 -0.08302 0.02961 0.1748 0.1958 166 11.57 3.618 25.38 28.13 669.3 0 0 0 0.02646 0.01417 0.02247 0.0375 25.37 13.59 21.55 35.96
-38.52 -18.52 9.026 0.8696 -0.05534 -0.006114 -0.2137 0.2208 167 0.02547 11.5 -2.773 11.83 357.7 0 0 0 0.02403 0.004227 0.01835 0.03053 23.04 4.054 17.59 29.27
36.16 12.28 12.44 0.6759 -0.06178 0.04453 0.1714 0.1875 168 4.554 5.925 14.47 16.29 297.8 0 0 0 0.01734 0.03132 0.008012 0.03669 16.63 30.03 7.682 35.18
38.98 2.843 0.03171 0.57 0.006164 0.04153 0.1929 0.1974 169 15.31 0.9868 7.701 17.17 199.1 0 0 0 0.01294 0.02794 0.00637 0.03145 12.41 26.8 6.109 30.15
0.1664 9.638 14.89 1.713 -0.1933 0.03753 0.08025 0.2127 170 1.343 -23.21 -1.009 23.27 762 0 0 0 0.02174 0.01075 0.01652 0.02934 20.84 10.31 15.84 28.13
47.87 -12.47 11.46 0.978 -0.05184 0.03882 0.1575 0.1703 171 1.367 -11.68 26.16 28.68 426.9 0 0 0 0.02813 0.01019 0.01983 0.0359 26.98 9.773 19.02 34.42
16.67 26.56 12.28 1.156 -0.1007 -0.03338 0.1634 0.1948 172 -6.273 4.904 -3.668 8.767 475.7 0 0 0 0.02488 0.01376 0.03694 0.04661 23.86 13.2 35.42 44.7
-39.95 -23.9 8.608 1.6 -0.06589 0.005163 -0.2132 0.2232 173 14.4 -6.316 4.254 16.29 644.7 0 0 0 0.0212 0.003815 0.0185 0.02839 20.33 3.658 17.74 27.23
21.01 -7.381 5.973 0.984 -0.02644 -0.02334 0.1935 0.1967 174 -16.69 -2.453 -2.545 17.06 387.3 0 0 0 0.001951 0.02862 0.01449 0.03214 1.871 27.44 13.89 30.82
41.85 -1.637 12.28 1.19 -0.03674 0.01214 0.1828 0.1868 175 -0.6367 6.352 10.22 12.05 533.5 0 0 0 0.02557 0.00126 0.02605 0.03652 24.52 1.208 24.98 35.02
-9.389 -12.22 19.4 0.9669 -0.1779 -0.03862 -0.09586 0.2058 176 1.645 -12.35 9.629 15.75 476 0 0 0 0.00799 0.01024 0.02715 0.0301 7.661 9.822 26.03 28.86
-18.58 -14.21 12.17 1.605 -0.1063 -0.07214 -0.1715 0.2143 177 3.185 13.17 -0.1692 13.55 744.7 0 0 0 0.01527 0.01743 0.02106 0.03131 14.64 16.72 20.19 30.02
2.203 -18.29 15.35 0.7171 -0.2621 -0.02584 0.03111 0.2652 178 20.77 -3.207 -12.5 24.45 348.8 0 0 0 0.02556 0.03389 0.02601 0.04979 24.51 32.5 24.95 47.74
-42.53 -7.438 14.01 0.7937 -0.06984 0.007972 -0.2081 0.2197 179 -6.852 -8.756 7.692 13.52 370.4 0 0 0 0.01264 0.001738 0.0066 0.01436 12.12 1.667 6.329 13.77
13.09 25.31 5.798 1.046 -0.07701 0.004267 0.1948 0.2095 180 -9.24 3.064 -1.009 9.787 387.7 0 0 0 0.003337 0.007839 0.0431 0.04393 3.2 7.517 41.33 42.13
-0.9877 10.1 2.861 0.7495 -0.07381 -0.1261 0.1457 0.2063 181 -1.891 6.836 -0.3332 7.1 257.9 0 0 0 0.007719 0.007541 0.03841 0.0399 7.402 7.231 36.84 38.26
36.22 -7.583 6.576 0.7615 -0.02798 0.02756 0.221 0.2245 182 -1.991 8.89 -6.863 11.41 300.5 0 0 0 0.0144 0.04307 0.008106 0.04614 13.81 41.3 7.773 44.24
9.94 -3.089 9.499 0.8381 -0.1102 0.03568 0.1434 0.1843 183 -11.17 -11.67 26.01 30.62 374.8 0 0 0 0.007545 0.02842 0.01298 0.03214 7.235 27.25 12.45 30.82
15.43 -1.706 5.124 0.7703 -0.05988 0.008045 0.2102 0.2187 184 8.34 -10.27 -4.178 13.87 297.7 0 0 0 0.01807 0.002575 0.01756 0.02533 17.33 2.469 16.84 24.29
12.27 1.804 17.51 0.9459 -0.1204 -0.02784 0.1355 0.1834 185 -14.31 1.025 8.819 16.84 436.1 0 0 0 0.03041 0.01463 0.01991 0.03919 29.16 14.03 19.09 37.58
29.1 -6.601 1.653 0.8129 0.006057 0.004146 0.206 0.2061 186 -3.345 8.879 12.11 15.38 281.2 0 0 0 0.005156 0.004542 0.02889 0.02969 4.944 4.356 27.7 28.47
42.72 -28.81 14.84 1.01 -0.05324 -0.003498 0.2046 0.2115 187 -9.219 -4.066 -6.404 11.94 442.8 0 0 0 0.02989 0.007363 0.02403 0.03905 28.67 7.061 23.04 37.45
-41.21 -0.7697 19.4 1.413 -0.1029 -0.01449 -0.1857 0.2128 188 4.826 6.405 -1.523 8.163 666 0 0 0 0.01852 0.006695 0.01764 0.02644 17.76 6.42 16.92 25.36
-18.84 -22.07 10.7 0.9962 -0.06811 -0.03582 -0.1657 0.1827 189 -1.638 0.2525 -4.351 4.656 443.6 0 0 0 0.02178 0.02935 0.03451 0.05027 20.89 28.15 33.09 48.21
13.89 13.31 14.25 1.256 -0.1235 -0.03931 0.1435 0.1934 190 11.65 15.98 16.29 25.63 550.1 0 0 0 0.008958 0.01296 0.01318 0.02054 8.59 12.43 12.64 19.7
13.82 3.059 9.999 0.815 -0.1036 -0.02071 0.177 0.2062 191 6.044 13.16 6.304 15.8 364 0 0 0 0.009239 0.01426 0.0079 0.01874 8.859 13.67 7.575 17.97
23.02 -27.19 16.53 1.655 -0.1035 0.03635 0.15 0.1858 192 -1.621 -11.86 8.008 14.4 764.8 0 0 0 0.02024 0.009538 0.007262 0.02353 19.41 9.146 6.964 22.56
-47.16 27.7 15.73 1.064 -0.07381 0.0115 -0.2061 0.2192 193 8.732 5.26 9.045 13.63 442.1 0 0 0 0.0264 0.002589 0.01616 0.03106 25.32 2.482 15.49 29.79
32.89 25.41 3.906 1.225 -0.04389 0.05175 0.2187 0.229 194 4.499 -9.015 -11.42 15.23 426.6 0 0 0 0.01554 0.004858 0.01489 0.02206 14.9 4.659 14.27 21.15
-16.52 -13.51 13.98 1.185 -0.1101 -0.04958 -0.1424 0.1867 195 -27.09 -7.755 -5.083 28.64 572 0 0 0 0.0187 0.05083 0.01561 0.05636 17.93 48.74 14.96 54.05
25.92 -17.66 1.983 0.8017 -0.01844 -0.01197 0.202 0.2032 196 15.69 34.79 6.353 38.69 287.4 0 0 0 0.02122 0.02806 0.00796 0.03607 20.35 26.91 7.633 34.59
-4.617 -1.783 1.245 0.3895 -0.1108 -0.1145 0.006678 0.1595 197 -33.21 25.31 -10.45 43.04 135.6 0 0 0 0.0008547 0.01804 0.009133 0.02023 0.8196 17.29 8.758 19.4
12.92 20.29 18.56 1.25 -0.1422 -0.04132 0.1435 0.2062 198 2.984 14.59 -8.557 17.18 524.9 0 0 0 0.009296 0.0126 0.01621 0.02254 8.914 12.08 15.54 21.61
8.359 20.79 10.2 1.583 -0.113 0.009468 0.1578 0.1943 199 -18.57 0.7672 -4.544 19.13 664.6 0 0 0 0.01388 0.005801 0.02441 0.02868 13.31 5.562 23.41 27.5
19.46 7.913 7.755 0.7571 -0.04194 -0.05781 0.2227 0.2339 200 -0.4117 35.38 -18.82 40.08 311.7 0 0 0 0.02449 0.007987 0.02081 0.03312 23.49 7.659 19.96 31.76
-22.74 -21.31 7.427 0.6233 -0.05838 -0.04608 -0.188 0.2022 201 17.15 16.32 9.98 25.69 251.7 0 0 0 0.01386 0.007862 0.0111 0.01942 13.29 7.539 10.64 18.62
-25.97 -22.38 13.22 1.107 -0.07491 -0.01398 -0.161 0.1782 202 -4.739 -12.09 -15.2 19.99 513.6 0 0 0 0.01333 0.009351 0.02328 0.02841 12.79 8.967 22.32 27.24
-5.912 -14.11 16.35 0.8728 -0.206 -0.02088 -0.08051 0.2222 203 1.967 -5.426 5.673 8.093 430.4 0 0 0 0.02296 0.004545 0.0131 0.02682 22.02 4.358 12.56 25.72
-23.48 -15.57 10.35 0.8632 -0.09717 -0.04296 -0.1963 0.2232 204 22.87 6.812 19.67 30.93 380.6 0 0 0 0.0404 0.00683 0.02329 0.04713 38.74 6.549 22.34 45.19
37.86 22.66 6.528 0.9662 -0.03908 0.07796 0.1628 0.1847 205 5.972 -10.15 20.39 23.54 367.2 0 0 0 0.008017 0.01423 0.006091 0.01743 7.688 13.64 5.84 16.71
25.28 -2.986 0.289 0.9138 0.02013 -0.002741 0.2062 0.2072 206 -2.636 10.76 -14.33 18.11 317 0 0 0 0.006084 0.02161 0.004515 0.0229 5.834 20.72 4.33 21.96
3.173 28.47 3.33 0.992 -0.1181 0.01001 0.1429 0.1857 207 18.42 -10.42 5.231 21.8 368.4 0 0 0 0.03175 0.001003 0.02566 0.04084 30.45 0.9616 24.6 39.16
-9.869 11.97 18.4 1.337 -0.2002 -0.01581 -0.03913 0.2046 208 12.95 -10.29 -5.494 17.43 588.1 0 0 0 0.005803 0.006099 0.01306 0.01554 5.564 5.848 12.52 14.9
33.11 -13.66 13.2 1.17 -0.1024 0.01744 0.1847 0.2119 209 33.02 -7.818 18.38 38.59 536.7 0 0 0 0.01898 0.01185 0.008031 0.02377 18.2 11.36 7.701 22.8
25.45 22.13 9.531 0.8972 -0.07431 -0.00412 0.1718 0.1873 210 12.44 3.022 4.613 13.61 359.2 0 0 0 0.02683 0.01237 0.01677 0.03397 25.73 11.86 16.08 32.58
-31.37 -6.581 14.38 1.553 -0.1145 -0.02258 -0.1718 0.2077 211 16.45 10.74 -9.103 21.65 732.8 0 0 0 0.02077 0.001123 0.04253 0.04734 19.92 1.077 40.78 45.4
-33.7 24.69 15.67 1.589 -0.1332 -0.01032 -0.1899 0.2322 212 12.48 -1.888 3.361 13.06 686 0 0 0 0.01137 0.003608 0.004953 0.01292 10.9 3.459 4.75 12.39
-0.6514 29.64 10.35 1.53 -0.2185 0.02332 0.03486 0.2225 213 20.56 24.33 27.85 42.31 652.6 0 0 0 0.0119 0.02622 0.01167 0.03107 11.41 25.14 11.19 29.79
9.496 9.688 0.7476 1.23 -0.02105 0.04489 0.2136 0.2193 214 12.1 10.51 1.993 16.15 417.2 0 0 0 0.01841 0.02748 0.0213 0.03935 17.66 26.35 20.43 37.73
-44.61 -0.9239 12.05 1.434 -0.05709 -0.01339 -0.2072 0.2154 215 -5.718 -3.289 14.88 16.28 622.2 0 0 0 0.008247 0.00337 0.01102 0.01417 7.908 3.231 10.57 13.59
-46.65 1.358 14.21 2.158 -0.07026 -0.0113 -0.1943 0.2069 216 5.365 -2.419 7.92 9.867 970.2 0 0 0 0.01845 0.003962 0.01069 0.02169 17.69 3.799 10.25 20.8
-40.58 -20.76 19.44 2.017 -0.104 -0.02851 -0.1604 0.1933 217 12.12 15.84 -5.083 20.58 1013 0 0 0 0.02974 0.004919 0.01601 0.03413 28.51 4.717 15.35 32.73
1.975 -9.196 6.256 0.8264 -0.1253 -0.07672 0.1142 0.1861 218 2.793 13.55 -30.41 33.41 335.3 0 0 0 0.008168 0.03679 0.02095 0.04312 7.832 35.28 20.09 41.34
28.01 -20.22 0.5529 0.3705 0.00779 0.0192 0.2393 0.2402 219 3.676 13.77 -35.63 38.37 133.8 0 0 0 0.02181 0.02414 0.01063 0.03423 20.92 23.15 10.2 32.82
-2.841 -13.46 14.27 1.462 -0.2332 -0.03067 -0.03979 0.2386 220 2.122 7.095 -0.8717 7.456 714.6 0 0 0 0.02833 0.0112 0.01869 0.03574 27.17 10.74 17.92 34.27
-19.37 -4.325 7.65 0.7947 -0.08319 -0.02277 -0.1611 0.1827 221 -11.45 -3.754 -31.42 33.65 320.3 0 0 0 0.01595 0.03092 0.03731 0.05101 15.29 29.65 35.78 48.92
-18.41 4.111 12.98 1.422 -0.1504 -0.02627 -0.1404 0.2074 222 1.834 -3.325 1.168 3.973 632.5 0 0 0 0.006672 0.01492 0.002652 0.01656 6.398 14.31 2.543 15.88
-48.03 27.29 17.07 0.9263 -0.03517 -0.02105 -0.1805 0.1851 223 -16.32 7.45 -2.537 18.11 383.7 0 0 0 0.01115 0.009583 0.02576 0.02966 10.69 9.189 24.7 28.44
4.696 20.45 12.2 1.251 -0.1602 0.04196 0.1094 0.1984 224 3.994 -24.08 4.462 24.81 537.8 0 0 0 0.01664 0.02833 0.02649 0.04221 15.96 27.17 25.4 40.47
32.75 -3.412 12.82 0.8531 -0.05806 0.03177 0.1955 0.2064 225 -2.64 -7.935 5.591 10.06 390.7 0 0 0 0.01611 0.01108 0.02909 0.03505 15.45 10.63 27.89 33.61
-1.963 16.16 11.55 1.352 -0.1757 0.03424 0.06627 0.1909 226 -4.813 4.144 -6.195 8.872 580 0 0 0 0.0126 0.004335 0.01543 0.02038 12.08 4.157 14.79 19.55
33.22 -14.97 1.725 0.6504 0.0032 0.04759 0.2372 0.2419 227 3.807 -23.77 -5.31 24.65 228 0 0 0 0.03201 0.0172 0.02076 0.04185 30.69 16.5 19.91 40.13
7.483 16.73 7.933 1.366 -0.1046 0.06913 0.1645 0.2068 228 -5.083 -11.68 -3.652 13.25 544.6 0 0 0 0.03517 0.02205 0.01582 0.04442 33.73 21.14 15.17 42.6
-28.31 29.99 8.333 1.74 -0.1013 -0.05769 -0.1486 0.1889 229 -9.752 10.15 -34.73 37.48 687.2 0 0 0 0.03594 0.04228 0.01164 0.0567 34.46 40.54 11.17 54.37
23.04 29.03 2.149 0.62 -0.01774 -0.04905 0.1918 0.1988 230 -9.643 23.92 6.568 26.61 206 0 0 0 0.02006 0.04002 0.01563 0.04742 19.23 38.38 14.99 45.47
-17.9 16.17 2.021 1.212 -0.0688 -0.02264 -0.1722 0.1868 231 4.573 2.305 -7.838 9.363 394.6 0 0 0 0.0228 0.001901 0.02212 0.03183 21.87 1.822 21.21 30.52
-4.034 -12.47 8.589 0.6734 -0.1383 -0.06232 -0.05038 0.1598 232 -18.93 19.51 -4.396 27.54 294.1 0 0 0 0.03093 0.0203 0.04385 0.05737 29.66 19.46 42.05 55.02
15.71 -28.88 4.459 0.8752 -0.03091 0.009252 0.2112 0.2136 233 -29.76 1.358 23.34 37.84 339.2 0 0 0 0.002196 0.01305 0.004373 0.01394 2.106 12.52 4.193 13.37
33.18 20.52 13.03 1.29 -0.05777 0.04255 0.1638 0.1788 234 -6.867 -22.65 15.99 28.57 542.2 0 0 0 0.03637 0.01368 0.01507 0.04168 34.87 13.12 14.45 39.96
21.55 -24.05 10.12 0.9511 -0.08891 0.01286 0.1884 0.2088 235 1.952 14.26 -2.398 14.59 418.4 0 0 0 0.0354 0.0329 0.02116 0.05275 33.94 31.55 20.29 50.59
36.31 -20.31 2.871 0.5451 0.003792 0.01002 0.2468 0.2471 236 -11.04 8.336 -18.91 23.43 198.6 0 0 0 0.05064 0.01657 0.04597 0.07037 48.56 15.89 44.08 67.48
19.62 -7.415 8.574 0.6761 -0.07507 -0.01519 0.2075 0.2212 237 7.878 -1.475 -16.63 18.46 288.5 0 0 0 0.01564 0.005938 0.02347 0.02882 15 5.694 22.5 27.64
-14.12 -30.09 2.499 0.3922 -0.01409 -0.01689 -0.2385 0.2395 238 14.03 -19.4 6.427 24.79 146.1 0 0 0 0.049 0.02593 0.02237 0.05978 46.99 24.87 21.45 57.33
36.31 -1.337 9.007 1.225 -0.04747 0.02433 0.2247 0.2309 239 12.02 14.03 -15.87 24.36 522.2 0 0 0 0.01884 0.02425 0.02115 0.03729 18.07 23.25 20.28 35.76
-39.01 26.14 10.43 2.022 -0.07094 -0.009343 -0.2161 0.2276 240 -12.01 3.59 9.333 15.63 818.5 0 0 0 0.0111 0.003346 0.007199 0.01365 10.65 3.209 6.903 13.09
-9.372 -25.33 15.77 1.056 -0.1723 -0.04859 -0.1458 0.2309 241 6.103 13.99 1.01 15.3 509.1 0 0 0 0.01263 0.01816 0.01192 0.02513 12.11 17.42 11.43 24.1
-30.08 18.78 7.08 0.823 -0.09234 -0.04202 -0.169 0.1971 242 23.12 -5.365 -29.66 37.99 311.9 0 0 0 0.02413 0.01595 0.0271 0.03964 23.14 15.3 25.99 38.01
-46.82 1.868 18.44 0.8939 -0.08412 -0.005313 -0.1841 0.2025 243 -0.3636 -13.44 6.287 14.84 416.7 0 0 0 0.04298 0.01126 0.01128 0.04584 41.22 10.79 10.82 43.96
43.39 1.324 8.648 0.7064 -0.02298 0.008198 0.1972 0.1987 244 -6.095 19.18 3.258 20.39 297 0 0 0 0.01531 0.01091 0.01806 0.02607 14.68 10.46 17.32 25
-41.81 19.36 5.721 0.8802 -0.0456 -0.01126 -0.2207 0.2257 245 -4.253 3.279 -4.247 6.847 319.4 0 0 0 0.01376 0.0009391 0.01862 0.02317 13.2 0.9005 17.85 22.22
-42.83 -19.75 11.27 0.7525 -0.09365 0.01725 -0.1796 0.2033 246 35.66 -27.21 -13.56 46.86 328.5 0 0 0 0.02495 0.008569 0.02081 0.0336 23.93 8.217 19.95 32.22
-48 -22.79 19.65 1.542 -0.07648 -0.01168 -0.1712 0.1879 247 3.758 -8.253 4.226 10 775.5 0 0 0 0.01045 0.009103 0.02129 0.02541 10.02 8.729 20.42 24.36
-7.507 3.599 1.635 0.5198 -0.1442 -0.08624 -0.01288 0.1685 248 1.496 9.059 -5.38 10.64 175.4 0 0 0 0.01914 0.02428 0.02122 0.0375 18.36 23.28 20.35 35.96
-12.57 27.26 9.573 1.463 -0.2125 0.01077 -0.08387 0.2287 249 10.31 17.53 2.013 20.44 616.1 0 0 0 0.04198 0.0363 0.008535 0.05615 40.25 34.81 8.185 53.84
28.3 11.32 2.158 1.208 -0.02316 0.02493 0.183 0.1861 250 16.18 -3.489 23.8 28.98 419.7 0 0 0 0.01579 0.001564 0.01852 0.02439 15.14 1.5 17.76 23.38
19.8 -11.6 12.64 0.9199 -0.09039 -0.002846 0.1893 0.2098 251 -0.3056 -16.88 -18.57 25.09 431.7 0 0 0 0.01213 0.02208 0.04706 0.05338 11.63 21.18 45.13 51.19
3.239 -21.03 2.196 0.7632 -0.1089 -0.02187 0.1066 0.154 252 18.91 8.934 -14.6 25.51 290.2 0 0 0 0.003007 0.002595 0.002231 0.004555 2.884 2.488 2.139 4.368
-2.265 -8.891 10.59 1.615 -0.1759 -0.02665 -0.0004043 0.1779 253 1.265 2.935 0.6494 3.261 743.9 0 0 0 0.002416 0.004786 0.002684 0.005995 2.317 4.589 2.574 5.749
28.92 -15.98 15.58 0.8443 -0.09117 0.0207 0.1882 0.2102 254 3.939 -7.341 4.176 9.319 396.3 0 0 0 0.01297 0.00599 0.03395 0.03684 12.43 5.744 32.56 35.32
-4.584 -26.39 18.91 1.701 -0.1966 -0.0288 -0.08944 0.2179 255 -1.301 -5.704 7.725 9.691 827.3 0 0 0 0.01334 0.013 0.02493 0.03112 12.79 12.47 23.9 29.84
-35.65 -18.57 10.22 1.46 -0.09766 -0.003597 -0.2104 0.232 256 18.56 -1.666 1.63 18.71 623.8 0 0 0 0.01619 0.003211 0.02035 0.0262 15.52 3.08 19.52 25.13
-21.94 -1.222 10.88 1.67 -0.09849 -0.05 -0.17 0.2027 257 -4.418 -2.364 -0.7953 5.074 729.7 0 0 0 0.01627 0.004986 0.009305 0.0194 15.6 4.781 8.923 18.6
16.52 15.57 11.44 1.46 -0.09448 -0.02316 0.1727 0.1982 258 -4.979 -1.05 5.203 7.277 622.7 0 0 0 0.01455 0.01621 0.01176 0.02475 13.95 15.54 11.28 23.74
-27.08 -7.629 10.85 1.765 -0.06453 -0.04952 -0.1602 0.1796 259 -14.15 -8.311 -14.28 21.75 778.8 0 0 0 0.04501 0.0396 0.01719 0.06237 43.16 37.97 16.48 59.81
39.72 -17.2 12.35 0.9498 -0.07218 -0.008565 0.1995 0.2123 260 24.91 9.705 -5.418 27.27 420.2 0 0 0 0.02404 0.003884 0.02591 0.03555 23.05 3.725 24.84 34.09
-21.22 -3.375 13.47 0.1923 0.06085 -0.04822 -0.01903 0.07994 261 -134.7 -0.4351 -101.9 168.9 89.23 0 0 0 0.03604 0.01996 0.06127 0.07383 34.56 19.14 58.75 70.8
-47.77 22.89 6.972 0.7312 -0.0001936 -0.008693 -0.2446 0.2447 262 -11.74 10.04 21.22 26.25 274.6 0 0 0 0.02189 0.001688 0.01996 0.02967 20.99 1.619 19.14 28.45
48.45 -22.99 16.4 0.7566 -0.1055 0.01757 0.1188 0.1599 263 49.36 -10.77 55.95 75.38 345.5 0 0 0 0.08493 0.006626 0.06562 0.1075 81.45 6.354 62.92 103.1
20.7 -17.83 0.5283 0.773 -0.02785 0.01892 0.1987 0.2015 264 16.04 2.933 17.91 24.22 279.9 0 0 0 0.01564 0.008648 0.02367 0.02966 15 8.293 22.7 28.44
-6.708 -18.05 5.072 1.249 -0.1221 -0.02091 -0.1779 0.2168 265 22.77 -13.58 11.34 28.84 492.1 0 0 0 0.04786 0.01766 0.01603 0.05348 45.9 16.94 15.37 51.28
-30.72 12.43 14.91 1.351 -0.09997 -0.01193 -0.1917 0.2165 266 2.26 -17.82 2.445 18.13 595.7 0 0 0 0.02019 0.02061 0.01959 0.03488 19.36 19.76 18.79 33.44
1.098 -9.48 3.185 0.8766 -0.07432 -0.05924 0.08094 0.1248 267 -22.01 -17.89 10.67 30.3 324.2 0 0 0 0.01108 0.02054 0.004923 0.02385 10.62 19.7 4.721 22.87
-10.84 -12.62 15.76 1.251 -0.1568 -0.01931 -0.1422 0.2126 268 -21.72 -17.32 15.94 32.03 612.1 0 0 0 0.008399 0.004278 0.006195 0.01128 8.054 4.102 5.94 10.82
13.86 -5.456 13.93 0.866 -0.09862 -0.01805 0.1582 0.1873 269 -25.06 3.262 0.1486 25.27 414.8 0 0 0 0.03241 0.008977 0.02605 0.04254 31.08 8.609 24.98 40.79
13.48 -8.266 6.429 0.7646 -0.09082 0.0147 0.1974 0.2178 270 -6.817 8.041 15.48 18.73 309.9 0 0 0 0.01177 0.01298 0.01172 0.02108 11.28 12.45 11.23 20.21
-14.75 22.36 11.57 1.338 -0.1849 0.02112 -0.1039 0.2132 271 -1.872 -1.499 -9.54 9.837 578.1 0 0 0 0.02536 0.01051 0.02112 0.03463 24.32 10.08 20.25 33.21
1.313 -20.54 1.166 0.3349 -0.07617 0.02653 -0.0008864 0.08066 272 13.98 -14.24 1.013 19.98 125.9 0 0 0 0.04241 0.003813 0.03673 0.05624 40.67 3.657 35.22 53.93
-16.54 24.75 17.04 1.331 -0.198 -0.06438 -0.1389 0.2503 273 -2.126 26.59 32.72 42.22 576.9 0 0 0 0.02522 0.004404 0.02897 0.03866 24.19 4.223 27.78 37.07
-12.65 13.23 13.5 1.136 -0.1901 -0.01082 -0.08551 0.2088 274 4.573 8.511 -4.103 10.5 493.8 0 0 0 0.004396 0.003078 0.007657 0.00935 4.215 2.952 7.342 8.966
34.21 27.98 16.54 0.8469 -0.1149 0.02423 0.1311 0.176 275 10.63 7.541 18.67 22.77 329.9 0 0 0 0.03459 0.01953 0.01848 0.04381 33.17 18.73 17.72 42.01
36.01 -0.682 12.57 2.343 -0.05266 0.03781 0.2027 0.2128 276 5.191 0.8956 -4.473 6.91 1062 0 0 0 0.003763 0.01204 0.005151 0.01363 3.608 11.55 4.939 13.07
39.2 2.877 19.12 0.3292 -0.1386 0.03392 0.1023 0.1756 277 60.99 -9.238 73.45 95.92 148.5 0 0 0 0.05098 0.01894 0.02943 0.06183 48.88 18.16 28.22 59.29
-36.29 -7.23 16.31 1.197 -0.1202 -0.004366 -0.211 0.2428 278 16.86 5.227 -2.568 17.84 572.8 0 0 0 0.007787 0.004653 0.02256 0.02432 7.467 4.462 21.63 23.32
31.24 14.62 7.058 0.5544 -0.04445 0.01238 0.2229 0.2277 279 4.991 22.55 -13.6 26.8 220.7 0 0 0 0.009595 0.0179 0.01696 0.02646 9.201 17.17 16.26 25.37
-13.95 18.01 18.83 1.359 -0.1767 -0.04199 -0.07625 0.197 280 -7.46 -1.319 -3.032 8.159 596.5 0 0 0 0.01822 0.01571 0.01194 0.02686 17.47 15.07 11.45 25.76
19.79 -18.38 9.206 1.044 -0.07741 -0.007289 0.1942 0.2092 281 -15.86 4.34 -4.627 17.08 455.4 0 0 0 0.03205 0.006328 0.03324 0.0466 30.73 6.068 31.87 44.69
-38.07 3.519 9.324 0.8046 -0.03558 -0.02175 -0.2079 0.212 282 -15.09 12.01 -3.274 19.57 319 0 0 0 0.03067 0.01001 0.02615 0.04153 29.41 9.599 25.08 39.82
-25.35 11.79 16.07 1.378 -0.111 -0.06796 -0.1655 0.2105 283 -3.206 15.66 18.17 24.2 608.6 0 0 0 0.03068 0.0366 0.02462 0.05373 29.42 35.09 23.61 51.52
-5.929 28.08 1.959 0.9181 -0.1084 -0.06003 0.05094 0.134 284 -3.234 -2.007 -31.95 32.17 340.3 0 0 0 0.01806 0.01674 0.01721 0.03004 17.32 16.05 16.5 28.81
-49.51 18.51 19.57 1.285 -0.01706 -0.02257 -0.1797 0.1819 285 -17.84 13.12 2.613 22.3 575.7 0 0 0 0.01156 0.008706 0.004856 0.01527 11.09 8.348 4.656 14.64
-16.35 -28.65 11.49 1.062 -0.08732 -0.02666 -0.1707 0.1936 286 -9.569 11.96 -13.55 20.45 467.9 0 0 0 0.02843 0.005141 0.01962 0.03492 27.26 4.929 18.82 33.49
36.63 10.01 19.5 1.638 -0.07911 0.0714 0.1623 0.1942 287 -2.254 -15.68 6.72 17.21 714.5 0 0 0 0.01324 0.0223 0.01064 0.02803 12.7 21.38 10.2 26.88
-30.96 6.196 10.75 1.55 -0.08261 -0.05665 -0.1921 0.2166 288 17.34 11.39 10.62 23.3 641.1 0 0 0 0.02582 0.006224 0.02753 0.03825 24.75 5.969 26.4 36.68
-10.81 15.44 1.683 0.6309 -0.08816 -0.03096 -0.01321 0.09437 289 4.841 -18.03 -27.64 33.35 207.9 0 0 0 0.01135 0.02944 0.01157 0.03361 10.88 28.23 11.09 32.23
32.45 12.36 9.687 1.334 -0.07581 -0.0007395 0.1941 0.2084 290 23.12 26.15 12.76 37.16 574.9 0 0 0 0.01489 0.01026 0.0043 0.01859 14.28 9.84 4.123 17.82
23.72 21.58 10.04 0.9773 -0.05744 0.002602 0.2004 0.2085 291 -4.605 -14.67 -21.39 26.34 396.7 0 0 0 0.04067 0.009117 0.01627 0.04474 39 8.743 15.6 42.91
8.845 10.14 5.739 1.088 -0.07783 0.06007 0.1933 0.2169 292 1.038 -2.729 4.821 5.636 416.6 0 0 0 0.01026 0.02237 0.02558 0.0355 9.84 21.45 24.53 34.04
0.8108 17.12 9.57 0.8614 -0.1431 0.03325 0.1016 0.1786 293 -9.989 0.278 -5.43 11.37 359.3 0 0 0 0.03371 0.02199 0.02288 0.0463 32.33 21.09 21.94 44.4
-3.331 -25.79 12.58 1.541 -0.2069 -0.01448 -0.09917 0.2299 294 0.5221 -19.6 -8.033 21.19 715.3 0 0 0 0.008802 0.01363 0.01066 0.01941 8.44 13.07 10.22 18.61
-35.62 -21.25 8.838 1.353 -0.07028 -0.01046 -0.2268 0.2376 295 2.618 13.53 9.802 16.91 553.7 0 0 0 0.01128 0.0106 0.006617 0.01683 10.82 10.16 6.345 16.14
-30.91 -8.478 15.8 1.474 -0.07321 -0.02854 -0.1768 0.1935 296 -26.7 10.12 -9.427 30.07 705 0 0 0 0.01056 0.006211 0.0192 0.02278 10.13 5.956 18.41 21.84
4.823 -12.83 11.45 1.188 -0.2133 -0.0121 0.1159 0.2431 297 9.187 9.669 -25.32 28.62 553.9 0 0 0 0.009945 0.01104 0.02454 0.02869 9.537 10.59 23.53 27.51
27.36 -8.567 14.15 0.8926 -0.09094 0.001363 0.1826 0.204 298 9.839 10.77 12.48 19.2 420.4 0 0 0 0.02488 0.01433 0.01809 0.03393 23.85 13.74 17.34 32.54
13.38 -27.74 13.22 1.18 -0.1723 -0.0007247 0.1566 0.2328 299 -4.962 -12.59 -0.8165 13.56 541.8 0 0 0 0.001599 0.007322 0.003583 0.008307 1.533 7.021 3.436 7.966
-10.3 -2.965 11.13 1.649 -0.1678 -0.04377 -0.1031 0.2017 300 -9.212 19.18 10.05 23.53 748.7 0 0 0 0.006969 0.003444 0.01576 0.01757 6.683 3.303 15.11 16.85
-3.669 7.511 9.53 0.6529 -0.129 -0.02046 0.03664 0.1356 301 -8.381 -22.81 17.5 29.95 278.4 0 0 0 0.007907 0.03943 0.001969 0.04026 7.582 37.81 1.888 38.61
8.575 27.12 16.22 1.231 -0.1364 -0.04245 0.1078 0.179 302 -22.22 -1.089 17.93 28.57 520.5 0 0 0 0.01564 0.01063 0.01158 0.02217 15 10.19 11.1 21.26
30.66 -12.75 9.561 1.053 -0.04876 0.02623 0.2063 0.2136 303 2.755 3.251 6.089 7.432 457.8 0 0 0 0.01988 0.03771 0.02091 0.04748 19.06 36.16 20.05 45.53
-42.63 26.72 12.59 1.884 -0.101 0.0214 -0.1753 0.2035 304 16.4 -3.422 -20.79 26.7 778.2 0 0 0 0.01581 0.005097 0.03335 0.03726 15.16 4.888 31.98 35.73
30.87 -23.45 10.97 1.27 -0.05481 0.01274 0.2286 0.2354 305 5.968 -8.548 -9.553 14.14 549.3 0 0 0 0.007647 0.002915 0.004134 0.009169 7.333 2.796 3.964 8.792
8.622 9.193 0.7285 0.6802 -0.01082 0.04711 0.2037 0.2093 306 -10.64 10.98 6.572 16.65 230.9 0 0 0 0.0261 0.02608 0.02971 0.04737 25.03 25.01 28.49 45.43
17.11 -3.225 2.326 0.5385 -0.01191 0.01828 0.218 0.2191 307 -9.172 -10.69 -10 17.27 190.4 0 0 0 0.01979 0.006418 0.01551 0.02595 18.97 6.154 14.87 24.88
-20.23 -18.64 3.964 0.7406 -0.02641 -0.03175 -0.2203 0.2242 308 -3.13 -13.65 11.59 18.18 272.4 0 0 0 0.01139 0.03808 0.01466 0.04236 10.92 36.51 14.06 40.62
-11.54 30.63 12.84 1.411 -0.2226 0.03341 -0.05228 0.2311 309 2.43 -21.16 3.417 21.57 606.4 0 0 0 0.02446 0.006553 0.02307 0.03426 23.46 6.283 22.12 32.85
-3.497 -25.21 13.49 0.9858 -0.2234 -0.01799 -0.1006 0.2457 310 -0.3438 -3.016 -2.137 3.712 466.3 0 0 0 0.01857 0.007483 0.02557 0.03248 17.81 7.176 24.52 31.14
11.53 -22.05 16.88 1.119 -0.1712 -0.003921 0.0989 0.1977 311 -17.42 0.04244 7.785 19.08 539.5 0 0 0 0.008624 0.007486 0.01889 0.02208 8.27 7.178 18.12 21.17
39.91 -6.338 13.93 1.028 -0.04118 0.02591 0.2037 0.2094 312 -4.554 -2.307 4.718 6.951 472 0 0 0 0.004518 0.01032 0.0146 0.01844 4.332 9.891 14 17.68
-30.98 -5.255 0.5399 0.9779 -0.02217 -0.09348 -0.188 0.2111 313 12.29 41.66 4.125 43.63 316.8 0 0 0 0.007575 0.03553 0.004893 0.03665 7.264 34.07 4.692 35.15
18.78 -5.395 9.307 0.7029 -0.06345 -0.01305 0.1724 0.1842 314 -6.541 -5.637 15.45 17.69 305.4 0 0 0 0.03249 0.0117 0.02232 0.04112 31.15 11.22 21.4 39.43
-40.35 15.42 14.58 1.634 -0.07347 -0.001147 -0.182 0.1963 315 -9.812 -4.067 -14.56 18.02 721.2 0 0 0 0.01427 0.003201 0.02468 0.02868 13.68 3.069 23.66 27.51
10.42 20.88 14.63 1.378 -0.1382 -0.03941 0.1401 0.2007 316 -10.02 16.34 5.015 19.81 590.8 0 0 0 0.00613 0.006135 0.008089 0.01186 5.878 5.883 7.757 11.37
-30.45 -27.88 16.24 1.134 -0.0918 -0.01061 -0.1893 0.2107 317 -8.036 -5.042 -9.129 13.17 538.4 0 0 0 0.009739 0.004549 0.01741 0.02046 9.339 4.362 16.7 19.62
-9.774 -8.564 2.076 0.3805 -0.04951 -0.0849 -0.1261 0.1599 318 12.87 11.48 -10.26 20.06 133.9 0 0 0 0.01516 0.02607 0.008402 0.0313 14.53 25 8.057 30.02
-11.4 -7.367 14.17 1.444 -0.1553 -0.04493 -0.08783 0.184 319 -28.75 18.06 -28.29 44.19 696.7 0 0 0 0.01839 0.01213 0.02682 0.03471 17.63 11.63 25.72 33.28
4.86 -16.79 0.2596 0.6005 -0.005279 0.008865 0.1623 0.1627 320 -7.721 -44.67 -6.967 45.86 219.8 0 0 0 0.008741 0.03102 0.01142 0.03419 8.382 29.75 10.95 32.79
-39.39 20.11 4.903 0.9582 -0.04661 -0.0137 -0.2169 0.2223 321 -9.71 4.776 -6.659 12.71 342.5 0 0 0 0.01963 0.004437 0.01881 0.02755 18.83 4.255 18.04 26.42
40.13 -28.75 16.68 0.9049 -0.08759 -0.01762 0.1755 0.1969 322 15.97 -3.132 14.71 21.94 404 0 0 0 0.02816 0.01404 0.004271 0.03175 27 13.46 4.096 30.45
-10.62 -7.942 8.555 1.139 -0.1511 -0.02905 -0.1206 0.1955 323 2.477 -1.08 -14 14.25 488 0 0 0 0.03113 0.00483 0.02075 0.03773 29.86 4.632 19.9 36.18
22.64 -9.861 9.85 0.9111 -0.06538 -0.01015 0.1848 0.1963 324 -1.749 -8.291 -7.455 11.29 403.4 0 0 0 0.02978 0.005095 0.03091 0.04322 28.55 4.885 29.64 41.45
-24.74 -18.1 13.5 0.7877 -0.08403 -0.01891 -0.1821 0.2014 325 5.533 -25.83 16.42 31.1 369.9 0 0 0 0.01768 0.04011 0.03496 0.05607 16.95 38.46 33.52 53.76
30.15 -20.75 0.9891 1.048 0.01441 0.0532 0.184 0.192 326 -0.747 -24.62 27 36.55 378.6 0 0 0 0.02411 0.02486 0.01785 0.03896 23.12 23.84 17.11 37.36
33.81 -5.067 15.87 0.8732 -0.0528 0.02839 0.2012 0.2099 327 -18.68 5.828 -14.42 24.31 405.7 0 0 0 0.01948 0.02823 0.02327 0.04145 18.68 27.07 22.32 39.75
-22.16 -5.2 18.59 1.191 -0.1289 -0.05323 -0.1241 0.1867 328 -1.253 6.26 -9.518 11.46 569.4 0 0 0 0.01687 0.02187 0.02115 0.03478 16.18 20.97 20.28 33.36
1.907 4.483 6.802 1.741 -0.107 -0.03346 0.1146 0.1603 329 8.315 5.716 18.68 21.23 702.7 0 0 0 0.03408 0.02242 0.03526 0.05392 32.68 21.5 33.81 51.71
37.12 -9.83 7.271 0.5157 -0.03115 0.03855 0.2039 0.2098 330 1.727 -1.195 -1.924 2.849 207.8 0 0 0 0.0151 0.01005 0.01433 0.02312 14.48 9.638 13.74 22.17
-46.59 -16.97 15.41 1.68 -0.05371 -0.0007207 -0.1798 0.1877 331 -8.281 5.7 7.408 12.49 808.3 0 0 0 0.0106 0.001502 0.01709 0.02017 10.16 1.44 16.39 19.34
-8.855 28.55 15.53 1.397 -0.218 -0.01698 -0.04832 0.224 332 -20.66 -1.188 11.04 23.45 605.2 0 0 0 0.01831 0.02207 0.02247 0.03643 17.55 21.17 21.55 34.94
40.22 -7.823 14.65 0.803 -0.06215 0.03774 0.1969 0.2099 333 -2.008 -18.73 -0.7513 18.86 369.2 0 0 0 0.01315 0.02043 0.01009 0.02631 12.61 19.59 9.674 25.23
39.15 -26.69 18.92 1.06 -0.07607 -0.02251 0.1816 0.1982 334 -12.36 3.128 -4.417 13.49 483.5 0 0 0 0.009924 0.004472 0.03339 0.03512 9.516 4.288 32.02 33.68
-32.7 0.9365 17.02 1.021 -0.1183 0.01074 -0.1829 0.218 335 4.514 -7.946 2.989 9.615 470.3 0 0 0 0.006575 0.007686 0.01246 0.01605 6.305 7.371 11.95 15.39
8.63 -29.88 18.36 1.71 -0.2252 -0.01062 0.04699 0.2303 336 18.77 0.4499 22.55 29.34 807.2 0 0 0 0.01105 0.0006583 0.01674 0.02007 10.6 0.6312 16.05 19.24
37.37 9.214 6.265 0.8023 -0.02806 0.03257 0.2059 0.2103 337 7.585 2.273 -9.671 12.5 318.7 0 0 0 0.02011 0.01945 0.02356 0.03657 19.29 18.65 22.59 35.07
19.48 -9.157 1.374 0.907 -0.001839 0.02557 0.2409 0.2423 338 3.383 -18.82 -22.75 29.72 321 0 0 0 0.03334 0.01026 0.01097 0.03657 31.97 9.839 10.52 35.06
34.65 -16.48 9.052 1.117 -0.04482 0.04978 0.2083 0.2188 339 6.961 -23 8.13 25.37 470.4 0 0 0 0.01266 0.02303 0.01178 0.0288 12.14 22.09 11.3 27.62
-7.509 9.484 18.22 0.9037 -0.1905 -0.04143 -0.009631 0.1952 340 -12.05 19.16 -1.892 22.71 400.5 0 0 0 0.0106 0.02027 0.004043 0.02323 10.16 19.44 3.877 22.28
-36.38 -28.8 7.49 0.2438 -0.01271 0.02272 -0.2709 0.2722 341 -28.16 -18.16 32.89 46.95 94.65 0 0 0 0.02035 0.01306 0.02428 0.03427 19.51 12.53 23.28 32.86
-39.7 -18.28 5.923 1.266 -0.03249 -0.001532 -0.2085 0.2111 342 -9.271 2.907 -4.685 10.79 470.4 0 0 0 0.01804 0.008949 0.01214 0.02352 17.3 8.582 11.64 22.55
-26.92 -24.78 14.07 2.031 -0.0867 0.001491 -0.1692 0.1901 343 -9.681 -27.55 -11.48 31.38 951.7 0 0 0 0.02013 0.01779 0.02684 0.03798 19.3 17.06 25.74 36.42
21.1 -5.51 11.25 1.194 -0.08582 -0.04556 0.1844 0.2084 344 11.97 24.57 -8.876 28.74 541 0 0 0 0.01985 0.01947 0.02111 0.03491 19.03 18.67 20.24 33.47
-31.53 -13.23 2.411 0.4652 -0.03116 -0.03552 -0.2099 0.2151 345 5.602 7.245 15.84 18.3 157.4 0 0 0 0.02941 0.009785 0.0229 0.03854 28.21 9.383 21.96 36.96
10.9 -16.26 16.01 0.8282 -0.1546 -0.02006 0.1497 0.2162 346 -19.55 7.612 -26.51 33.8 400.5 0 0 0 0.0144 0.01202 0.02421 0.03062 13.81 11.52 23.21 29.37
46.29 14.52 7.793 1.109 -0.0509 0.05279 0.1833 0.1974 347 12.75 -5.918 -17.51 22.45 455.3 0 0 0 0.008088 0.01746 0.009831 0.02161 7.756 16.74 9.427 20.72
-11.96 9.634 0.7586 0.6386 -0.09562 -0.07372 -0.137 0.1826 348 15.18 38.22 17.91 44.86 208.4 0 0 0 0.01799 0.02262 0.003293 0.02908 17.25 21.69 3.158 27.89
18.47 26.03 5.33 1.497 -0.08665 -0.01562 0.1868 0.2065 349 21.19 12.37 5.245 25.09 544.6 0 0 0 0.01502 0.006797 0.02961 0.03389 14.41 6.517 28.39 32.5
17.17 -28.11 1.845 0.6724 -0.008318 0.04927 0.2566 0.2614 350 -7.411 -26.13 -8.851 28.57 254.1 0 0 0 0.03561 0.01803 0.01582 0.04293 34.15 17.28 15.17 41.17
26.94 24.03 18.09 1.371 -0.153 0.03949 0.1829 0.2417 351 46.87 0.2865 3.08 46.97 555.6 0 0 0 0.02422 0.02709 0.03014 0.04721 23.23 25.98 28.91 45.28
40.85 2.959 5.842 0.752 -0.02091 0.04191 0.1992 0.2046 352 1.312 -2.139 -2.563 3.586 294.6 0 0 0 0.01299 0.02417 0.03359 0.04337 12.45 23.18 32.21 41.59
-40.68 -11.37 13.02 0.6311 -0.07106 -0.01762 -0.2117 0.224 353 9.058 3.024 -2.931 9.989 290.1 0 0 0 0.02621 0.007699 0.01594 0.03163 25.13 7.383 15.29 30.33
37.97 29.89 15.57 1.665 -0.07979 0.02282 0.1623 0.1823 354 15.58 -7.309 7.92 18.94 630.4 0 0 0 0.007615 0.005432 0.03694 0.03811 7.302 5.209 35.42 36.54
-0.3433 -8.379 3.273 0.6356 -0.1044 -0.09808 0.06044 0.1555 355 -21.78 14.33 7.334 27.08 235.4 0 0 0 0.04414 0.01251 0.02925 0.05441 42.33 12 28.05 52.18
2.588 -16.38 6.033 0.6264 -0.1058 -0.1083 0.05834 0.1623 356 -26.93 5.356 11.69 29.84 254.9 0 0 0 0.02014 0.009189 0.005277 0.02276 19.31 8.811 5.06 21.82
32.13 -11.62 5.832 0.5972 -0.008325 0.0465 0.2221 0.2271 357 -15.2 -20.85 0.4321 25.81 233 0 0 0 0.01052 0.01543 0.01785 0.02583 10.08 14.8 17.12 24.77
-11.58 13.75 10.58 0.7307 -0.175 0.01226 -0.04334 0.1807 358 1.212 -0.1432 -14.2 14.25 304.6 0 0 0 0.03105 0.01592 0.03957 0.05276 29.78 15.27 37.95 50.59
6.733 -21.38 11.49 0.7155 -0.2063 -0.01628 0.1141 0.2363 359 -12.54 5.543 -5.842 14.91 330.1 0 0 0 0.02116 0.007926 0.02012 0.03025 20.29 7.6 19.29 29.01
30.6 4.266 12.69 0.7579 -0.09328 0.05076 0.1958 0.2227 360 16.55 -22.63 0.8043 28.05 345 0 0 0 0.0185 0.01701 0.03572 0.04368 17.74 16.31 34.26 41.88
-39.22 -28.01 16.67 2.65 -0.08137 -0.01263 -0.1783 0.1964 361 10.32 3.289 -11.32 15.67 1264 0 0 0 0.01296 0.004709 0.02315 0.02694 12.43 4.515 22.2 25.84
-8.257 -7.674 4.812 1.031 -0.1051 -0.05124 -0.08789 0.1463 362 6.74 -14.85 -16.85 23.45 392.9 0 0 0 0.007553 0.007275 0.0005678 0.0105 7.242 6.976 0.5445 10.07
19.16 -16.79 18.54 0.9938 -0.13 -0.001733 0.1412 0.1919 363 0.6706 6.553 -7.811 10.22 477.1 0 0 0 0.01958 0.002223 0.02341 0.0306 18.78 2.131 22.45 29.34
16.47 29.9 11.79 0.9175 -0.1021 -0.03052 0.1981 0.225 364 -2.568 -6.194 -21.47 22.5 372.9 0 0 0 0.04924 0.01622 0.02175 0.05622 47.22 15.55 20.85 53.91
23.22 -12.17 5.552 0.5535 -0.04525 0.001211 0.1668 0.1729 365 3.179 -13.94 16.09 21.52 217.1 0 0 0 0.02219 0.008553 0.02869 0.03727 21.28 8.201 27.52 35.74
-34.1 -7.884 12.29 1.049 -0.1401 0.02236 -0.1963 0.2422 366 54.52 -26.89 -14.41 62.47 473.6 0 0 0 0.015 0.02998 0.03744 0.05026 14.38 28.75 35.91 48.2
3.457 0.04277 5.429 1.486 -0.06647 -0.02373 0.1392 0.1561 367 -15.44 -5.679 -4.977 17.19 582.5 0 0 0 0.01616 0.01357 0.01414 0.0254 15.5 13.01 13.56 24.36
-11.85 15.83 15.05 1.323 -0.1995 -0.009279 -0.05883 0.2082 368 4.126 0.6345 -11.85 12.57 583 0 0 0 0.03664 0.003295 0.02047 0.04209 35.13 3.16 19.63 40.36
1.049 -14.33 7.091 0.9835 -0.1679 -0.06205 0.004171 0.1791 369 4.556 -3.65 35.9 36.37 410.9 0 0 0 0.0093 0.01491 0.02248 0.02853 8.918 14.3 21.56 27.36
-25 -15.8 1.538 0.379 -0.01984 -0.01571 -0.1791 0.1809 370 4.562 -17.83 -26.42 32.2 129.6 0 0 0 0.009767 0.02798 0.01066 0.03149 9.366 26.83 10.22 30.2
16.71 15.94 6.505 0.6561 -0.0815 0.009318 0.1588 0.1787 371 16.36 -15.68 29.45 37.16 252 0 0 0 0.03897 0.008863 0.02273 0.04598 37.37 8.499 21.8 44.09
-0.9026 -10.54 7.851 0.8278 -0.1609 -0.04337 0.01259 0.1671 372 14.72 -12.6 13.1 23.38 353 0 0 0 0.01223 0.03383 0.01409 0.03863 11.72 32.44 13.51 37.04
-43.89 9.209 1.535 1.002 -0.01446 -0.002168 -0.2288 0.2292 373 14.88 -4.28 19.97 25.27 312.5 0 0 0 0.007347 0.005177 0.008883 0.01264 7.045 4.964 8.518 12.12
-13.18 -16.44 9.141 1.498 -0.1239 -0.01958 -0.1929 0.2301 374 -0.5242 -2.655 -1.068 2.909 654.3 0 0 0 0.01668 0.01084 0.0128 0.02366 16 10.39 12.27 22.68
23.54 17.33 15.3 1.757 -0.08827 -0.007447 0.1802 0.2008 375 -3.646 21.11 -3.919 21.78 750.4 0 0 0 0.01482 0.01202 0.01157 0.02232 14.21 11.53 11.1 21.4
-15.49 -1.696 18.11 1.337 -0.169 -0.05805 -0.08999 0.2001 376 8.552 -10.81 -4.511 14.5 626.9 0 0 0 0.01758 0.03185 0.02564 0.04451 16.86 30.54 24.59 42.68
1.302 -2.229 5.348 1.548 -0.08983 -0.05527 0.07991 0.1323 377 5.898 -26.22 17.47 32.05 605.8 0 0 0 0.0004165 0.02238 0.0117 0.02526 0.3994 21.46 11.22 24.22
-29.45 -6.17 19.88 1.485 -0.122 -0.02515 -0.1679 0.2091 378 -4.612 19.1 -1.304 19.69 715.3 0 0 0 0.004422 0.00898 0.01284 0.01628 4.241 8.611 12.31 15.61
3.537 -16.88 11.08 0.781 -0.1748 0.007237 0.04405 0.1804 379 -10.76 -31.23 12.16 35.2 361 0 0 0 0.02819 0.01897 0.02203 0.04049 27.03 18.19 21.12 38.83
3.805 -10.72 13.56 0.9924 -0.2355 -0.01803 0.05441 0.2424 380 19.22 -0.04881 23.1 30.05 477.5 0 0 0 0.005866 0.00434 0.006353 0.009675 5.625 4.161 6.092 9.278
13.75 7.058 5.85 0.9342 -0.07094 0.001545 0.1967 0.2091 381 13.23 -1.173 14.76 19.85 365 0 0 0 0.01457 0.005547 0.0123 0.01986 13.97 5.319 11.8 19.04
-38.9 10.41 17.09 1.382 -0.1323 -0.03028 -0.2067 0.2473 382 26.4 7.797 17.69 32.72 622.6 0 0 0 0.004645 0.01114 0.01089 0.01626 4.455 10.69 10.44 15.59
-6.941 26.47 6.507 0.8312 -0.1638 -0.04431 -0.004719 0.1698 383 -3.234 -13.36 4.46 14.45 331.7 0 0 0 0.007189 0.0104 0.002291 0.01285 6.894 9.973 2.197 12.32
-10.22 -17.67 2.304 0.5896 -0.06283 -0.00428 -0.2267 0.2353 384 8.347 -5.8 -2.013 10.36 215 0 0 0 0.01557 0.007427 0.01431 0.02241 14.93 7.122 13.73 21.49
-42.03 21.07 13.21 1.514 -0.04561 -0.01608 -0.2305 0.2355 385 -19.75 5.225 28.26 34.87 653.2 0 0 0 0.01404 0.004673 0.02867 0.03226 13.46 4.481 27.49 30.93
44.48 -0.8766 16.7 1.077 -0.07126 0.03923 0.158 0.1777 386 0.3396 -10.68 10.29 14.83 491.2 0 0 0 0.02757 0.00508 0.03663 0.04612 26.43 4.872 35.13 44.23
33 -6.096 4.398 0.7639 -0.007887 0.05351 0.2232 0.2297 387 -3.667 -30.13 -4.424 30.67 283 0 0 0 0.02613 0.01886 0.0248 0.04066 25.06 18.08 23.78 38.99
-9.76 25.23 18.65 1.539 -0.227 -0.02731 -0.05246 0.2346 388 14.46 -2.903 11.83 18.91 666.2 0 0 0 0.02261 0.00404 0.02694 0.0354 21.68 3.874 25.83 33.94
-1.57 -12.58 14.5 0.7368 -0.2253 -0.03659 -0.001333 0.2283 389 -5.838 14.17 -12.6 19.84 359.7 0 0 0 0.02267 0.01926 0.01133 0.03183 21.74 18.46 10.86 30.52
-37.26 -2.632 9.114 1.648 -0.05639 0.01111 -0.2139 0.2215 390 2.851 -4.735 -2.863 6.224 669.9 0 0 0 0.01878 0.0063 0.01582 0.02535 18.01 6.041 15.17 24.31
5.439 -10.46 13.33 1.168 -0.2075 -0.009044 0.1128 0.2364 391 7.345 -7.133 -17.07 19.9 559.6 0 0 0 0.01574 0.01596 0.006509 0.02334 15.1 15.3 6.242 22.39
-26.78 1.962 6.283 1.265 -0.04805 -0.04488 -0.1871 0.1983 392 -2.046 6.142 0.3698 6.484 461.5 0 0 0 0.02046 0.01659 0.02699 0.03772 19.62 15.91 25.88 36.17
-43.85 -5.485 8.031 0.904 -0.0346 -0.008123 -0.2035 0.2066 393 -7.725 6.954 -5.212 11.63 352.6 0 0 0 0.01145 0.008724 0.01238 0.01898 10.98 8.366 11.87 18.2
0.9814 -19.32 5.683 0.8149 -0.1207 -0.103 -0.007877 0.1589 394 -11.95 12.43 0.6101 17.25 330.7 0 0 0 0.01081 0.01912 0.02742 0.03513 10.37 18.34 26.29 33.69
-15.97 2.921 5.877 0.6034 -0.1172 -0.0174 -0.1481 0.1896 395 8.143 17.94 -11.93 23.03 224 0 0 0 0.02182 0.01762 0.01153 0.03032 20.93 16.89 11.06 29.08
-3.108 13.41 8.9 1.316 -0.1383 -0.05272 0.06123 0.1601 396 -2.988 16.86 -2.498 17.3 534.5 0 0 0 0.009142 0.01044 0.008801 0.01643 8.767 10.01 8.44 15.76
-14.05 9.027 17.51 1.142 -0.1914 -0.0506 -0.09088 0.2178 397 11.26 -0.2334 12.56 16.87 508.3 0 0 0 0.01852 0.03088 0.04139 0.05486 17.75 29.61 39.69 52.61
-9.723 28.93 9.447 1.266 -0.1849 0.02558 -0.04337 0.1916 398 -15.34 7.118 4.601 17.53 536.5 0 0 0 0.0131 0.02267 0.01348 0.02945 12.57 21.73 12.93 28.24
44.52 -13.72 18.39 0.7798 -0.03796 0.01198 0.2291 0.2325 399 -26.64 23.13 -41.97 54.83 363.6 0 0 0 0.07072 0.02817 0.04299 0.08742 67.82 27.01 41.22 83.83
15.11 29.39 12.67 1.265 -0.1213 -0.0389 0.2014 0.2383 400 2.912 -3.267 -34.76 35.03 521.1 0 0 0 0.02925 0.03065 0.01902 0.04644 28.05 29.39 18.24 44.53
47.63 0.1015 10.63 0.9998 -0.03432 0.06305 0.1859 0.1992 401 1.821 -26.95 -8.29 28.25 438.1 0 0 0 0.004602 0.01766 0.002909 0.01848 4.413 16.94 2.79 17.73
-11.64 -24.21 4.613 0.4345 -0.03368 -0.03161 -0.2529 0.2571 402 -29.01 -0.7576 -1.881 29.09 168.6 0 0 0 0.00514 0.02266 0.01328 0.02676 4.929 21.73 12.74 25.66
11.98 -2.125 7.84 0.7211 -0.1805 0.0066 0.1674 0.2463 403 175.5 -14.1 64.16 187.4 304.9 0 0 0 0 0 0 0 0 0 0 0
39.69 15.52 10.71 1.37 -0.02145 0.006818 0.2034 0.2046 404 -7.008 32.09 -5.268 33.26 586.4 0 0 0 0.01127 0.01248 0.01181 0.02054 10.8 11.97 11.32 19.7
33.1 -24.4 13.39 0.7794 -0.0419 0.008941 0.2058 0.2102 405 -20.81 -1.664 16.27 26.46 349.2 0 0 0 0.01446 0.006617 0.01461 0.02159 13.86 6.345 14.01 20.7
40.12 0.6611 7.309 0.8121 -0.02134 0.03702 0.2076 0.212 406 -5.369 -0.503 -2.893 6.12 329.7 0 0 0 0.01135 0.01762 0.009808 0.02314 10.89 16.9 9.405 22.19
6.328 -19.89 3.467 0.9236 -0.0568 -0.05688 0.1039 0.1313 407 0.6685 -6.263 16.63 17.78 360.3 0 0 0 0.03127 0.02865 0.03853 0.0573 29.99 27.47 36.94 54.94
-20 18.81 5.305 0.9784 -0.1054 -0.01829 -0.2051 0.2314 408 -5.815 38.83 -1.116 39.28 356.5 0 0 0 0.01318 0.01307 0.01201 0.02211 12.64 12.53 11.52 21.2
16.41 7.939 3.16 0.6736 -0.005274 -0.003117 0.2278 0.2279 409 -22.34 -5.582 -12.14 26.03 240.6 0 0 0 0.01185 0.005543 0.007438 0.01505 11.37 5.315 7.132 14.43
-12.49 -20.83 11.5 1.196 -0.1483 -0.0682 -0.2027 0.2602 410 25.46 26.11 12.94 38.7 550.8 0 0 0 0.01118 0.03307 0.007449 0.0357 10.72 31.71 7.143 34.23
3.539 -4.692 18.47 1.044 -0.1642 -0.02819 0.06788 0.1799 411 -20.05 1.819 4.564 20.64 499.6 0 0 0 0.03346 0.007803 0.03372 0.04814 32.09 7.482 32.34 46.17
16.14 -6.279 9.783 1.644 -0.09742 -0.001771 0.1867 0.2106 412 3.132 -3.506 -3.026 5.591 730.4 0 0 0 0.01847 0.01126 0.01333 0.02541 17.71 10.8 12.78 24.36
1.46 -27.07 17.67 1.092 -0.2531 -0.03768 0.007252 0.2559 413 23.19 5.728 -26.6 35.75 525.3 0 0 0 0.00763 0.01599 0.01533 0.02343 7.317 15.33 14.7 22.46
-3.541 -11.74 0.8936 0.528 -0.04844 -0.07038 -0.1138 0.1423 414 -15.85 -2.899 6.546 17.4 189.6 0 0 0 0.02899 0.03629 0.02213 0.05145 27.8 34.8 21.22 49.34
24.48 1.829 13.31 0.4665 -0.0751 0.001432 0.1871 0.2016 415 3.531 -9.709 -11.91 15.76 215.3 0 0 0 0.009471 0.005157 0.01818 0.02114 9.082 4.946 17.44 20.27
-0.2566 18.64 13.74 1.44 -0.1944 0.03797 0.08445 0.2153 416 8.105 -22.46 -18.82 30.4 632.7 0 0 0 0.02349 0.02503 0.01657 0.03812 22.52 24 15.89 36.55
-8.089 -17.51 19.57 1.11 -0.1652 -0.0491 -0.0809 0.1904 417 -3.958 8.219 -3.238 9.68 550.2 0 0 0 0.001086 0.03132 0.004247 0.03162 1.042 30.03 4.073 30.33
-48.77 -8.49 18.11 1.15 -0.09002 -0.02932 -0.1774 0.2011 418 12.88 -2.415 -4.645 13.9 561.4 0 0 0 0.02184 0.01226 0.03032 0.03933 20.95 11.75 29.08 37.71
23.09 7.221 7.026 1.478 -0.03701 -0.03047 0.1927 0.1986 419 6.01 11.47 -0.5096 12.96 597.8 0 0 0 0.01359 0.006626 0.01085 0.01861 13.03 6.354 10.4 17.84
-5.1 -5.05 4.908 1.152 -0.1335 -0.1071 -0.03915 0.1756 420 22.78 1.91 -14.03 26.83 442.3 0 0 0 0.03358 0.01733 0.03813 0.05369 32.21 16.62 36.56 51.48
-45.5 -17.88 15.42 1.292 -0.08619 0.003842 -0.153 0.1756 421 19.04 -4.771 -21.73 29.28 621.7 0 0 0 0.03091 0.00352 0.01694 0.03543 29.64 3.375 16.24 33.97
-12.49 -11.07 0.8408 0.9613 -0.04236 -0.007811 -0.2031 0.2076 422 6.297 -9.635 23.87 26.5 336.6 0 0 0 0.01925 0.008324 0.0183 0.02783 18.46 7.983 17.55 26.69
2.236 -28.53 2.896 0.8243 -0.05852 -0.02792 -0.1291 0.1445 423 -2.052 -11.45 27.79 30.13 315.9 0 0 0 0.01643 0.01657 0.01622 0.02842 15.75 15.89 15.55 27.25
35.32 -12.46 5.397 1.11 -0.005119 0.01459 0.227 0.2275 424 -7.479 6.575 -12.34 15.85 426.4 0 0 0 0.0118 0.006414 0.01216 0.01812 11.32 6.15 11.66 17.37
-18.85 -15.29 11.67 1.228 -0.1055 -0.06981 -0.1782 0.2185 425 9.722 10.19 7.489 15.95 562.9 0 0 0 0.02254 0.02857 0.02446 0.04385 21.61 27.4 23.45 42.05
-1.993 1.717 6.564 1.17 -0.1065 -0.1016 0.05982 0.1589 426 6.829 9.13 13.74 17.86 468.1 0 0 0 0.004261 0.005349 0.006749 0.009608 4.086 5.129 6.472 9.213
-38.99 -28.59 5.067 0.8164 -0.04429 0.001835 -0.2239 0.2282 427 11.82 0.225 5.878 13.2 297.3 0 0 0 0.02947 0.007579 0.02218 0.03765 28.26 7.268 21.27 36.11
-15 -13.47 6.373 0.7745 -0.1212 0.009521 -0.2039 0.2374 428 9.002 -17.8 -2.744 20.13 304.9 0 0 0 0.03993 0.008619 0.03483 0.05368 38.29 8.265 33.4 51.48
21.01 -23.8 4.748 0.6406 -0.05578 0.04995 0.2015 0.2149 429 10.56 -20.28 8.283 24.32 246.3 0 0 0 0.01055 0.006964 0.01378 0.0187 10.12 6.678 13.21 17.93
-0.8462 -12.75 11.94 1.965 -0.2075 -0.03404 -0.01906 0.2111 430 -13.35 10.9 18.59 25.35 926.8 0 0 0 0.00542 0.01134 0.01396 0.01878 5.197 10.87 13.38 18.01
3.199 -10.67 8.045 1.664 -0.1469 -0.03148 0.07517 0.168 431 12.2 5.704 9.103 16.26 716.9 0 0 0 0.03764 0.004589 0.003693 0.0381 36.09 4.401 3.541 36.53
-23.41 13.98 19.65 1.513 -0.1455 -0.03018 -0.125 0.1942 432 3.722 -14.92 -5.083 16.2 669.1 0 0 0 0.02031 0.04225 0.01885 0.05053 19.47 40.51 18.08 48.45
33.47 -27.9 1.872 0.3435 0.02147 0.03956 0.2231 0.2276 433 -16.95 -20.45 2.877 26.71 125.1 0 0 0 0.02469 0.003277 0.0366 0.04427 23.68 3.142 35.09 42.45
-19.92 7.443 15.41 1.191 -0.1499 -0.06771 -0.1399 0.2159 434 1.524 17.61 4.284 18.18 531.5 0 0 0 0.02685 0.03591 0.02366 0.0507 25.74 34.44 22.69 48.62
32.25 -11.28 4.769 0.6784 0.001035 0.0563 0.188 0.1963 435 -23.45 -30.68 28.71 48.12 256.3 0 0 0 0.01497 0.01089 0.01162 0.02186 14.35 10.44 11.15 20.96
-28.17 -11.73 13.9 0.4771 -0.103 -0.0247 -0.1381 0.1741 436 16.39 -16.77 -20.12 30.9 224.9 0 0 0 0.04168 0.01978 0.02901 0.0545 39.97 18.97 27.82 52.26
31.59 -10.06 6.805 0.6903 -0.002255 0.02274 0.2226 0.2238 437 -19.26 1.269 5.766 20.15 276.6 0 0 0 0.02721 0.01808 0.02455 0.04086 26.09 17.34 23.54 39.19
-29.53 25.85 7.926 1.54 -0.1012 -0.03666 -0.1936 0.2215 438 -10.14 -8.082 -7.423 14.94 603 0 0 0 0.01956 0.02805 0.01959 0.03941 18.76 26.9 18.78 37.79
5.51 -24.92 3.437 0.6306 -0.1109 -0.0813 0.125 0.1858 439 11.68 -0.4669 -21.64 24.59 246.3 0 0 0 0.004439 0.05623 0.00452 0.05659 4.256 53.92 4.334 54.26
-46.61 -11.01 9.839 1.558 -0.03747 -0.009101 -0.2094 0.2129 440 0.2063 2.958 2.648 3.976 655.7 0 0 0 0.009248 0.006174 0.01399 0.01787 8.868 5.92 13.42 17.14
-7.166 -18.49 8.067 0.7628 -0.1741 -0.01395 -0.1715 0.2448 441 0.4902 0.02547 3.188 3.226 327.5 0 0 0 0.001814 0.01294 0.001957 0.01322 1.739 12.41 1.877 12.67
-17.36 -6.499 8.779 1.665 -0.09562 -0.01148 -0.1524 0.1803 442 -26.11 -1.413 -30.84 40.43 705.1 0 0 0 0.02743 0.009653 0.02106 0.03591 26.3 9.257 20.2 34.43
44.78 22.86 19.05 0.9803 0.008867 0.02006 0.2072 0.2083 443 -50.42 10.93 -38.82 64.57 385.1 0 0 0 0.0727 0.01301 0.05361 0.09126 69.71 12.48 51.41 87.51
-44.16 -5.666 1.019 0.6561 0.02687 0.007617 -0.2449 0.2464 444 -33.82 -1.095 25.61 42.44 208.1 0 0 0 0.006345 0.006432 0.007785 0.01193 6.084 6.168 7.465 11.44
11.37 -1.013 15.03 1.17 -0.1294 -0.01518 0.1553 0.2027 445 -6.239 7.269 -6.744 11.72 550.7 0 0 0 0.01898 0.00432 0.02017 0.02803 18.2 4.142 19.34 26.88
-3.924 -9.337 5.273 0.5402 -0.1236 -0.07736 -0.04502 0.1526 446 0.9338 -21.29 1.363 21.35 211 0 0 0 0.01191 0.01116 0.007791 0.01809 11.42 10.7 7.471 17.35
-48.69 -8.073 6.962 0.8812 -0.02661 -0.01518 -0.2103 0.2125 447 2.42 -1.292 7.018 7.535 331 0 0 0 0.00457 0.004457 0.005254 0.008268 4.382 4.274 5.039 7.928
-30.13 -9.001 13.78 1.466 -0.09556 -0.03483 -0.1875 0.2133 448 15.63 4.671 10.97 19.66 687.2 0 0 0 0.03457 0.00776 0.02484 0.04327 33.15 7.441 23.82 41.49
-49.01 -17.31 14.54 0.679 -0.04344 -0.0302 -0.1582 0.1668 449 -2.515 1.772 -18.19 18.44 322.5 0 0 0 0.01696 0.0097 0.01178 0.02282 16.26 9.301 11.3 21.88
-49.67 -20.51 15.78 1.586 -0.05494 -0.03451 -0.1687 0.1807 450 -0.9204 9.802 -0.6733 9.869 767.6 0 0 0 0.01294 0.007688 0.01459 0.02096 12.4 7.373 13.99 20.1
8.869 -21.23 13.94 0.8518 -0.2132 -0.02875 0.115 0.2439 451 1.579 10.47 1.504 10.69 406.5 0 0 0 0.005329 0.0267 0.009845 0.02895 5.11 25.61 9.44 27.77
-3.319 16.41 18.03 0.9914 -0.1737 -0.01525 0.02791 0.1766 452 -18.24 1.239 5.042 18.96 432.4 0 0 0 0.009289 0.008753 0.01487 0.0196 8.907 8.394 14.26 18.79
-20.74 13.42 9.65 1.745 -0.1299 -0.02861 -0.1623 0.2099 453 3.434 9.997 -7.628 13.04 700.6 0 0 0 0.02267 0.008999 0.007566 0.02553 21.74 8.63 7.256 24.49
5.762 11.83 11.53 1.501 -0.1539 -0.0007783 0.1589 0.2212 454 12.1 27.92 -15.86 34.31 645.9 0 0 0 0.01286 0.003164 0.01347 0.01889 12.33 3.034 12.91 18.11
23.14 14.91 9.928 3.653 -0.06016 0.01331 0.1804 0.1906 455 3.841 -12.4 4.288 13.67 1549 0 0 0 0.0032 0.002543 0.002049 0.004572 3.069 2.438 1.964 4.384
1.94 29.24 15.02 1.159 -0.2196 -0.01345 0.04616 0.2248 456 2.199 -10.82 24.39 26.77 498.8 0 0 0 0.02009 0.007276 0.02483 0.03276 19.27 6.977 23.81 31.41
-10.16 -6.306 14.59 1.658 -0.211 -0.03922 -0.09139 0.2333 457 19.2 9.544 -5.313 22.09 800.2 0 0 0 0.01443 0.01835 0.02631 0.03517 13.84 17.59 25.23 33.73
36.64 7.36 10.89 1.172 -0.04308 0.04291 0.2188 0.2271 458 -0.08489 2.137 -18.77 18.89 516.4 0 0 0 0.01097 0.03241 0.01455 0.03718 10.52 31.08 13.95 35.65
21.62 26.86 10.16 1.374 -0.0733 -0.00692 0.1664 0.182 459 -3.06 -6.045 9.639 11.78 549.5 0 0 0 0.01604 0.01134 0.01265 0.02336 15.38 10.87 12.13 22.4
-12.88 -22.98 12.08 1.099 -0.1265 -0.05012 -0.1808 0.2262 460 5.386 15.15 5.254 16.92 507.9 0 0 0 0.0244 0.0281 0.01576 0.04041 23.4 26.95 15.11 38.75
31.64 -6.75 14.31 0.9722 -0.04411 0.025 0.2168 0.2226 461 -24.67 0.3671 -8.504 26.1 453.9 0 0 0 0.02679 0.01004 0.008887 0.02996 25.69 9.631 8.522 28.73
-17.6 -17.88 6.172 1.178 -0.06559 -0.02943 -0.21 0.222 462 -1.462 5.94 -8.301 10.31 460.8 0 0 0 0.008056 0.01507 0.006874 0.01842 7.725 14.45 6.592 17.66
5.054 -28.97 6.067 0.7094 -0.1322 -0.07977 0.02005 0.1557 463 9.136 9.817 -2.662 13.67 288.3 0 0 0 0.0138 0.01943 0.02871 0.03731 13.23 18.63 27.53 35.78
-17.82 16.5 19.72 1.58 -0.1561 -0.06521 -0.103 0.1981 464 -6.662 14.14 4.536 16.28 695.3 0 0 0 0.001072 0.01705 0.01104 0.02034 1.028 16.35 10.59 19.51
-16.66 -19.12 0.8925 0.4501 -0.03596 -0.02402 -0.2277 0.2318 465 23.82 18.57 -8.092 31.27 159.4 0 0 0 0.0216 0.0122 0.04735 0.05345 20.72 11.7 45.4 51.26
-22.4 25.32 12.45 1.169 -0.1718 -0.05998 -0.1561 0.2397 466 3.024 12.54 -8.124 15.25 501.2 0 0 0 0.004108 0.02895 0.008048 0.03032 3.939 27.76 7.718 29.08
-7.649 -0.4974 17.46 1.763 -0.1935 -0.01803 -0.03333 0.1972 467 -3.892 -4.968 -6.158 8.817 821.7 0 0 0 0.01403 0.00858 0.006784 0.01779 13.45 8.228 6.506 17.06
-36.66 -23.17 3.383 0.7368 -0.02821 -0.007392 -0.197 0.1991 468 -3.771 13.81 -27.86 31.32 258.5 0 0 0 0.02401 0.005663 0.03332 0.04146 23.03 5.431 31.95 39.75
27.07 -29.58 8.238 0.8246 -0.04103 0.04858 0.176 0.1871 469 4.469 -16.3 17.57 24.38 335 0 0 0 0.01641 0.04185 0.01881 0.04873 15.74 40.13 18.04 46.73
-30.68 -16.5 10.73 1.358 -0.06257 -0.04737 -0.1732 0.1902 470 -2.439 21.71 -8.34 23.39 592.6 0 0 0 0.03129 0.02429 0.0187 0.0438 30 23.3 17.93 42
-2.783 -31.14 2.822 0.2926 0.001928 0.007272 -0.1778 0.178 471 4.431 -6.154 23.16 24.37 113 0 0 0 0.007947 0.00143 0.007639 0.01112 7.62 1.372 7.325 10.66
18.46 16.96 19.14 1.138 -0.1349 0.002381 0.1407 0.1949 472 17.29 -1.308 8.487 19.3 481.9 0 0 0 0.006615 0.009128 0.003202 0.01172 6.343 8.753 3.07 11.24
-15.62 -2.904 2.361 0.4417 -0.04981 0.0007693 -0.1865 0.1931 473 -5.148 7.067 8.213 12 149.6 0 0 0 0.003224 0.007405 0.02167 0.02313 3.092 7.101 20.78 22.18
-32.48 1.175 15.07 1.169 -0.09195 -0.01636 -0.1801 0.2028 474 -7.537 8.792 -0.9561 11.62 532.2 0 0 0 0.007092 0.01233 0.01984 0.02441 6.801 11.83 19.02 23.41
-19.64 25.87 16.55 1.207 -0.1909 -0.06359 -0.1172 0.2328 475 -4.792 16.51 -8.054 18.98 520 0 0 0 0.01019 0.01466 0.008158 0.01962 9.767 14.05 7.823 18.82
-49.81 24.05 18.76 1.117 -0.05695 -0.04462 -0.1772 0.1914 476 2.526 -2.786 3.361 5.043 480.6 0 0 0 0.006418 0.02986 0.01509 0.03407 6.155 28.64 14.47 32.67
26.51 -9.427 8.201 0.802 -0.04861 -0.004102 0.1759 0.1825 477 4.55 2.097 14.29 15.15 336.9 0 0 0 0.01334 0.005231 0.007884 0.01635 12.79 5.016 7.56 15.68
-21.29 -24.96 8.964 0.6512 -0.04698 -0.04832 -0.1865 0.1983 478 -7.061 17.41 8.454 20.6 273.3 0 0 0 0.0215 0.001894 0.02536 0.0333 20.62 1.816 24.32 31.94
-22.64 0.3666 12.99 1.29 -0.1116 -0.05608 -0.1841 0.2224 479 -2.2 1.564 19.04 19.23 580.8 0 0 0 0.009266 0.03292 0.03862 0.05159 8.885 31.57 37.03 49.47
11.47 0.7042 16.9 0.8673 -0.1217 -0.01701 0.1306 0.1793 480 -17.01 -1.613 8.909 19.27 402.6 0 0 0 0.02014 0.008657 0.005807 0.02268 19.32 8.302 5.569 21.75
5.703 16.49 3.331 0.7196 -0.04866 0.01955 0.1873 0.1945 481 -11.29 17.88 -9.257 23.08 250.9 0 0 0 0.01267 0.03562 0.01991 0.04272 12.15 34.16 19.09 40.97
29.91 27.3 13.02 1.492 -0.08748 0.0261 0.1909 0.2116 482 -2.016 5.623 -3.845 7.104 602.4 0 0 0 0.02199 0.008058 0.02255 0.03251 21.08 7.727 21.62 31.17
-16.49 16.97 16.71 1.796 -0.1984 -0.02858 -0.1137 0.2305 483 24.48 -16.23 3.651 29.59 790.7 0 0 0 0.03642 0.01139 0.004908 0.03848 34.93 10.92 4.706 36.9
-3.125 2.854 0.1128 0.4071 -0.03998 -0.08602 0.1266 0.1582 484 -18.52 5.511 17.32 25.95 139.2 0 0 0 0.0005922 0.02242 0.009938 0.02453 0.5679 21.5 9.53 23.53
46.45 -13.57 9.259 0.7855 -0.01965 -0.004572 0.2033 0.2043 485 -4.987 5.743 8.499 11.41 327.7 0 0 0 0.01699 0.002275 0.01301 0.02152 16.29 2.181 12.47 20.63
36.11 -26.41 1.878 0.7107 -0.0194 -0.02609 0.2582 0.2602 486 14.9 40.19 -17.52 46.3 259.6 0 0 0 0.04555 0.01409 0.01162 0.04907 43.67 13.51 11.14 47.05
16.86 -15.52 12.99 0.7922 -0.1394 -0.01336 0.1399 0.1979 487 19.28 2.472 27.68 33.82 373.9 0 0 0 0.008137 0.01513 0.02584 0.03103 7.803 14.51 24.78 29.76
19.98 -1.262 6.297 0.6713 -0.04974 -0.03008 0.1722 0.1818 488 3.132 3.884 20.06 20.67 267.1 0 0 0 0.02176 0.01491 0.01507 0.03038 20.86 14.3 14.45 29.13
-39.34 4.114 9.26 1.238 -0.05709 -0.008387 -0.2154 0.223 489 6.614 1.263 6.288 9.213 487.7 0 0 0 0.008652 0.000412 0.01426 0.01668 8.297 0.395 13.67 16
-42.64 4.515 1.609 1.227 -0.001492 -0.007245 -0.2261 0.2263 490 7.869 9.979 7.072 14.54 377.5 0 0 0 0.006664 0.006769 0.01566 0.01831 6.391 6.491 15.02 17.56
-42.2 3.009 7.832 0.6401 -0.02765 -0.04324 -0.2181 0.224 491 -6.87 29.2 5.051 30.41 239.9 0 0 0 0.005858 0.01131 0.002082 0.01291 5.617 10.85 1.997 12.38
-21.17 23.99 1.335 0.9991 -0.05578 0.01205 -0.2273 0.2343 492 -12.69 10.14 22.51 27.76 339.5 0 0 0 0.02061 0.01734 0.02896 0.03955 19.77 16.62 27.77 37.93
-13.27 -1.134 3.799 1.299 -0.08931 -0.06015 -0.1233 0.1637 493 13.58 6.594 -4.794 15.84 463.5 0 0 0 0.02324 0.02317 0.01896 0.0379 22.29 22.22 18.18 36.35
-23.93 -28.65 10.25 0.1791 -0.06104 -0.05423 -0.1595 0.1792 494 -31.38 24.64 -29.1 49.38 76.26 0 0 0 0.05377 0.01736 0.03364 0.06576 51.56 16.65 32.25 63.06
-31.32 -16.31 4.011 1.095 -0.006325 -0.05495 -0.1689 0.1777 495 -4.657 17.98 -6.838 19.8 391.2 0 0 0 0.004046 0.02675 0.003591 0.02729 3.88 25.65 3.443 26.17
14.72 -27.56 4.343 1.062 -0.06197 0.02904 0.2417 0.2512 496 1.617 -2.398 -4.33 5.207 412.1 0 0 0 0.01483 0.03451 0.01218 0.03949 14.22 33.09 11.68 37.87
30.87 -8.949 9.363 1.208 -0.05413 0.04694 0.2178 0.2293 497 10.81 -21.87 -7.179 25.43 522.2 0 0 0 0.02259 0.03396 0.03267 0.05226 21.67 32.56 31.33 50.12
-41.14 5.744 19.02 1.411 -0.1023 -0.001627 -0.1871 0.2133 498 0.8807 -0.8107 5.124 5.262 646.4 0 0 0 0.0096 0.01057 0.00746 0.01611 9.206 10.13 7.153 15.45
-36.63 -15.95 12.62 1.417 -0.05949 -0.006296 -0.228 0.2357 499 -12.64 3.209 5.979 14.35 645.3 0 0 0 0.008482 0.01516 0.02678 0.03192 8.133 14.54 25.68 30.61
16.63 -13.69 13.06 1.204 -0.1092 0.002525 0.1461 0.1824 500 -8.625 -23.24 19.17 31.34 571.9 0 0 0 0.02558 0.01787 0.008972 0.03247 24.53 17.13 8.604 31.14
29.48 13.15 16.62 1.698 -0.09387 0.006238 0.1915 0.2133 501 2.339 13.78 -3.5 14.41 734.3 0 0 0 0.01004 0.004363 0.0116 0.01595 9.628 4.184 11.12 15.29
43.79 -24.27 5.504 0.591 -0.03382 0.006029 0.2018 0.2047 502 4.397 4.561 6.875 9.349 220.1 0 0 0 0.01745 0.003442 0.02061 0.02722 16.73 3.3 19.76 26.1
40.39 -9.521 0.7837 0.7853 0.03654 0.02495 0.2067 0.2114 503 -26.51 5.409 14.11 30.51 274.6 0 0 0 0.02639 0.008933 0.00174 0.02792 25.31 8.566 1.669 26.77
43.75 -2.254 8.696 1.255 -0.02217 0.00996 0.2049 0.2064 504 -0.6579 26.28 1.851 26.35 526.7 0 0 0 0.03032 0.01399 0.02819 0.0437 29.08 13.41 27.03 41.9
-18.14 -21.78 9.442 1.415 -0.04895 -0.0506 -0.1771 0.1906 505 -15.83 19.3 -11.86 27.63 613 0 0 0 0.02087 0.01715 0.02168 0.03463 20.01 16.45 20.79 33.21
-13.75 -5.914 7.281 1.217 -0.1117 -0.01202 -0.1995 0.229 506 -15.69 2.424 34.49 37.97 493 0 0 0 0.01647 0.007489 0.01589 0.02408 15.79 7.182 15.24 23.09
-13.63 2.639 0.7352 1.088 -0.04363 -0.08256 -0.1878 0.2097 507 2.937 10.02 22.31 24.63 360.2 0 0 0 0.005372 0.04156 0.005937 0.04233 5.152 39.86 5.693 40.59
-16.52 27.71 5.783 1.023 -0.1441 0.01156 -0.1245 0.1908 508 -2.317 -9.538 -12.36 15.79 392.2 0 0 0 0.02393 0.004364 0.02134 0.03236 22.95 4.184 20.46 31.03
28.14 25.37 12.29 1.013 -0.09096 0.05104 0.1799 0.208 509 -1.643 -9.968 17.94 20.59 411.3 0 0 0 0.02766 0.0203 0.0281 0.04435 26.53 19.47 26.95 42.53
49.66 -2.425 13.13 0.9691 -0.0245 0.01789 0.1385 0.1418 510 -6.681 1.112 30.78 31.52 437.5 0 0 0 0.01513 0.01645 0.02807 0.03588 14.51 15.78 26.91 34.41
30.42 9.92 3.048 0.9282 -0.02761 0.03434 0.2214 0.2257 511 14.93 7.267 -7.415 18.18 333.2 0 0 0 0.01263 0.004767 0.01852 0.02292 12.11 4.571 17.76 21.98
-43.07 14.47 11.37 1.372 -0.07813 -0.00962 -0.1876 0.2034 512 9.809 3.49 -21.47 23.86 573.9 0 0 0 0.0208 0.004135 0.02395 0.03199 19.94 3.965 22.97 30.67
34.92 -27.53 2.288 0.8873 0.01488 -0.004506 0.2496 0.25 513 -13.65 4.486 -20.18 24.77 325 0 0 0 0.03453 0.004575 0.0331 0.04805 33.11 4.388 31.74 46.08
13.52 -21.7 9.389 1.023 -0.1405 -0.001201 0.2194 0.2605 514 -12.09 -0.8743 -17.78 21.52 451.4 0 0 0 0.01906 0.004952 0.01858 0.02708 18.27 4.749 17.82 25.96
17.03 16.43 9.8 1.177 -0.1018 -0.004037 0.1725 0.2003 515 11.15 -5.678 12.25 17.51 492.3 0 0 0 0.0253 0.003829 0.04717 0.05366 24.26 3.672 45.23 51.46
-42.57 18.71 8.143 1.43 -0.05726 -0.01394 -0.2163 0.2242 516 -3.144 15.51 1.438 15.89 555.9 0 0 0 0.02048 0.0008038 0.02578 0.03294 19.64 0.7708 24.73 31.59
-46.02 -1.622 15.3 1.818 -0.08053 -0.02652 -0.1902 0.2082 517 2.417 17.89 4.225 18.54 839.9 0 0 0 0.02235 0.01124 0.02803 0.03757 21.43 10.78 26.88 36.03
8.055 -8.599 5.809 0.9216 -0.08729 0.01087 0.1465 0.1709 518 -8.697 -2.519 5.976 10.85 370.2 0 0 0 0.02606 0.004847 0.02617 0.03725 24.99 4.648 25.09 35.72
-46.68 12.64 18.2 1.516 -0.08165 -0.05233 -0.1885 0.212 519 5.543 23.03 -0.9677 23.71 690.2 0 0 0 0.04243 0.01238 0.006315 0.04464 40.68 11.87 6.055 42.81
-23.7 11.52 7.882 1.738 -0.0912 -0.05606 -0.1817 0.2109 520 1.598 13.01 -12.92 18.41 661.2 0 0 0 0.00749 0.0195 0.0242 0.03197 7.182 18.7 23.21 30.66
-28.07 -9.392 8.031 1.18 -0.04659 -0.04813 -0.1673 0.1802 521 -15.72 -4.879 -19.79 25.74 476.4 0 0 0 0.03387 0.03357 0.02546 0.05406 32.48 32.19 24.42 51.84
-5.708 -16.49 7.344 1.344 -0.1559 -0.01533 -0.1223 0.1987 522 12.68 -7.506 -7.722 16.64 564.5 0 0 0 0.02629 0.01585 0.02578 0.04009 25.21 15.2 24.73 38.44
6.252 -20.91 13.68 0.9264 -0.2503 -0.02869 0.06436 0.2601 523 15.36 18.7 17.66 29.96 442.8 0 0 0 0.003586 0.005965 0.002379 0.007355 3.439 5.72 2.282 7.053
-7.966 23.06 9.959 1.276 -0.2014 0.03581 -0.03075 0.2069 524 15.9 -15.77 -3.722 22.7 545.2 0 0 0 0.03017 0.03026 0.02128 0.04774 28.93 29.01 20.41 45.77
15.31 24.98 19.34 1.239 -0.1481 0.006427 0.1256 0.1943 525 11.71 -3.711 -3.191 12.69 513.4 0 0 0 0.005451 0.00349 0.004667 0.00798 5.227 3.347 4.476 7.652
17.47 22.68 4.084 0.8123 -0.01711 -0.000695 0.2276 0.2282 526 -35.5 6.229 -33.17 48.98 287.5 0 0 0 0.02322 0.001332 0.009005 0.02494 22.27 1.277 8.635 23.92
-39.16 -19.24 2.961 0.475 -0.02281 0.01762 -0.2117 0.2137 527 0.07693 -8.37 -8.987 12.28 162.3 0 0 0 0.03198 0.003351 0.02993 0.04393 30.67 3.213 28.7 42.12
8.392 12.7 7.639 1.256 -0.09648 0.06524 0.1654 0.2023 528 -5.329 -14.74 17.95 23.83 500.7 0 0 0 0.03603 0.02001 0.02626 0.04887 34.55 19.18 25.18 46.86
4.562 3.532 1.066 1.403 -0.01553 -0.01606 0.1536 0.1552 529 5.836 -4.952 6.398 9.976 483.6 0 0 0 0.008624 0.003496 0.008408 0.01254 8.27 3.352 8.063 12.03
-30.39 -17.72 3.402 0.6142 -0.02042 -0.03607 -0.1944 0.1988 530 0.4446 -3.323 11.86 12.33 216.8 0 0 0 0.01879 0.00939 0.0004393 0.02101 18.02 9.004 0.4212 20.15
-31.96 10.88 17.3 1.256 -0.1087 -0.01083 -0.1961 0.2244 531 -7.827 3.828 7.069 11.22 561.4 0 0 0 0.01048 0.0009438 0.013 0.01672 10.05 0.905 12.47 16.04
21.81 13.04 16.32 0.8824 -0.08668 -0.01005 0.1932 0.2119 532 -12.49 20.7 -17.06 29.59 384.2 0 0 0 0.02234 0.01308 0.03001 0.03963 21.42 12.54 28.77 38
2.804 -23.67 10.64 1.309 -0.1636 -0.01871 0.01865 0.1657 533 -49.98 19.21 -13.92 55.32 592.1 0 0 0 0.01629 0.005129 0.01677 0.02393 15.62 4.918 16.08 22.95
36.84 -12.17 12.35 1.686 -0.04847 0.01299 0.1943 0.2007 534 -17.43 19.44 -4.326 26.47 758.4 0 0 0 0.0224 0.04201 0.02464 0.05361 21.48 40.28 23.63 51.4
21.58 -0.1393 10.18 0.7474 -0.05707 -0.005136 0.1809 0.1898 535 -3.158 -7.943 0.3236 8.554 331.8 0 0 0 0.01369 0.001656 0.002654 0.01404 13.12 1.588 2.545 13.46
26.96 6.921 14.42 0.6432 -0.06514 0.02782 0.1763 0.19 536 -28.45 -16.63 21.2 39.18 292.4 0 0 0 0.01423 0.01037 0.006567 0.01879 13.64 9.944 6.297 18.02
-1.017 -25.37 10.83 1.539 -0.2314 -0.0277 -0.06964 0.2432 537 24.56 17.47 -9.367 31.57 694 0 0 0 0.01732 0.005819 0.01002 0.02084 16.6 5.58 9.613 19.98
-46.51 24.1 16.8 1.361 -0.06433 -0.01262 -0.2037 0.214 538 -6.829 15.58 8.12 18.85 584.4 0 0 0 0.01296 0.006604 0.01485 0.02079 12.43 6.333 14.24 19.93
-27.7 5.758 10.34 1.457 -0.07675 -0.06231 -0.1458 0.1762 539 0.5709 -0.2027 -19.71 19.72 602.2 0 0 0 0.02002 0.01171 0.04537 0.05096 19.2 11.23 43.51 48.86
-16.7 -0.3288 10.53 0.8737 -0.1494 -0.01916 -0.168 0.2256 540 7.048 10.84 10.5 16.66 382.4 0 0 0 0.008723 0.0199 0.01119 0.02444 8.365 19.08 10.73 23.43
35.41 -13.9 10.19 1.099 -0.04227 -0.01648 0.2059 0.2108 541 -1.94 35.74 1.746 35.84 478 0 0 0 0.0147 0.014 0.002007 0.0204 14.09 13.43 1.924 19.56
-20.64 -29.45 13.09 1.124 -0.0969 -0.004107 -0.1644 0.1909 542 0.4106 -0.556 -5.95 5.99 507.4 0 0 0 0.04331 0.007788 0.02393 0.05009 41.53 7.468 22.95 48.04
-49.78 -2.886 17.8 1.462 -0.06457 -0.03676 -0.1732 0.1884 543 -12.38 -0.3247 1.737 12.5 697.1 0 0 0 0.01776 0.01991 0.01256 0.02949 17.03 19.1 12.05 28.28
-1.308 3.613 14.72 1.164 -0.1874 -0.01739 0.04792 0.1942 544 -18.15 19.71 3.636 27.03 533.4 0 0 0 0.01282 0.006653 0.01206 0.01881 12.29 6.38 11.56 18.04
-14.47 -6.764 13.49 1.172 -0.2002 -0.0007653 -0.1377 0.2429 545 23.43 -32.51 -3.039 40.19 556.1 0 0 0 0.02049 0.02229 0.01511 0.03384 19.65 21.37 14.49 32.45
0.6607 15.61 19.74 1.294 -0.1815 -0.03054 0.06746 0.1961 546 -3.105 1.462 -5.124 6.167 561.9 0 0 0 0.003175 0.01709 0.004893 0.01806 3.044 16.39 4.692 17.32
18.52 30.67 12.5 1.255 -0.1275 0.01756 0.1535 0.2003 547 19.58 -21.56 -3.971 29.39 508.3 0 0 0 0.025 0.007945 0.02636 0.03718 23.97 7.618 25.27 35.66
-45.95 -15.09 19.91 0.8573 -0.07433 -0.05441 -0.1475 0.1739 548 5.42 30.87 -11.45 33.36 426.7 0 0 0 0.02434 0.004059 0.02335 0.03398 23.34 3.893 22.39 32.58
16.73 -20.75 8.014 1.075 -0.1138 0.01397 0.2001 0.2307 549 5.522 -9.457 8.689 13.98 454.8 0 0 0 0.01373 0.01852 0.0131 0.02651 13.16 17.76 12.56 25.43
35.18 7.593 15.79 0.9508 -0.05405 0.04384 0.1891 0.2015 550 -17 -2.346 -9.598 19.67 426 0 0 0 0.005582 0.04623 0.03319 0.05719 5.352 44.33 31.83 54.84
-26.17 26.8 5.642 1.127 -0.09007 -0.006877 -0.1738 0.1958 551 -10.42 -18.03 -15.69 26.08 418.6 0 0 0 0.04414 0.01249 0.008881 0.04672 42.32 11.98 8.516 44.8
5.44 1.704 4.153 1.123 -0.04887 0.008161 0.1556 0.1633 552 -8.686 -4.677 9.29 13.55 421.8 0 0 0 0.01982 0.004578 0.01116 0.0232 19.01 4.39 10.7 22.25
3.642 9.491 0.1825 0.9186 0.004596 -0.04222 0.184 0.1888 553 -10.16 -7.834 -19.17 23.07 309.7 0 0 0 0.0059 0.02173 0.01465 0.02686 5.658 20.84 14.05 25.76
15.66 10.72 6.003 0.7621 -0.06241 -0.02772 0.2301 0.24 554 3.243 18.75 -32.17 37.37 294 0 0 0 0.03064 0.006004 0.02895 0.04258 29.38 5.758 27.76 40.83
-5.325 -20.53 8.4 1.14 -0.1671 -0.01494 -0.1414 0.2194 555 1.744 0.6048 -17.48 17.58 496.4 0 0 0 0.01902 0.007893 0.005155 0.02122 18.24 7.568 4.943 20.35
-45.99 -12.07 19 1.633 -0.07115 -0.03395 -0.1933 0.2087 556 10.96 16.35 5.411 20.41 806.9 0 0 0 0.01258 0.003336 0.01565 0.02036 12.07 3.199 15.01 19.52
-3.246 21.38 5.674 1.151 -0.1574 -0.04602 0.1006 0.1924 557 16.54 7.355 -27.2 32.67 435.8 0 0 0 0.01658 0.02202 0.01587 0.0318 15.9 21.11 15.22 30.5
23.8 1.696 13.77 1.553 -0.07556 -0.01062 0.1844 0.1996 558 1.481 5.651 -13.76 14.95 721.3 0 0 0 0.002154 0.01357 0.0172 0.02202 2.065 13.02 16.5 21.11
36.87 20.58 14.81 1.621 -0.08753 0.04852 0.1849 0.2102 559 6.248 -18.13 5.638 19.99 682.9 0 0 0 0.02432 0.01969 0.0244 0.03968 23.32 18.88 23.39 38.05
25.86 30.05 14.18 0.9766 -0.09736 0.03213 0.1544 0.1854 560 -11.37 -19.63 13.12 26.21 393.7 0 0 0 0.01692 0.008151 0.0251 0.03135 16.23 7.816 24.07 30.06
-39.29 -7.626 2.503 0.815 0.001566 0.01227 -0.2353 0.2356 561 -19.76 -10.5 8.443 23.92 266.3 0 0 0 0.02186 0.006114 0.006671 0.02366 20.96 5.863 6.397 22.69
-4.843 -18.34 5.596 0.9885 -0.09643 -0.07774 -0.1475 0.1926 562 -15.49 13.79 19.87 28.72 395.5 0 0 0 0.02226 0.02998 0.01608 0.04065 21.35 28.75 15.41 38.98
-44.39 -8.692 12.48 1.364 -0.06429 -0.009734 -0.2066 0.2166 563 0.7918 -3.285 -12.31 12.77 614.2 0 0 0 0.01312 0.003905 0.009329 0.01656 12.58 3.744 8.946 15.88
-46.41 20.03 3.843 0.9967 -0.04258 -0.009239 -0.2125 0.217 564 23.96 -4.89 -19.39 31.21 348.7 0 0 0 0.01248 0.005824 0.02438 0.028 11.97 5.584 23.38 26.85
-15.86 1.376 15.61 1.158 -0.1513 -0.06032 -0.1192 0.2018 565 -13.27 23.57 5.621 27.63 532.6 0 0 0 0.02844 0.01104 0.02619 0.04021 27.27 10.59 25.11 38.56
15.43 -4.572 12.96 1.155 -0.1091 -0.02232 0.1736 0.2062 566 2.059 10.79 -6.453 12.74 543.1 0 0 0 0.04072 0.00534 0.013 0.04308 39.05 5.121 12.46 41.31
-48.07 14.32 7.481 1.349 -0.04939 -0.01584 -0.2233 0.2293 567 9.344 -7.526 10.99 16.27 508.6 0 0 0 0.02228 0.01139 0.01869 0.03123 21.36 10.92 17.92 29.95
19.78 -6.019 4.523 1.083 -0.01989 -0.01287 0.2019 0.2032 568 -5.968 0.539 0.1398 5.994 408.7 0 0 0 0.02036 0.003908 0.0157 0.026 19.52 3.748 15.05 24.93
-1.967 19.38 10.33 1.07 -0.1615 -0.00164 0.0616 0.1729 569 -5.034 20.9 2.964 21.71 455.3 0 0 0 0.03033 0.01256 0.02127 0.03912 29.09 12.04 20.39 37.51
47.82 13.81 7.061 1.374 -0.05863 0.04021 0.1238 0.1428 570 24.28 1.41 38.2 45.29 557.5 0 0 0 0.01474 0.02323 0.01628 0.03197 14.13 22.28 15.61 30.66
45.69 -4.091 6.158 0.9185 -0.05848 0.04867 0.1974 0.2116 571 8.943 -10.73 -3.827 14.49 356.4 0 0 0 0.01076 0.02295 0.01056 0.02745 10.31 22 10.12 26.33
4.892 -4.526 16.08 1.648 -0.1977 -0.0259 0.07796 0.2141 572 10.97 10.57 13.63 20.44 791.7 0 0 0 0.02767 0.01202 0.02833 0.04138 26.53 11.53 27.17 39.68
43.49 -17.66 8.158 1.022 -0.04698 -0.01307 0.1953 0.2013 573 5.361 16.15 -4.106 17.51 411.6 0 0 0 0.02061 0.008529 0.0282 0.03595 19.76 8.178 27.04 34.47
0.2741 15.92 10.81 1.061 -0.1826 0.0236 0.09917 0.2091 574 14.65 14.87 -8.891 22.69 451.1 0 0 0 0.03573 0.009603 0.01332 0.03932 34.26 9.209 12.77 37.7
-10.81 5.059 3.975 0.8451 -0.1419 -0.1139 -0.06942 0.1948 575 7.89 9.073 -14.21 18.62 299.6 0 0 0 0.01557 0.01485 0.04357 0.04859 14.93 14.24 41.78 46.59
36.41 -8.671 19.24 0.9348 -0.1243 0.02222 0.178 0.2182 576 5.488 -3.521 -6.666 9.325 435.8 0 0 0 0.01032 0.009017 0.03363 0.03631 9.892 8.646 32.24 34.82
19.75 -19.02 9.26 0.9182 -0.09041 0.001126 0.1838 0.2048 577 -7.992 -1.269 1.884 8.309 401 0 0 0 0.01679 0.004135 0.007596 0.01889 16.1 3.965 7.284 18.11
43.35 14.67 12.96 1.127 -0.04253 0.06139 0.1815 0.1963 578 13.59 -16.91 -7.195 22.85 493.3 0 0 0 0.01706 0.02338 0.00868 0.03022 16.36 22.42 8.324 28.98
-4.065 -12.23 19.42 0.9736 -0.1942 -0.04788 -0.0415 0.2043 579 -0.5306 8.712 -6.742 11.03 479.7 0 0 0 0.006266 0.01138 0.003401 0.01343 6.009 10.91 3.261 12.88
-27.87 8.615 12.63 1.346 -0.07969 -0.02479 -0.1716 0.1908 580 -7.365 -27.54 12.64 31.19 579.5 0 0 0 0.01612 0.02722 0.02841 0.04252 15.46 26.1 27.25 40.78
43.4 26.73 4.657 1.069 0.01165 0.06125 0.162 0.1736 581 -16.06 -26.38 18.28 35.89 382.7 0 0 0 0.004652 0.001252 0.003928 0.006215 4.46 1.2 3.766 5.96
32.25 14.55 1.308 1.331 0.03114 0.06761 0.1968 0.2104 582 -25.56 -24.73 15.95 38.97 458.2 0 0 0 0.01619 0.01181 0.01241 0.02357 15.53 11.32 11.9 22.6
-30.72 -15.12 17.87 2.171 -0.1408 -0.007716 -0.2022 0.2465 583 19.35 -10.66 12.2 25.24 1085 0 0 0 0.007812 0.003439 0.005096 0.009941 7.492 3.298 4.887 9.533
44.14 15.01 13.74 1.566 -0.02014 0.03885 0.1461 0.1525 584 -16.49 -1.947 22.19 27.71 687.7 0 0 0 0.008522 0.02309 0.00821 0.02595 8.172 22.14 7.873 24.88
-3.708 -2.537 19.64 1.594 -0.1888 -0.02068 -0.006324 0.19 585 -13.62 -8.977 -1.953 16.43 751.8 0 0 0 0.004469 0.01306 0.01038 0.01727 4.286 12.52 9.952 16.56
-20.91 11.51 5.015 0.7528 -0.08824 -0.0177 -0.2053 0.2242 586 1.142 14.67 1.258 14.76 261.4 0 0 0 0.03615 0.00762 0.00878 0.03798 34.67 7.307 8.419 36.42
-49.13 -16.61 11.63 1.031 -0.04838 -0.03938 -0.1654 0.1768 587 4.1 10.86 -12.75 17.24 456.2 0 0 0 0.01672 0.02649 0.02182 0.03818 16.03 25.4 20.92 36.61
-14.75 25.06 7.876 1.039 -0.1582 0.01636 -0.1146 0.196 588 -12.85 -0.2451 2.898 13.18 418.4 0 0 0 0.0173 0.01808 0.01795 0.03079 16.59 17.34 17.21 29.53
-23.84 -23.7 2.676 0.7341 -0.001113 -0.04032 -0.1553 0.1605 589 7.158 20.13 -43.35 48.33 261.9 0 0 0 0.003326 0.006816 0.009123 0.01186 3.19 6.536 8.748 11.38
-20.34 -21.45 14.05 0.8454 -0.08484 -0.01046 -0.1556 0.1775 590 -3.906 -28.15 9.179 29.87 403.1 0 0 0 0.01162 0.04045 0.03334 0.05369 11.15 38.79 31.97 51.49
37.55 -16.81 0.4456 0.3862 0.009082 0.05738 0.1951 0.2036 591 -3.162 -26.43 25.72 37.02 136.8 0 0 0 0.03246 0.02626 0.02247 0.04741 31.13 25.18 21.54 45.46
-14.43 10.67 7.665 1.097 -0.1404 0.002714 -0.1031 0.1742 592 6.515 -27.05 -7.857 28.91 421.6 0 0 0 0.0151 0.03366 0.006537 0.03746 14.48 32.27 6.269 35.93
30.44 25.38 7.476 0.6697 -0.0953 0.049 0.176 0.2061 593 28.78 -18.63 24.16 41.94 253.4 0 0 0 0.02649 0.008871 0.005952 0.02857 25.41 8.506 5.707 27.39
-13.18 8.102 9.881 1.457 -0.1692 0.003452 -0.08294 0.1884 594 3.688 -5.563 -15.54 16.91 611.3 0 0 0 0.03444 0.005812 0.02792 0.04471 33.02 5.573 26.77 42.87
12.31 -25.84 10.09 1.086 -0.1741 0.03036 0.2047 0.2704 595 8.714 -26.83 -15.25 32.07 480.3 0 0 0 0.00927 0.01594 0.004885 0.01907 8.889 15.28 4.685 18.29
28.79 11.25 9.316 0.9606 -0.06143 0.02535 0.1986 0.2094 596 2.19 10.33 7.529 12.97 410.1 0 0 0 0.01021 0.003285 0.02251 0.02493 9.791 3.15 21.58 23.91
-24.49 12.02 13.74 1.471 -0.1144 -0.04063 -0.1629 0.2032 597 -2.01 -6.862 13.41 15.2 640.7 0 0 0 0.02021 0.0175 0.02004 0.03342 19.38 16.78 19.22 32.04
24.98 -26.2 12.41 1.075 -0.06282 0.001917 0.1909 0.2009 598 -4.427 23.83 -12.67 27.35 480.5 0 0 0 0.02928 0.02212 0.01269 0.03883 28.08 21.21 12.17 37.23
41.5 -25.51 3.021 0.6229 -0.02249 -0.003515 0.1706 0.1721 599 12.75 -0.04032 37.59 39.69 229.5 0 0 0 0.02459 0.002181 0.01339 0.02808 23.58 2.091 12.84 26.93
-36.06 28.13 2.025 0.9113 -0.03169 -0.0298 -0.2038 0.2084 600 -10.3 -0.4412 -14.02 17.41 302.3 0 0 0 0.03918 0.01778 0.02766 0.05115 37.57 17.05 26.52 49.05
-36.66 -5.035 18.01 1.484 -0.08709 -0.009919 -0.2006 0.2189 601 -10.94 0.9465 -4.523 11.87 713.1 0 0 0 0.0233 0.007845 0.01863 0.03085 22.35 7.523 17.86 29.58
-28.3 -23.11 15.35 1.2 -0.1233 -0.01622 -0.1944 0.2308 602 18.17 -2.678 10.55 21.18 574.9 0 0 0 0.01376 0.01104 0.02639 0.03175 13.2 10.59 25.31 30.44
47.06 -23.87 10.09 0.6631 -0.03919 0.004876 0.1992 0.203 603 8.005 0.6303 -7.703 11.13 275.1 0 0 0 0.02482 0.004924 0.0194 0.03188 23.8 4.722 18.6 30.57
-1.301 18.29 15.94 1.438 -0.1703 -0.009694 0.07347 0.1857 604 -20.85 -2.182 -25.86 33.29 629.2 0 0 0 0.01692 0.001935 0.01323 0.02156 16.22 1.855 12.69 20.68
-3.497 -3.812 0.4871 0.273 -0.08971 -0.07744 0.0562 0.1312 605 -54.12 12.41 -40.28 68.6 96.07 0 0 0 0.02745 0.03019 0.02672 0.04878 26.33 28.95 25.62 46.77
-31.61 10.12 14.01 1.838 -0.06547 -0.02464 -0.1884 0.201 606 -20.3 2.798 -8.746 22.28 810.2 0 0 0 0.0291 0.01611 0.01473 0.03637 27.9 15.44 14.12 34.88
-24.7 15.6 19.05 1.406 -0.143 -0.04588 -0.1371 0.2033 607 1.025 -4.337 -0.2982 4.466 621.5 0 0 0 0.02179 0.01516 0.02508 0.03652 20.89 14.54 24.05 35.02
-43.54 27.2 13.89 1.226 -0.06964 -0.01102 -0.1792 0.1925 608 -15.9 28.31 -17.86 37.06 515.5 0 0 0 0.01709 0.01262 0.04774 0.05225 16.39 12.1 45.77 50.1
36.08 -24.16 3.718 0.5445 -0.03624 0.01069 0.2212 0.2244 609 26.04 -10.46 9.177 29.53 201.7 0 0 0 0.0215 0.005266 0.02608 0.03421 20.61 5.05 25.01 32.8
-3.555 -8.469 11.07 0.856 -0.2015 -0.02187 -0.02212 0.2039 610 13.07 1.505 3.547 13.63 397.1 0 0 0 0.009762 0.01018 0.01136 0.01811 9.361 9.76 10.89 17.36
30.17 14.58 13.95 1.911 -0.08491 0.009136 0.1853 0.204 611 6.252 8.875 11.5 15.81 836.8 0 0 0 0.01028 0.008061 0.03214 0.0347 9.862 7.73 30.82 33.27
3.65 11.47 2.356 1.025 0.01756 -0.02856 0.1835 0.1866 612 -53.15 -0.6165 -15.89 55.47 347.3 0 0 0 0.02587 0.02638 0.002298 0.03702 24.8 25.3 2.203 35.5
-17.84 21.2 14.42 1.156 -0.1759 -0.05201 -0.1385 0.2299 613 -3.26 12.74 0.5125 13.16 515.8 0 0 0 0.01769 0.004428 0.01875 0.02616 16.96 4.246 17.98 25.08
19.25 20.14 12.75 1.526 -0.08664 -0.02785 0.1725 0.195 614 -3.179 7.909 -1.082 8.593 639.8 0 0 0 0.02085 0.006498 0.01704 0.0277 19.99 6.231 16.34 26.56
43.45 20.72 7.02 1.425 -0.06158 0.03827 0.1761 0.1905 615 5.216 -13.81 -8.326 16.94 559 0 0 0 0.02513 0.01445 0.01893 0.03462 24.1 13.86 18.15 33.2
-28.33 3.023 0.8494 1.181 0.00123 -0.05089 -0.1923 0.1989 616 -10.26 1.263 -8.86 13.62 375.3 0 0 0 0.007445 0.009866 0.008968 0.01527 7.139 9.46 8.6 14.64
5.828 11.76 6.853 1.479 -0.07939 0.04042 0.1801 0.2009 617 -14.28 4.365 -6.755 16.39 579 0 0 0 0.05103 0.01942 0.01575 0.05683 48.93 18.62 15.11 54.49
43.28 6.449 10.92 1.208 -0.05294 0.03483 0.1773 0.1883 618 19.67 15.42 8.468 26.39 530.3 0 0 0 0.004855 0.02374 0.01858 0.03053 4.655 22.76 17.82 29.28
30.95 -15.42 11.46 1.028 -0.05281 -0.01305 0.2154 0.2222 619 -9.223 27.08 -10.68 30.54 459.3 0 0 0 0.01557 0.006878 0.01743 0.02436 14.93 6.595 16.71 23.36
-20.02 -13.51 20.02 1.177 -0.1461 -0.02905 -0.1241 0.1939 620 9.864 -13.72 -2.159 17.04 579.2 0 0 0 0.00404 0.009037 0.007707 0.01255 3.875 8.666 7.391 12.03
-9.381 9.868 15.68 1.265 -0.1952 0.005889 -0.02755 0.1972 621 -8.066 -5.683 -8.23 12.85 561.4 0 0 0 0.02008 0.004215 0.01537 0.02564 19.26 4.041 14.74 24.58
12.01 9.978 4.879 1.549 -0.06919 0.03266 0.2137 0.227 622 15.54 2.111 -7.374 17.33 578.7 0 0 0 0.02202 0.01731 0.02187 0.03554 21.12 16.6 20.97 34.08
-39.42 18.4 11.5 0.9742 -0.07037 -0.001849 -0.2205 0.2315 623 -0.3714 -6.528 -0.3162 6.546 410.6 0 0 0 0.0101 0.007749 0.001899 0.01287 9.686 7.43 1.821 12.34
28.36 -8.175 10.41 0.9017 -0.03846 -0.002278 0.2017 0.2053 624 -8.654 13.72 6.752 17.57 400.5 0 0 0 0.02328 0.007582 0.02149 0.03258 22.33 7.27 20.61 31.24
-41.14 -0.9331 8.292 0.7532 -0.02766 -0.0005044 -0.1944 0.1964 625 -16.22 -1.354 -15.11 22.21 292.8 0 0 0 0.0276 0.007157 0.02958 0.04109 26.47 6.863 28.37 39.4
16.62 30.17 7.892 0.953 -0.1758 -0.02192 0.2536 0.3093 626 130.4 -15.28 -109.6 171 365.3 0 0 0 0.06989 0.02995 0.06427 0.09956 67.02 28.72 61.63 95.47
16.17 -10.23 19.25 1.128 -0.1392 -0.009204 0.1381 0.1963 627 2.241 -4.866 -5.144 7.427 539.8 0 0 0 0.009946 0.005356 0.009953 0.01506 9.538 5.136 9.544 14.44
-17.55 4.263 7.509 0.9728 -0.09521 -0.008782 -0.1432 0.1722 628 -31.38 1.562 -24.74 39.99 378.8 0 0 0 0.005283 0.01697 0.01461 0.02301 5.066 16.27 14.01 22.06
-5.625 -15.44 4.737 0.4046 -0.07233 -0.1001 -0.1522 0.196 629 -17.73 33.28 18.97 42.21 157.4 0 0 0 0.03287 0.02905 0.01294 0.04574 31.52 27.86 12.41 43.86
-28.24 -2.414 1.068 0.7733 -0.01064 -0.07571 -0.1851 0.2002 630 1.026 26.04 -1.464 26.1 249.7 0 0 0 0.006023 0.01437 0.01012 0.01858 5.775 13.78 9.707 17.82
-29.76 -10.89 9.719 1.894 -0.06483 -0.0541 -0.1623 0.1829 631 -0.3427 15.36 -17.83 23.54 809.5 0 0 0 0.03434 0.03086 0.0242 0.05213 32.93 29.59 23.21 49.99
-1.708 -2.84 7.025 0.8245 -0.1201 -0.0911 0.04925 0.1586 632 11.94 3.814 -6.708 14.21 339.1 0 0 0 0.00567 0.03337 0.01172 0.03582 5.437 32 11.24 34.35
-17.84 15.49 4.445 1.468 -0.0983 0.04163 -0.2046 0.2308 633 0.5115 -23.11 17.67 29.09 511.3 0 0 0 0.02309 0.008662 0.01894 0.0311 22.14 8.306 18.17 29.82
21.55 19.19 13.62 0.7334 -0.06379 -0.003938 0.1752 0.1865 634 -24.47 -5.884 -4.377 25.54 311.3 0 0 0 0.0396 0.009754 0.007418 0.04145 37.97 9.354 7.114 39.75
18.52 -4.217 4.879 0.6467 -0.0311 0.02329 0.1938 0.1977 635 -14.45 -27.78 9.46 32.71 246.3 0 0 0 0.0243 0.02007 0.02112 0.03793 23.3 19.25 20.25 36.38
19.94 17.79 9.8 1.061 -0.07481 -0.01445 0.1825 0.1978 636 -7.046 2.588 2.19 7.819 440.3 0 0 0 0.00737 0.004275 0.01818 0.02008 7.067 4.099 17.44 19.26
34.47 -10.96 6.921 0.7753 -0.0175 -0.009533 0.2433 0.2441 637 3.786 32.02 -14.64 35.41 310.8 0 0 0 0.02237 0.01499 0.01127 0.02919 21.45 14.38 10.81 27.99
-30.14 19.29 11.4 1.317 -0.07339 -0.01988 -0.1791 0.1946 638 -18.35 -27.13 -16.16 36.52 559.3 0 0 0 0.01191 0.02086 0.03422 0.04181 11.42 20 32.81 40.09
-13.38 -4.564 17.88 1.029 -0.163 -0.08374 -0.08332 0.2013 639 -2.345 18.23 -15.01 23.73 491.2 0 0 0 0.04394 0.01323 0.01372 0.0479 42.14 12.69 13.16 45.93
-18.88 -5.956 16.29 0.8778 -0.1395 -0.05886 -0.1372 0.2043 640 2.306 -1.225 4.464 5.171 418.2 0 0 0 0.01746 0.02606 0.009886 0.03289 16.74 24.99 9.48 31.54
46.41 -18.18 13.24 1.019 -0.02874 0.01595 0.1894 0.1923 641 -19.65 0.7619 -9.072 21.65 452.3 0 0 0 0.01102 0.006126 0.008841 0.0154 10.56 5.875 8.478 14.76
38.74 -6.429 16.42 0.9562 -0.0698 0.01555 0.2214 0.2326 642 -7.483 2.721 -26.22 27.4 442.1 0 0 0 0.01464 0.005377 0.03603 0.03927 14.04 5.156 34.55 37.65
-9.075 -19.92 8.527 1.132 -0.1666 -0.05769 -0.2109 0.2748 643 7.239 26.53 -1.567 27.54 490.7 0 0 0 0.02248 0.0291 0.03041 0.04771 21.56 27.9 29.16 45.75
-37.36 -15.38 9.406 1.188 -0.06369 0.005062 -0.2222 0.2312 644 5.895 -16.63 -1.908 17.75 496.6 0 0 0 0.02507 0.006767 0.02201 0.03404 24.04 6.489 21.1 32.64
33.51 29.36 12.47 1.02 -0.06307 0.0531 0.1689 0.1879 645 -16.26 -3.573 0.8107 16.67 402.9 0 0 0 0.04636 0.04468 0.01753 0.06672 44.45 42.84 16.81 63.98
-26.77 -12.96 14.29 0.9295 -0.06887 -0.03883 -0.1474 0.1673 646 -15.65 -4.476 -5.811 17.29 442 0 0 0 0.03276 0.03649 0.01867 0.05247 31.41 34.99 17.9 50.32
-46.65 25.34 7.139 0.5386 -0.06331 0.0276 -0.2163 0.227 647 29.07 -6.688 -10.29 31.55 200.9 0 0 0 0.02533 0.01784 0.03006 0.04317 24.29 17.1 28.83 41.4
48.42 8.421 14.94 1.235 -0.02073 0.03588 0.1953 0.1996 648 -9.991 -9.03 -16.51 21.31 554.2 0 0 0 0.02089 0.01402 0.01786 0.03085 20.03 13.45 17.13 29.58
-12.07 -5.803 7.967 0.7455 -0.1392 -0.02083 -0.1393 0.1981 649 -2.39 1.348 -0.1069 2.745 310.8 0 0 0 0.02209 0.006663 0.02216 0.03199 21.19 6.389 21.25 30.68
-35.26 14.73 7.52 1.473 -0.05289 -0.05373 -0.2051 0.2185 650 -0.03342 16.88 -4.222 17.4 556.6 0 0 0 0.007832 0.02941 0.004275 0.03073 7.51 28.2 4.099 29.47
17.16 -3.085 8.926 1.046 -0.07202 -0.002264 0.1961 0.209 651 1.35 -9.752 -2.127 10.07 451.1 0 0 0 0.02519 0.01814 0.03376 0.04586 24.15 17.39 32.37 43.97
-41.54 -25.75 12.23 0.9214 -0.046 0.01434 -0.2098 0.2153 652 1.017 -29.97 4.99 30.4 402.7 0 0 0 0.003345 0.006179 0.003864 0.008018 3.208 5.925 3.705 7.689
1.168 -24.34 10.87 0.835 -0.2109 -0.02348 -0.02941 0.2142 653 -2.793 13.53 -7.226 15.59 378.4 0 0 0 0.01353 0.01034 0.01186 0.02075 12.98 9.917 11.37 19.9
5.27 5.742 18.05 1.504 -0.1636 -0.01202 0.1071 0.1959 654 -1.509 -1.526 1.126 2.423 675.2 0 0 0 0.01432 0.01393 0.006374 0.02097 13.73 13.36 6.112 20.11
16.37 18.21 15.8 2.255 -0.1009 -0.018 0.1688 0.1975 655 -8.103 -1.969 -9.594 12.71 959.8 0 0 0 0.03498 0.009693 0.02238 0.04264 33.54 9.294 21.46 40.89
-22.41 25.27 19.2 1.385 -0.1985 -0.04585 -0.1145 0.2337 656 17.33 2.262 -8.357 19.37 595.2 0 0 0 0.0236 0.01484 0.01207 0.03038 22.63 14.23 11.57 29.13
25.88 -9.129 6.133 0.6811 -0.02577 -0.0003503 0.1873 0.189 657 -5.174 8.89 1.038 10.34 268.8 0 0 0 0.01133 0.01019 0.01165 0.01919 10.87 9.776 11.17 18.4
-3.626 -30.06 17.83 1.492 -0.2189 -0.02016 -0.07813 0.2333 658 13.92 -12.61 -7.445 20.21 712.9 0 0 0 0.02385 0.03139 0.01038 0.04077 22.87 30.1 9.951 39.09
-13.35 -3.622 4.955 1.086 -0.09817 -0.06855 -0.1327 0.1787 659 5.796 33.49 -6.016 34.52 404.8 0 0 0 0.0508 0.01796 0.02367 0.05885 48.71 17.22 22.7 56.43
45.85 -15.17 19.44 0.6429 -0.1027 0.06578 0.144 0.1887 660 40.75 -29.67 40.93 64.93 300 0 0 0 0.03002 0.01463 0.02728 0.04313 28.79 14.03 26.16 41.36
-12.92 16.34 9.494 1.62 -0.1585 0.01209 -0.09214 0.1838 661 -1.604 -2.573 4.255 5.225 664.5 0 0 0 0.0212 0.002709 0.03661 0.04239 20.33 2.598 35.1 40.65
15.54 -26.75 0.9049 0.2883 0.01673 0.03903 0.2338 0.2376 662 -20.39 -0.3523 16.47 26.21 108.4 0 0 0 0.04765 0.01523 0.006966 0.0505 45.69 14.61 6.68 48.43
-27.26 26.38 2.578 0.8039 -0.07595 -0.06126 -0.2078 0.2296 663 5.884 21.37 10.78 24.65 275.1 0 0 0 0.008793 0.01927 0.04005 0.04531 8.432 18.48 38.41 43.45
9.389 29.9 3.504 1.046 -0.0892 0.03646 0.1722 0.1973 664 -15.16 19.3 8.567 25.99 383 0 0 0 0.01218 0.007268 0.04685 0.04895 11.68 6.969 44.92 46.94
20.43 -28.77 0.6004 0.3831 -0.01949 0.004202 0.2193 0.2202 665 19.66 24.98 3.903 32.02 144.5 0 0 0 0.02504 0.04355 0.02396 0.05566 24.01 41.76 22.97 53.37
-27.66 -22.72 18.42 1.371 -0.1412 -0.04068 -0.1861 0.2371 666 17.06 21.33 9.46 28.9 682.6 0 0 0 0.01826 0.011 0.01939 0.02882 17.51 10.55 18.59 27.63
6.6 -17.54 10.29 1.711 -0.1645 -0.01675 0.115 0.2014 667 -15.72 11.75 -6.857 20.79 779 0 0 0 0.01636 0.005226 0.02421 0.02968 15.69 5.011 23.21 28.46
-39.64 15.46 4.225 1.087 -0.03613 -0.0007338 -0.2058 0.209 668 -3.463 -4.708 -9.03 10.76 373.1 0 0 0 0.01713 0.00817 0.01087 0.02187 16.43 7.835 10.42 20.98
17.63 3.937 5.291 1.761 -0.02195 0.009789 0.1974 0.1988 669 -20.39 -20.84 8.845 30.47 685.3 0 0 0 0.02028 0.01785 0.02456 0.03651 19.44 17.11 23.55 35.01
-8.361 21.17 13.11 1.553 -0.2043 0.01945 -0.02756 0.2071 670 -6.324 -0.4282 -5.817 8.603 687.3 0 0 0 0.003951 0.01691 0.007411 0.01888 3.789 16.22 7.107 18.11
-9.947 -13.31 13.02 1.079 -0.2019 -0.01425 -0.149 0.2513 671 14.73 -8.323 7.907 18.68 517.5 0 0 0 0.01752 0.01207 0.02535 0.0331 16.8 11.58 24.31 31.74
-26.64 -14.28 17.28 1.342 -0.1111 -0.04998 -0.158 0.1995 672 -0.3714 19.9 3.606 20.23 661.8 0 0 0 0.03235 0.01296 0.01737 0.03894 31.02 12.42 16.65 37.34
-2.471 6.228 5.951 1.704 -0.114 -0.1149 0.04752 0.1687 673 2.358 11.74 17.73 21.4 656.5 0 0 0 0.0188 0.008698 0.02197 0.03019 18.03 8.341 21.06 28.95
-36.17 -26.16 4.214 0.6262 -0.05571 0.009259 -0.2153 0.2226 674 18.83 -11.17 -6.57 22.86 224.9 0 0 0 0.0179 0.009324 0.01174 0.02335 17.17 8.941 11.26 22.39
14.13 13.53 6.814 0.6938 -0.07519 0.001447 0.186 0.2006 675 2.598 -1.699 7.901 8.489 270.5 0 0 0 0.03585 0.002489 0.02689 0.04488 34.38 2.386 25.79 43.04
10.99 15.44 16.1 0.9667 -0.1452 -0.01943 0.1536 0.2122 676 12.11 3.124 -8.48 15.11 418.1 0 0 0 0.005756 0.004647 0.01907 0.02045 5.519 4.456 18.28 19.61
27.81 25.81 7.558 1.576 -0.04389 0.008027 0.1822 0.1876 677 -4.813 16.1 -8.064 18.64 597.7 0 0 0 0.01034 0.00234 0.04234 0.04365 9.911 2.244 40.6 41.86
3.156 -19.7 18.95 0.9554 -0.2357 -0.03194 0.02083 0.2388 678 7.646 6.21 -3.166 10.35 469.5 0 0 0 0.01919 0.01002 0.02244 0.03118 18.4 9.612 21.51 29.9
-6.302 -14.25 19.35 1.284 -0.2062 -0.06588 -0.06687 0.2266 679 21.08 17.04 0.747 27.12 636.5 0 0 0 0.02616 0.01992 0.03591 0.04869 25.08 19.1 34.43 46.69
40.68 -28.4 5.773 0.5247 0.02969 -0.01105 0.2414 0.2435 680 -33.49 2.313 -28.04 43.74 195.4 0 0 0 0.0106 0.001774 0.02767 0.02968 10.17 1.701 26.53 28.46
24.61 6.163 19.44 0.999 -0.1258 0.02925 0.1802 0.2217 681 0.7385 -14.62 -3.983 15.17 448.5 0 0 0 0.0233 0.007529 0.02089 0.03218 22.34 7.22 20.03 30.86
-14.97 26.24 11.32 1.519 -0.2121 0.03159 -0.08147 0.2294 682 10.66 -15.63 -25.03 31.37 649.1 0 0 0 0.03075 0.0184 0.02607 0.04432 29.49 17.65 25 42.5
-11.23 -9.297 15.18 0.9541 -0.1714 -0.009047 -0.08317 0.1908 683 -8.663 -28.92 -30.39 42.84 462.4 0 0 0 0.0102 0.01388 0.02566 0.03091 9.784 13.31 24.61 29.64
-45.13 -8.639 7.029 0.8582 -0.01413 0.008934 -0.2245 0.2251 684 -5.818 -9.628 7.753 13.66 323.5 0 0 0 0.01007 0.002283 0.01807 0.02081 9.654 2.189 17.32 19.95
12.06 -13.81 7.343 1.519 -0.1197 0.02985 0.2175 0.2501 685 -7.865 -4.654 -15.84 18.29 637.4 0 0 0 0.03479 0.01744 0.02879 0.0484 33.36 16.73 27.6 46.42
0.4776 -2.4 11.25 1.481 -0.1724 -0.004553 0.0786 0.1896 686 -2.986 -4.196 -7.009 8.697 682.6 0 0 0 0.009026 0.007365 0.01149 0.01636 8.656 7.062 11.02 15.69
19.64 -15.62 2.251 0.5678 -0.008182 0.01974 0.1976 0.1987 687 -27.92 12.49 13.57 33.46 206 0 0 0 0.03294 0.0172 0.0224 0.04339 31.59 16.49 21.48 41.61
-13.72 -4.549 0.625 0.4115 -0.03172 -0.03026 -0.1537 0.1598 688 5.679 6.381 -3.912 9.396 139.7 0 0 0 0.007117 0.00541 0.009428 0.01299 6.825 5.188 9.041 12.46
-25.71 -21.97 10.27 0.8631 -0.04289 -0.01172 -0.1852 0.1905 689 -12.41 -12.57 9.538 20.07 374.2 0 0 0 0.01959 0.006637 0.02736 0.0343 18.79 6.365 26.23 32.89
11.61 5.447 7.249 0.9903 -0.08638 0.006869 0.2006 0.2185 690 -0.4987 10.34 -9.06 13.76 406.6 0 0 0 0.01568 0.01229 0.003557 0.02024 15.04 11.78 3.411 19.41
-19.44 -5.514 6.128 0.7758 -0.09789 -0.008485 -0.2052 0.2275 691 8.116 3.478 8.69 12.39 295.6 0 0 0 0.03707 0.0216 0.02586 0.05009 35.54 20.71 24.79 48.03
-24.58 -11.12 15.79 1.401 -0.1036 -0.04188 -0.1449 0.183 692 -6.479 -1.764 -5.843 8.901 675.4 0 0 0 0.009148 0.02226 0.01465 0.02818 8.772 21.35 14.05 27.02
-33.61 -4.809 16.38 1.256 -0.0954 -0.01949 -0.2104 0.2318 693 -15.94 12.7 10.87 23.1 596.7 0 0 0 0.02007 0.003122 0.01584 0.02576 19.25 2.994 15.19 24.7
4.639 -5.163 4.195 1.348 -0.05362 -0.06 0.1622 0.1811 694 -10.04 26.41 -20.9 35.14 516.1 0 0 0 0.02283 0.00614 0.0104 0.02583 21.9 5.888 9.97 24.77
34.16 25.02 2.39 0.5628 -0.03988 0.06811 0.2001 0.2151 695 5.577 -26.42 0.7017 27.01 188.4 0 0 0 0.02906 0.0239 0.02005 0.04263 27.87 22.92 19.22 40.88
14.26 -19.39 12.45 0.8737 -0.157 -0.002995 0.1605 0.2246 696 -3.68 4.994 4.558 7.698 406.3 0 0 0 0.001371 0.004273 0.003339 0.005593 1.314 4.097 3.202 5.363
15.2 18.45 5.478 1.58 -0.0339 -0.003879 0.2138 0.2165 697 -25.9 2.836 -13.93 29.55 585.8 0 0 0 0.01118 0.003537 0.01789 0.02139 10.72 3.392 17.16 20.51
3.813 23.67 0.4279 1.021 -0.05691 0.002063 0.1193 0.1322 698 4.463 -6.012 7.967 10.93 352 0 0 0 0.02013 0.008027 0.0239 0.03226 19.31 7.697 22.92 30.94
36.38 -9.613 5.466 0.8834 -0.01235 0.03364 0.2066 0.2097 699 -5.441 1.036 13.95 15.01 338.4 0 0 0 0.02462 0.005834 0.01019 0.02728 23.61 5.594 9.77 26.16
7.255 -16.82 3.747 1.114 -0.1148 -0.02164 0.1146 0.1636 700 29.57 6.28 16.37 34.38 428.3 0 0 0 0.02299 0.008229 0.02645 0.03599 22.04 7.891 25.36 34.52
1.574 13.89 16.4 1.16 -0.1537 -0.007939 0.08644 0.1765 701 -21.72 5.203 -5.611 23.03 506.3 0 0 0 0.04733 0.01535 0.02021 0.0537 45.38 14.72 19.38 51.49
-49.8 -21.2 18.72 1.524 -0.05003 -0.02682 -0.1803 0.189 702 -13.12 8.635 20.39 25.74 767.3 0 0 0 0.02837 0.001856 0.02372 0.03703 27.2 1.78 22.75 35.51
-12.41 -0.755 17.28 1.009 -0.1873 -0.01467 -0.07746 0.2032 703 2.211 -20.97 -16.05 26.5 470.7 0 0 0 0.02746 0.006536 0.01772 0.03333 26.34 6.267 16.99 31.96
11.23 -16.63 18.85 1.11 -0.1824 -0.04128 0.09637 0.2104 704 13.48 3.966 9.58 17.01 539.8 0 0 0 0.02303 0.02294 0.0204 0.03838 22.08 21.99 19.56 36.8
-41.51 -23.55 6.861 1.053 -0.04151 -0.005915 -0.1826 0.1873 705 -10.89 -2.126 -10.8 15.49 403 0 0 0 0.01829 0.003695 0.02691 0.03274 17.54 3.544 25.8 31.4
-16.46 11.79 15.9 1.667 -0.1829 -0.06698 -0.08469 0.2124 706 16.21 17.39 -19.3 30.62 732.9 0 0 0 0.01583 0.01909 0.02156 0.03286 15.18 18.3 20.68 31.51
-42.37 -2.521 11.15 0.9209 -0.05846 -0.002544 -0.2168 0.2245 707 -3.026 1.581 11.54 12.04 394.7 0 0 0 0.01889 0.008113 0.01134 0.02348 18.12 7.779 10.87 22.52
33.58 23.81 10.67 0.8878 -0.06214 0.09275 0.1915 0.2217 708 -2.305 -18.97 -12.13 22.63 357.2 0 0 0 0.02571 0.02162 0.01519 0.03687 24.65 20.73 14.57 35.35
34.94 -28.32 4.925 0.7833 0.01274 0.00442 0.2495 0.2498 709 -22.94 -2.458 -13.04 26.5 294.2 0 0 0 0.02991 0.01007 0.03531 0.04736 28.68 9.661 33.86 45.41
18.97 10.48 14.06 1.15 -0.09747 -0.01393 0.1712 0.1975 710 12.19 -3.719 3.408 13.19 513.5 0 0 0 0.01958 0.001989 0.01575 0.02521 18.78 1.907 15.1 24.17
-26.2 -9.107 12.36 3.229 -0.0906 -0.03871 -0.1727 0.1988 711 -2.673 -13.85 1.747 14.21 1476 0 0 0 0.01737 0.0133 0.006192 0.02274 16.66 12.75 5.938 21.8
-26.28 -7.749 9.66 1.727 -0.09697 -0.0545 -0.184 0.215 712 25.19 -6.297 1.579 26.01 740.2 0 0 0 0.02258 0.02606 0.0363 0.05007 21.65 24.99 34.81 48.01
31.33 -6.642 8.929 0.7112 -0.02149 0.0123 0.2018 0.2033 713 -17.12 4.96 11.32 21.12 303.1 0 0 0 0.01454 0.01364 0.024 0.0312 13.95 13.07 23.01 29.92
-45.43 18.89 17.71 2.118 -0.06501 0.0002747 -0.1927 0.2034 714 10.54 -24.35 -5.112 27.02 946.4 0 0 0 0.007885 0.003964 0.003458 0.009479 7.561 3.802 3.316 9.089
13.7 15.11 11.71 1.444 -0.09956 -0.009209 0.1649 0.1928 715 -2.797 -2.313 7.328 8.178 618.2 0 0 0 0.03412 0.007895 0.006605 0.03564 32.71 7.571 6.334 34.17
45.57 22.08 16.35 0.9094 -0.05365 0.06834 0.145 0.1691 716 -2.368 -31.41 10.4 33.17 370.9 0 0 0 0.01907 0.02408 0.02843 0.04185 18.28 23.09 27.26 40.13
44.1 11.72 13.74 0.8024 -0.04862 0.07197 0.1962 0.2146 717 9.864 -36.7 -19.87 42.89 358.1 0 0 0 0.01443 0.01122 0.0077 0.01983 13.84 10.76 7.384 19.02
-36.33 8.279 12.53 1.357 -0.05646 -0.001223 -0.2246 0.2316 718 -16.81 0.8881 19.2 25.53 581.5 0 0 0 0.02971 0.005979 0.02888 0.04187 28.49 5.734 27.69 40.15
9.183 5.529 19.12 1.543 -0.1411 -0.04787 0.1308 0.1983 719 -10.61 20.98 -1.953 23.59 695.7 0 0 0 0.02125 0.01971 0.01837 0.03432 20.38 18.9 17.62 32.91
-3.81 13.53 9.531 1.652 -0.1368 -0.009662 0.02856 0.14 720 -8.932 -11.49 4.465 15.22 682.8 0 0 0 0.01592 0.006176 0.01453 0.02243 15.27 5.923 13.94 21.51
-39.28 1.912 9.401 1.784 -0.0526 -0.01085 -0.2126 0.2193 721 0.1804 8.877 7.324 11.51 714.1 0 0 0 0.0092 0.004275 0.0151 0.01819 8.822 4.1 14.48 17.45
39.41 21.02 15.78 0.8653 -0.06168 0.0389 0.1696 0.1846 722 -13.37 16.41 -6.069 22.02 360 0 0 0 0.04006 0.03894 0.03392 0.06536 38.41 37.34 32.53 62.67
-25.96 0.8322 7.201 1.224 -0.08426 -0.04108 -0.1823 0.205 723 25.63 -5.522 -12.18 28.91 465.9 0 0 0 0.00591 0.01937 0.00974 0.02247 5.667 18.58 9.34 21.55
16.01 8.2 7.667 0.8595 -0.09104 0.01141 0.1854 0.2068 724 24.21 -26.5 13.93 38.5 352.3 0 0 0 0.01939 0.00143 0.03547 0.04045 18.59 1.371 34.01 38.79
-24.54 -26.68 17.64 0.9144 -0.1196 -0.008113 -0.1662 0.2049 725 -1.528 -7.339 -1.072 7.572 445.7 0 0 0 0.01124 0.008282 0.03596 0.03858 10.78 7.942 34.48 36.99
-8.972 10.13 15.44 0.7919 -0.1941 0.02506 -0.03185 0.1982 726 1.704 -10.72 -1.958 11.03 351.4 0 0 0 0.02734 0.01216 0.02005 0.03602 26.22 11.67 19.23 34.54
-46.35 -10.08 13.73 1.339 -0.06511 -0.009409 -0.183 0.1945 727 -0.2476 4.38 -6.179 7.578 624.5 0 0 0 0.01403 0.008219 0.007566 0.01793 13.45 7.882 7.256 17.19
37.8 -22.06 9.26 0.5933 -0.04601 0.01388 0.2207 0.2259 728 -1.061 -5.327 -0.5263 5.457 245.5 0 0 0 0.02063 0.008524 0.02154 0.03102 19.79 8.174 20.65 29.74
20.79 -6.239 17.43 1.142 -0.1032 0.003078 0.1666 0.196 729 -3.633 -6.426 -11.17 13.39 537.7 0 0 0 0.03508 0.007938 0.01521 0.03905 33.64 7.612 14.59 37.44
-43.95 -12.31 19.75 1.122 -0.06705 -0.02095 -0.1679 0.182 730 -7.823 -4.051 -13.24 15.9 554.9 0 0 0 0.02577 0.005173 0.02754 0.03808 24.72 4.96 26.41 36.51
10.67 6.027 6.2 1.392 -0.07734 0.06109 0.1775 0.203 731 -1.64 -23.05 22.03 31.93 552.3 0 0 0 0.009007 0.004625 0.02082 0.02315 8.637 4.435 19.96 22.2
-31.19 0.5004 16.31 1.676 -0.1207 0.002719 -0.1759 0.2134 732 10.2 -4.03 4.216 11.75 770.8 0 0 0 0.007339 0.01362 0.01544 0.02186 7.037 13.06 14.81 20.96
-49.7 -18.05 13.36 0.9279 -0.04132 -0.05557 -0.1919 0.204 733 7.918 23.79 7.303 26.12 429.4 0 0 0 0.03179 0.01496 0.02453 0.04285 30.48 14.35 23.52 41.09
35.86 1.102 18.56 0.8255 -0.09514 0.03795 0.2027 0.2271 734 9.036 -19.23 -13.46 25.16 374.7 0 0 0 0.02033 0.006928 0.01513 0.02627 19.5 6.643 14.51 25.19
-24.31 -29.23 9.566 0.9502 -0.04363 -0.0637 -0.1648 0.182 735 -26.7 41.3 -13.05 50.88 397.4 0 0 0 0.0289 0.01134 0.03533 0.04703 27.72 10.88 33.87 45.1
11.05 -29.38 15.62 0.8231 -0.202 -0.04024 0.119 0.2379 736 9.295 16.27 -12.2 22.36 384 0 0 0 0.007544 0.009607 0.00563 0.01345 7.234 9.213 5.398 12.9
-48.23 23.84 6.128 1.056 -0.02477 0.008543 -0.1954 0.1971 737 10.65 -8.474 -33.04 35.73 386.3 0 0 0 0.02606 0.003971 0.01717 0.03146 24.99 3.808 16.47 30.17
7.249 6.647 5.461 1.168 -0.07272 0.06333 0.199 0.2211 738 -10.05 -24.14 0.2955 26.16 450.9 0 0 0 0.009147 0.01371 0.03108 0.03518 8.771 13.15 29.8 33.74
26.2 -10.83 3.103 0.6794 0.007246 0.01919 0.1702 0.1715 739 -20.99 2.672 19.26 28.61 246.2 0 0 0 0.008553 0.01834 0.01308 0.02409 8.201 17.59 12.54 23.1
-12.59 -19.32 9.034 0.6101 -0.113 -0.05503 -0.2103 0.245 740 -5.925 29.91 2.52 30.6 265.8 0 0 0 0.01228 0.0169 0.01368 0.02498 11.78 16.21 13.12 23.95
26.29 -14.4 2.6 0.8811 0.01335 -0.004978 0.1774 0.178 741 -19.61 11.5 10.72 25.14 316.9 0 0 0 0.008368 0.002849 0.01036 0.01362 8.024 2.732 9.938 13.06
-14.48 10.63 4.944 1.644 -0.105 -0.05557 -0.1258 0.173 742 -8.958 0.2886 -2.429 9.286 580.1 0 0 0 0.02182 0.03543 0.02302 0.04756 20.92 33.98 22.07 45.6
-30.21 -3.883 13.03 1.772 -0.09306 -0.01898 -0.1681 0.193 743 5.624 -20.73 -0.4228 21.49 813.1 0 0 0 0.01226 0.01914 0.01546 0.02749 11.76 18.35 14.83 26.36
-6.406 29.67 0.2611 0.6358 -0.08915 -0.05742 -0.02008 0.1079 744 1.305 -7.646 28.41 29.45 240.1 0 0 0 0.006886 0.03358 0.04771 0.05875 6.603 32.21 45.75 56.34
40.66 9.764 2.159 1.244 -0.01885 0.06589 0.1956 0.2073 745 21.16 -18.37 13.11 30.94 431.8 0 0 0 0.009076 0.01937 0.01033 0.02376 8.703 18.58 9.905 22.78
-43.59 10.99 14.94 1.528 -0.1041 -0.003241 -0.1776 0.2059 746 21.18 -7.01 -15.58 27.21 679.8 0 0 0 0.01689 0.01085 0.03603 0.04124 16.2 10.4 34.55 39.55
-41.08 18.16 18.41 1.445 -0.08901 -0.01017 -0.1867 0.2071 747 3.756 2.175 -1.845 4.717 646.2 0 0 0 0.02618 0.005701 0.01852 0.03257 25.1 5.467 17.76 31.23
-28.69 -0.7114 6.024 0.6784 -0.04715 -0.03525 -0.1961 0.2047 748 12.44 -21.4 11.3 27.21 246.3 0 0 0 0.0143 0.006799 0.004622 0.01649 13.71 6.52 4.432 15.82
-24.27 13.63 18.62 1.703 -0.1351 -0.05578 -0.1274 0.1939 749 4.935 3.236 -4.939 7.696 754.2 0 0 0 0.02118 0.01648 0.0141 0.03032 20.31 15.8 13.52 29.07
-7.721 -27.16 3.751 0.2501 -0.0915 0.04383 -0.2105 0.2337 750 27.24 -20.19 -13.91 36.65 97.18 0 0 0 0.01752 0.01099 0.02623 0.0334 16.8 10.54 25.15 32.03
-3.623 -15.72 16.28 1.12 -0.2114 -0.05433 -0.0443 0.2227 751 2.625 10.81 -12.4 16.66 550.7 0 0 0 0.03427 0.0109 0.02054 0.04142 32.86 10.46 19.7 39.71
-27.39 -16.19 16.71 1.716 -0.1151 -0.0261 -0.1592 0.1982 752 5.085 -4.325 -5.69 8.771 841.3 0 0 0 0.01961 0.006217 0.01838 0.02759 18.81 5.962 17.63 26.46
-28.83 -26.64 13.62 1.689 -0.08931 -0.01686 -0.1978 0.2177 753 -1.111 -3.171 0.5046 3.397 778.8 0 0 0 0.004669 0.01037 0.01145 0.01614 4.478 9.946 10.98 15.48
20.69 1.444 7.806 1.674 -0.0436 -0.01162 0.2008 0.2058 754 1.401 -12.57 -3.38 13.09 698.5 0 0 0 0.01212 0.01013 0.00423 0.01635 11.63 9.712 4.057 15.68
2.716 25.89 12.74 1.052 -0.1925 0.01767 0.07788 0.2084 755 6.498 -3.35 9.318 11.84 453.2 0 0 0 0.02577 0.001675 0.04009 0.04769 24.72 1.607 38.44 45.73
-37.63 7.424 0.7572 0.5948 -0.02232 -0.009664 -0.1986 0.2001 756 19.08 5.8 -20.61 28.68 185.5 0 0 0 0.009656 0.003962 0.01863 0.02135 9.259 3.799 17.86 20.48
33.58 16.48 8.562 1.261 -0.05124 0.0215 0.201 0.2086 757 3.637 2.504 1.767 4.756 515 0 0 0 0.004801 0.01513 0.01174 0.01974 4.604 14.51 11.25 18.93
-11.66 7.923 4.183 1.388 -0.1334 -0.09505 -0.09531 0.1895 758 -1.768 8.871 14.31 16.93 488.5 0 0 0 0.01491 0.03595 0.01024 0.04024 14.3 34.47 9.822 38.59
-17.46 -22.38 3.634 0.6471 -0.05798 -0.0244 -0.1911 0.2012 759 39.14 -1.137 -33.41 51.47 240.4 0 0 0 0.0237 0.01615 0.04232 0.05113 22.73 15.49 40.58 49.03
3.239 -11.59 2.199 0.4954 -0.07865 -0.0282 0.1139 0.1413 760 -0.2886 -18.55 21.5 28.4 177.5 0 0 0 0.04048 0.02198 0.01356 0.04802 38.82 21.07 13 46.04
35.56 -14.17 4.315 1.015 -0.02255 0.03391 0.2054 0.2094 761 16.84 -4.469 23.21 29.03 378.7 0 0 0 0.03704 0.006876 0.01381 0.04012 35.52 6.594 13.24 38.47
-26.92 14.59 19.38 1.357 -0.1181 -0.06214 -0.1506 0.2012 762 -17.3 24.16 1.701 29.77 601.4 0 0 0 0.01283 0.004603 0.00897 0.01632 12.31 4.414 8.602 15.65
-17.5 -28.93 0.7976 0.4773 0.05083 0.01681 -0.2134 0.22 763 -23.74 -24.04 -6.906 34.48 172.5 0 0 0 0.02228 0.01016 0.02472 0.0348 21.36 9.745 23.71 33.37
-10.25 -1.666 17.93 0.8166 -0.1922 -0.05709 -0.05242 0.2072 764 5.027 24.19 -13 27.92 382.9 0 0 0 0.01253 0.02364 0.01375 0.03008 12.02 22.67 13.19 28.85
24.73 5.729 2.968 1.208 -0.01303 -0.01292 0.2041 0.2049 765 2.5 10.43 -2.054 10.92 433.4 0 0 0 0.01197 0.003214 0.0147 0.01923 11.48 3.082 14.1 18.44
47.97 1.417 15.48 0.7085 -0.0629 0.008738 0.153 0.1657 766 -3.217 2.326 6.628 7.726 322.5 0 0 0 0.03782 0.01349 0.02958 0.04988 36.27 12.93 28.37 47.83
-13.25 18.4 17.96 1.206 -0.2023 -0.06141 -0.06731 0.2218 767 5.745 17.64 -8.375 20.36 529.3 0 0 0 0.01625 0.0134 0.02137 0.03001 15.58 12.85 20.5 28.77
42.62 -8.967 9.06 1.175 -0.03766 0.005208 0.2057 0.2092 768 -2.487 6.505 5.912 9.135 493.8 0 0 0 0.01415 0.01171 0.01406 0.02313 13.57 11.23 13.49 22.18
1.648 28.48 12.38 1.353 -0.2146 0.03358 0.0684 0.2277 769 19.6 -17.08 12.3 28.76 580.9 0 0 0 0.04723 0.01338 0.00777 0.0497 45.29 12.83 7.451 47.66
21.47 -26.66 16.01 1.035 -0.1006 0.004168 0.1448 0.1764 770 -7.008 19.45 11.89 23.85 479.8 0 0 0 0.01995 0.01712 0.01635 0.03095 19.13 16.41 15.68 29.68
-48.06 -11.59 11.08 1.266 -0.03811 0.006933 -0.2021 0.2058 771 -0.8064 -21.18 9.319 23.16 552.8 0 0 0 0.01433 0.006693 0.01686 0.02312 13.74 6.418 16.17 22.17
-16.52 -6.925 0.7059 0.8769 -0.01854 -0.006202 -0.217 0.2179 772 -2.303 13.61 4.18 14.42 296.6 0 0 0 0.01946 0.007236 0.01363 0.02484 18.66 6.939 13.07 23.82
-36.22 -3.161 14.93 1.529 -0.06999 -0.01515 -0.1887 0.2019 773 -25.16 12 -12.75 30.65 713.3 0 0 0 0.008505 0.004625 0.005648 0.01121 8.156 4.435 5.416 10.75
-18.72 -13.29 18.79 1.707 -0.1334 -0.02976 -0.1279 0.1872 774 3.043 -4.291 1.332 5.427 837.5 0 0 0 0.008295 0.01906 0.01294 0.02448 7.955 18.28 12.41 23.48
-37.98 1.27 8.916 0.7638 -0.05178 -0.01393 -0.2194 0.2258 775 -4.303 6.995 8.603 11.89 301.9 0 0 0 0.01443 0.006847 0.01192 0.01993 13.84 6.566 11.43 19.11
20.77 -9.799 6.228 1.387 -0.04537 -0.000544 0.2041 0.209 776 7.347 -5.562 -3.145 9.737 553.3 0 0 0 0.01407 0.01382 0.0134 0.02384 13.49 13.25 12.85 22.86
36.97 -4.708 14.52 0.8086 -0.03361 0.03153 0.1884 0.1939 777 -19.61 -8.847 10.04 23.74 373.8 0 0 0 0.0295 0.02273 0.02737 0.04622 28.29 21.8 26.25 44.33
-49.53 8.768 14.36 0.9786 -0.05484 -0.02104 -0.2087 0.2168 778 -13.78 -8.056 14.3 21.43 433.7 0 0 0 0.002214 0.01681 0.01215 0.02086 2.123 16.12 11.65 20
-34.04 1.846 8.179 1.337 -0.03726 -0.03742 -0.2126 0.2191 779 -6.503 22.16 9.201 24.86 515.3 0 0 0 0.007306 0.00368 0.005499 0.009857 7.006 3.529 5.274 9.452
-3.527 8.867 16.23 0.9746 -0.2155 0.002677 0.03929 0.2191 780 14.74 6.548 -8.915 18.43 434.1 0 0 0 0.01709 0.01733 0.01652 0.02942 16.39 16.62 15.84 28.21
-21.3 -19.8 2.209 0.525 0.01361 -0.004799 -0.1861 0.1867 781 -25.59 -25.06 -14.89 38.79 184.6 0 0 0 0.01269 0.04249 0.004261 0.04454 12.17 40.74 4.086 42.72
-32.95 19.15 3.594 0.8471 -0.0519 -0.01506 -0.2241 0.2305 782 10.55 -26.99 15.36 32.8 290.5 0 0 0 0.02551 0.01557 0.02592 0.03956 24.46 14.93 24.86 37.94
-19.64 -21.33 4.783 1.187 -0.03636 -0.04095 -0.2046 0.2118 783 18.71 1.863 -1.649 18.88 449.4 0 0 0 0.01397 0.02637 0.02867 0.04138 13.4 25.29 27.49 39.68
12.79 -18.77 9.482 0.7739 -0.1565 0.02292 0.1812 0.2406 784 8.807 -6.481 14.03 17.79 343.5 0 0 0 0.03529 0.01172 0.02065 0.04254 33.84 11.24 19.81 40.79
37.28 19.84 12.96 1.987 -0.09158 0.02564 0.1741 0.1984 785 11.49 -11.82 27.44 32.01 839.3 0 0 0 0.00755 0.01592 0.02433 0.03004 7.24 15.27 23.33 28.81
-19.29 -15.24 1.917 1.146 -0.01915 -0.03653 -0.2417 0.2452 786 1.021 11.89 10.88 16.15 396.2 0 0 0 0.02966 0.02432 0.02943 0.04834 28.44 23.32 28.22 46.36
-29.77 -14.46 13.18 0.7708 -0.07595 -0.01455 -0.164 0.1813 787 0.1146 -20.78 -13.64 24.85 356.8 0 0 0 0.03868 0.006573 0.01201 0.04103 37.1 6.303 11.51 39.35
25.91 -21.32 17.1 1.712 -0.07668 -0.008662 0.1816 0.1973 788 -14.71 17.74 3.069 23.25 809.6 0 0 0 0.008821 0.01142 0.02134 0.02576 8.459 10.95 20.46 24.71
-26.14 25.51 14.13 1.295 -0.1368 -0.07016 -0.1376 0.2063 789 -18.68 27.35 -10.16 34.65 561.2 0 0 0 0.008108 0.008001 0.002999 0.01178 7.775 7.672 2.876 11.3
16.47 30.54 11.79 1.115 -0.107 -0.01875 0.1565 0.1905 790 6.685 -11.39 4.112 13.84 452.8 0 0 0 0.03194 0.03077 0.02581 0.05132 30.63 29.51 24.75 49.21
-39.9 -10.26 12.05 1.597 -0.05611 -0.03883 -0.2092 0.2201 791 -2.735 21.2 -4.903 21.93 715.3 0 0 0 0.02109 0.007328 0.01557 0.02721 20.22 7.027 14.93 26.1
34.85 17.47 12.66 0.7504 -0.0771 0.03658 0.1879 0.2064 792 13.04 -14.41 9.735 21.74 320.7 0 0 0 0.01002 0.01135 0.0103 0.01831 9.604 10.89 9.878 17.56
-31.48 -7.262 10.77 1.782 -0.09258 -0.04553 -0.1864 0.2131 793 14.91 26.02 8.337 31.13 778.3 0 0 0 0.003979 0.01155 0.03351 0.03566 3.815 11.08 32.13 34.2
49.72 13.53 9.697 0.4918 -0.06017 0.04459 0.1803 0.1952 794 15.92 -21.08 -23.56 35.4 211.3 0 0 0 0.004853 0.008298 0.02242 0.02439 4.654 7.957 21.5 23.39
14.46 -14 3.234 0.7148 -0.03729 0.05619 0.2126 0.2231 795 -24.15 -11.87 14.18 30.42 265.9 0 0 0 0.01946 0.04016 0.01801 0.04813 18.66 38.51 17.27 46.15
-13.12 -14.58 11.28 1.777 -0.1186 -0.0334 -0.1847 0.2221 796 -15.01 1.88 16.07 22.07 819.2 0 0 0 0.02062 0.02741 0.006043 0.03483 19.77 26.29 5.795 33.4
16.92 -19.47 1.686 0.7513 -0.0309 0.02848 0.2502 0.2537 797 -9.889 5.409 -16.85 20.27 275.2 0 0 0 0.02043 0.003557 0.03596 0.04151 19.59 3.411 34.48 39.8
-37.3 11.25 0.5559 0.5227 0.004786 -0.01729 -0.2204 0.2211 798 -2.824 6.728 0.6292 7.324 163.7 0 0 0 0.01313 0.00616 0.03076 0.03401 12.59 5.907 29.5 32.61
-1.212 -28.28 7.178 1.276 -0.1032 -0.07919 -0.08944 0.1579 799 -1.5 15.44 -5.629 16.5 527.9 0 0 0 0.01912 0.01947 0.01657 0.03192 18.34 18.67 15.89 30.61
-1.658 -30.45 15.97 1.61 -0.2137 -0.0738 -0.05881 0.2336 800 -8.3 26.85 -19.71 34.32 757.3 0 0 0 0.00246 0.01278 0.009511 0.01612 2.359 12.26 9.12 15.46
29.53 0.142 8.035 1.435 -0.05081 0.03738 0.2094 0.2187 801 11.02 -16.56 -8.591 21.67 597.5 0 0 0 0.02021 0.005419 0.01911 0.02834 19.38 5.196 18.33 27.17
-36.06 5.076 12.61 1.535 -0.101 0.01796 -0.2169 0.2399 802 26.25 -10.92 7.929 29.52 659.6 0 0 0 0.02353 0.02007 0.01078 0.03275 22.56 19.25 10.34 31.41
2.456 -22.91 11.39 1.137 -0.223 0.00288 0.01225 0.2234 803 1.87 -7.71 -2.89 8.444 523.2 0 0 0 0.004373 0.01121 0.01272 0.01751 4.194 10.75 12.2 16.79
-8.78 15.22 20 1.391 -0.1774 -0.05045 -0.000651 0.1845 804 -18.58 0.04351 -22.57 29.23 610 0 0 0 0.02409 0.008188 0.01853 0.03148 23.1 7.852 17.77 30.18
-15.2 -2.419 18.79 1.606 -0.1616 -0.05497 -0.07503 0.1865 805 3.132 -5.306 -25.7 26.43 756.2 0 0 0 0.03834 0.009874 0.01779 0.0434 36.77 9.469 17.05 41.62
-10.28 -29.5 4.535 0.5302 -0.03087 0.001151 -0.2451 0.2471 806 -11.41 -23.1 -9.837 27.58 206.9 0 0 0 0.02771 0.006403 0.008292 0.02963 26.57 6.14 7.952 28.41
-16.01 -9.29 2.042 0.9621 -0.04309 -0.01843 -0.2118 0.2169 807 -5.509 23.09 -8.351 25.16 329.7 0 0 0 0.02223 0.01028 0.01398 0.0282 21.32 9.862 13.4 27.04
-27.43 1.164 2.782 0.6901 -0.02475 -0.01874 -0.1983 0.2007 808 1.188 -17.45 -3.748 17.89 226.5 0 0 0 0.02995 0.02551 0.01804 0.04328 28.72 24.47 17.3 41.51
42.42 26.67 9.275 1.116 -0.007502 0.04752 0.1537 0.1611 809 -32.45 -17.09 11.8 38.53 436.4 0 0 0 0.01282 0.008817 0.01559 0.02202 12.3 8.455 14.95 21.12
37.69 26.2 15.54 0.9994 -0.1129 0.05391 0.1684 0.2098 810 21.79 -10.52 -14.92 28.43 395.3 0 0 0 0.04715 0.0209 0.01809 0.05465 45.21 20.04 17.34 52.41
-18.84 3.665 11.92 0.5836 -0.1271 -0.03585 -0.1134 0.1741 811 -20.89 14.48 -33.3 41.89 255.4 0 0 0 0.005377 0.003021 0.01137 0.01294 5.156 2.897 10.9 12.41
19.86 -27.58 7.061 0.9714 -0.03705 0.02634 0.2181 0.2227 812 -36.72 -4.198 -11.29 38.64 391 0 0 0 0.01244 0.01314 0.008968 0.02019 11.93 12.6 8.6 19.36
-10.81 -1.103 18.46 0.8729 -0.188 -0.0525 -0.08201 0.2117 813 2.438 3.516 2.223 4.822 407.8 0 0 0 0.02963 0.009735 0.0275 0.04158 28.41 9.335 26.37 39.87
26.44 -3.107 13.29 1.161 -0.04745 0.02192 0.1947 0.2016 814 -20.47 -17.1 -9.145 28.2 539.4 0 0 0 0.02554 0.004989 0.03103 0.0405 24.49 4.784 29.76 38.84
-19.71 -29.25 6.352 0.805 -0.03887 0.002751 -0.2008 0.2045 815 -1.022 1.486 -0.1926 1.813 315.9 0 0 0 0.02204 0.003771 0.02239 0.03164 21.14 3.616 21.47 30.34
-28.22 -25.75 1.741 0.5553 -0.03083 -0.0029 -0.2042 0.2065 816 14.32 -19.41 12.77 27.29 193.4 0 0 0 0.008614 0.006983 0.0103 0.01513 8.26 6.696 9.876 14.51
5.981 14.48 13.99 2.086 -0.1318 -0.0268 0.1266 0.1847 817 -23.13 18.05 4.679 29.72 909.9 0 0 0 0.01909 0.004943 0.01757 0.02641 18.31 4.74 16.85 25.33
22.87 7.728 5.46 0.7838 -0.02763 -0.009812 0.1965 0.1986 818 6.227 -9.052 0.2775 10.99 302.3 0 0 0 0.005747 0.0186 0.001951 0.01957 5.511 17.84 1.871 18.76
1.791 21.12 13.97 1.425 -0.1838 0.01694 0.08277 0.2023 819 -0.8659 -11.28 1.001 11.35 625.5 0 0 0 0.01951 0.006691 0.01417 0.02502 18.71 6.416 13.59 24
-25.52 12.53 15.83 1.127 -0.125 -0.04424 -0.1415 0.1939 820 7.202 -2.251 -5.933 9.598 496.4 0 0 0 0.002888 0.009229 0.004668 0.01074 2.77 8.85 4.477 10.3
-29.07 -3.748 13.87 0.6269 -0.09729 -0.05652 -0.1811 0.2132 821 -3.825 17.03 7.471 18.99 292.8 0 0 0 0.0203 0.02728 0.03217 0.04681 19.47 26.16 30.85 44.89
9.056 -16.43 4.979 0.9475 -0.09697 0.0362 0.1908 0.2171 822 -17.72 -14.9 -29.88 37.8 375 0 0 0 0.02033 0.009272 0.03643 0.04274 19.5 8.892 34.93 40.98
-2.147 -0.9531 0.6703 0.5242 -0.07471 -0.1141 0.1389 0.1947 823 -23.46 24.44 -23.29 41.11 182.5 0 0 0 0.03343 0.0009269 0.01258 0.03574 32.06 0.8888 12.07 34.27
-27.12 8.088 5.123 0.8047 -0.06378 -0.02427 -0.1602 0.1741 824 14.34 -20.92 -23.04 34.26 279.6 0 0 0 0.03026 0.02846 0.009864 0.0427 29.02 27.29 9.459 40.94
3.031 11.1 1.917 1.441 -0.03679 -0.06183 0.1307 0.1492 825 19.86 6.492 31.57 37.86 482.9 0 0 0 0.009893 0.01323 0.003981 0.01699 9.487 12.69 3.817 16.3
-46.99 -22.37 18.86 1.567 -0.06318 -0.02172 -0.1603 0.1737 826 -9.58 6.157 -8.91 14.46 789.1 0 0 0 0.01436 0.0054 0.01637 0.02243 13.77 5.178 15.7 21.51
-26.44 17.91 11.36 1.474 -0.0997 -0.04451 -0.1617 0.1951 827 -10.76 -3.453 -14.73 18.56 624 0 0 0 0.01997 0.01805 0.02186 0.03468 19.15 17.31 20.97 33.26
5.041 21.95 16.67 1.464 -0.1845 -0.03824 0.1057 0.216 828 3.778 6.684 0.191 7.68 627.4 0 0 0 0.008671 0.007234 0.0126 0.01692 8.315 6.936 12.08 16.23
-18.63 7.885 7.254 1.026 -0.1233 0.01945 -0.1695 0.2105 829 5.658 -15.01 -5.289 16.89 388.4 0 0 0 0.02117 0.00158 0.01292 0.02485 20.3 1.516 12.39 23.83
46.88 6.335 7.332 1.259 -0.002647 0.03266 0.1855 0.1884 830 2.211 -10.8 10.28 15.07 514.7 0 0 0 0.01219 0.004629 0.009489 0.01613 11.69 4.439 9.1 15.47
-18.93 -18.65 15.12 0.612 -0.1037 -0.06738 -0.1469 0.192 831 0.2196 15.75 2.917 16.02 295.8 0 0 0 0.01332 0.0198 0.02271 0.03295 12.77 18.99 21.78 31.59
-7.263 -16.81 17.69 1.75 -0.1828 -0.04958 -0.09353 0.2112 832 -2.039 0.6218 0.5878 2.212 866.7 0 0 0 0.01586 0.01788 0.02487 0.03449 15.21 17.15 23.85 33.08
-42.98 -0.02266 12.35 1.36 -0.08565 -0.007304 -0.1819 0.2012 833 13.36 0.2547 -14.11 19.43 591.9 0 0 0 0.02196 0.009343 0.01928 0.03068 21.05 8.959 18.49 29.42
-47.58 -18.55 15.86 0.8543 -0.03416 -0.004269 -0.1591 0.1628 834 -10.52 2.984 -12.61 16.69 414 0 0 0 0.01501 0.007671 0.02369 0.02907 14.39 7.356 22.71 27.88
-13.12 5.616 18.07 1.46 -0.1781 -0.05933 -0.09445 0.2101 835 0.05518 6.201 15.97 17.13 656.6 0 0 0 0.02121 0.01892 0.03349 0.04393 20.34 18.14 32.11 42.12
-10.85 8.718 17.07 0.9613 -0.2103 -0.04164 -0.07613 0.2275 836 11.87 17.12 24.91 32.48 428 0 0 0 0.03889 0.01174 0.03765 0.05539 37.29 11.26 36.11 53.11
33.96 17.92 14.74 1.444 -0.04953 0.0543 0.1988 0.2119 837 -14.78 -15.32 -6.293 22.2 618 0 0 0 0.008979 0.02236 0.01773 0.02992 8.611 21.44 17.01 28.69
34.55 -26.56 19.59 0.8575 -0.1024 -0.009316 0.2172 0.2403 838 -2.292 6.57 -17.74 19.06 392.2 0 0 0 0.01777 0.005666 0.01112 0.02172 17.04 5.433 10.66 20.83
10.35 -14.69 0.3091 0.6225 -0.02619 0.04929 0.1733 0.1821 839 -3.616 -8.504 15.52 18.06 223.6 0 0 0 0.02455 0.03272 0.006225 0.04138 23.54 31.38 5.969 39.68
-15.95 -3.618 7.491 1.047 -0.1268 0.006454 -0.1758 0.2169 840 11.31 -8.128 -3.767 14.43 422.4 0 0 0 0.03261 0.006995 0.02781 0.04343 31.27 6.708 26.67 41.64
31.36 -0.8478 7.983 0.5149 -0.04539 0.0362 0.2101 0.218 841 10.81 -19.51 -4.157 22.69 213.6 0 0 0 0.007855 0.01565 0.01279 0.02168 7.533 15 12.27 20.79
-40.43 29.3 12.56 0.8307 -0.07123 0.01463 -0.184 0.1978 842 -18.28 -14.25 -13.69 26.92 338.5 0 0 0 0.04392 0.003405 0.01017 0.04521 42.12 3.266 9.756 43.36
-1.62 -24.29 9.458 0.7198 -0.1764 0.00477 -0.1035 0.2046 843 -13.03 -26.38 4.894 29.83 318 0 0 0 0.04151 0.02015 0.05327 0.07047 39.8 19.33 51.08 67.58
27.17 30.08 17.14 1.58 -0.09271 0.01979 0.1674 0.1924 844 -28.14 13.85 -2.702 31.48 627.5 0 0 0 0.036 0.02271 0.01757 0.04605 34.52 21.78 16.85 44.16
4.388 -25.66 6.496 0.7154 -0.1244 -0.09146 0.03664 0.1587 845 18.06 15.16 -13.28 27.06 296 0 0 0 0.01067 0.02491 0.02411 0.03627 10.23 23.89 23.12 34.78
-28.39 -0.3422 4.457 1.346 -0.03021 -0.06557 -0.2016 0.2141 846 8.176 8.117 11.45 16.25 466.3 0 0 0 0.007655 0.0369 0.01308 0.03989 7.34 35.38 12.55 38.25
-41.38 -9.283 7.132 1.086 -0.03974 -0.01112 -0.2181 0.222 847 1.833 10.06 -0.7751 10.26 413.6 0 0 0 0.004293 0.004543 0.0106 0.0123 4.117 4.356 10.16 11.8
43.43 29.36 14.86 1.096 -0.04224 0.05056 0.1421 0.1566 848 -16.98 -8.023 9.377 20.99 413.9 0 0 0 0.01828 0.02446 0.005264 0.03099 17.53 23.45 5.048 29.71
-33.63 -2.034 10.39 2.299 -0.08083 -0.01071 -0.1918 0.2084 849 13.58 1.025 1.199 13.67 976 0 0 0 0.01844 0.007082 0.01766 0.0265 17.69 6.791 16.93 25.41
42.84 -26.5 6.541 0.8406 -0.004656 -0.004269 0.2208 0.2209 850 -17.65 10.67 -7.887 22.08 317.1 0 0 0 0.0183 0.008074 0.02204 0.02976 17.55 7.743 21.13 28.54
28.27 17.93 9.962 1.375 -0.07128 0.01724 0.1716 0.1866 851 12.02 11.96 23.2 28.73 571.1 0 0 0 0.0194 0.001871 0.007461 0.02087 18.6 1.794 7.155 20.01
-24.28 9.577 5.826 1.062 -0.05747 -0.02607 -0.2132 0.2223 852 -14.59 -19.21 18.12 30.17 377.7 0 0 0 0.02633 0.02498 0.02387 0.04345 25.25 23.96 22.89 41.66
29.5 -15.54 3.713 0.8954 -0.03196 -0.01073 0.216 0.2186 853 29.38 33.68 -3.52 44.83 330.9 0 0 0 0.01488 0.01415 0.00347 0.02082 14.27 13.57 3.327 19.97
-28.15 13.14 12.27 1.538 -0.09809 -0.01108 -0.1603 0.1883 854 10.83 -26.03 -12.41 30.8 653.8 0 0 0 0.02223 0.0339 0.0234 0.04681 21.31 32.51 22.44 44.88
2.984 -1.91 17.96 0.6802 -0.1604 -0.04028 0.06868 0.179 855 -20.73 17.86 3.756 27.61 319.8 0 0 0 0.0451 0.03085 0.04143 0.06857 43.24 29.59 39.73 65.76
2.365 -0.4482 3.329 0.7221 -0.03255 -0.06046 0.1471 0.1624 856 -13.78 -11.08 -16.35 24.08 264.3 0 0 0 0.03008 0.003487 0.02943 0.04223 28.84 3.343 28.22 40.49
-8.893 -19.82 5.967 0.6611 -0.1034 -0.04947 -0.2159 0.2444 857 -7.899 22.28 -1.798 23.71 264.9 0 0 0 0.02332 0.008877 0.0203 0.03217 22.36 8.512 19.47 30.84
-47.51 -20.73 10.75 0.6067 -0.04099 -0.005301 -0.203 0.2072 858 -10.83 1.356 21.79 24.37 260.5 0 0 0 0.006099 0.003243 0.01769 0.01899 5.849 3.11 16.96 18.21
8.99 -19.41 9.981 0.6806 -0.1996 -0.01373 0.1314 0.2393 859 25.2 4.622 19.68 32.31 306.8 0 0 0 0.007069 0.004104 0.007135 0.01085 6.779 3.936 6.842 10.4
-19.15 29.81 5.417 1.23 -0.1709 -0.003718 -0.1689 0.2403 860 40.37 7.556 8.968 42.04 465.1 0 0 0 0.01963 0.01245 0.02523 0.0343 18.82 11.94 24.19 32.9
6.99 -10.68 17.02 1.848 -0.1906 -0.02444 0.09739 0.2154 861 -0.1061 9.348 -5.371 10.78 897.7 0 0 0 0.02107 0.007446 0.01496 0.02689 20.21 7.14 14.35 25.79
30.72 -21.24 8.417 1.227 -0.04644 -0.01368 0.2206 0.2258 862 11.48 37.87 -6.948 40.18 505 0 0 0 0.02224 0.01089 0.01761 0.03039 21.33 10.45 16.89 29.14
-7.615 -11.55 18.42 1.527 -0.1929 -0.04894 -0.07619 0.2131 863 -1.522 5.957 -3.709 7.18 750.9 0 0 0 0.01518 0.02459 0.01646 0.03326 14.56 23.58 15.79 31.89
-31.17 -15.29 14.27 0.6333 -0.08418 -0.03397 -0.1704 0.1931 864 -10.5 17.67 -14.71 25.28 298.9 0 0 0 0.01614 0.01536 0.05251 0.05704 15.48 14.73 50.36 54.7
-5.504 -31.19 0.9348 0.1445 0.02314 0.005353 -0.2258 0.2271 865 -23.27 4.206 8.43 25.11 55.73 0 0 0 0.01966 0.00573 0.02483 0.03218 18.86 5.495 23.81 30.86
14 -1.662 0.3215 0.7617 0.0001821 0.03355 0.2363 0.2387 866 -6.46 4.104 -20.4 21.79 267 0 0 0 0.01885 0.02153 0.009765 0.03023 18.07 20.64 9.364 28.99
-9.014 -23.22 17.87 1.053 -0.172 -0.03392 -0.1044 0.2041 867 5.522 6.205 -7.383 11.11 520.4 0 0 0 0.01747 0.01126 0.01975 0.02867 16.75 10.8 18.94 27.49
-27.52 -29.48 14.67 1.059 -0.08989 -0.04709 -0.2005 0.2247 868 -2.932 19.15 8.647 21.22 491.9 0 0 0 0.0294 0.02435 0.03155 0.04953 28.2 23.35 30.25 47.49
2.697 12.96 9.357 1.876 -0.124 0.02196 0.1313 0.1819 869 -7.336 7.413 -0.3947 10.44 776.2 0 0 0 0.02185 0.0108 0.01603 0.02917 20.95 10.35 15.37 27.97
-12.54 -25.66 2.376 0.544 -0.01255 -0.008738 -0.2217 0.2223 870 -0.486 -17.38 -27.43 32.47 201.6 0 0 0 0.0206 0.01061 0.03367 0.04088 19.75 10.17 32.29 39.2
-31.15 17.39 7.333 1.402 -0.07349 -0.05068 -0.2058 0.2243 871 3.089 -0.9783 14.84 15.18 532.3 0 0 0 0.03071 0.01019 0.01768 0.03687 29.45 9.768 16.95 35.35
-33.93 -21.5 19.2 1.138 -0.1107 -0.01086 -0.1543 0.1902 872 -3.317 -7.814 -32.23 33.33 570.5 0 0 0 0.02461 0.006218 0.02216 0.0337 23.6 5.963 21.25 32.32
-24.92 6.338 14.25 0.809 -0.1266 -0.05229 -0.1471 0.201 873 18.9 -3.773 -6.447 20.32 360.2 0 0 0 0.02866 0.0259 0.03908 0.05495 27.48 24.83 37.47 52.69
21.97 -2.057 18.72 0.9188 -0.1074 0.01802 0.1501 0.1855 874 -0.6282 -11.19 4.049 11.92 426.4 0 0 0 0.03394 0.001311 0.01199 0.03602 32.55 1.257 11.49 34.54
41.88 -23.43 1.419 0.5457 -0.01146 -0.01699 0.1887 0.1898 875 4.656 34.12 28.91 44.96 198 0 0 0 0.02722 0.0341 0.0146 0.04601 26.1 32.7 14 44.12
7.895 25.31 11.46 1.236 -0.1542 -0.004752 0.1482 0.2139 876 1.882 17.88 -9.994 20.57 521.5 0 0 0 0.002313 0.009122 0.003575 0.01007 2.218 8.747 3.428 9.653
11.12 4.99 3.568 1.306 -0.04557 0.06545 0.2105 0.2251 877 -3.65 -15.75 1.6 16.24 476.7 0 0 0 0.01503 0.01004 0.01089 0.02111 14.42 9.627 10.44 20.24
26.36 -15.12 14.8 1.434 -0.08728 0.01667 0.1822 0.2027 878 1.065 0.1549 1.53 1.871 675.8 0 0 0 0.03284 0.01169 0.01616 0.03842 31.49 11.21 15.49 36.84
48.26 -24.59 9.425 1.207 -0.02592 0.003301 0.1866 0.1884 879 -6.638 -4.747 2.394 8.505 491.7 0 0 0 0.01737 0.002977 0.01649 0.02414 16.66 2.854 15.81 23.15
13.66 -15.46 3.507 0.9492 -0.05034 0.03796 0.2219 0.2307 880 -21.51 4.261 11.14 24.59 357.6 0 0 0 0.0002951 0.01784 0.02402 0.02992 0.283 17.11 23.03 28.69
-11.99 -28.82 4.21 0.8154 -0.05175 -0.05111 -0.2249 0.2363 881 18.07 14.33 -16.78 28.52 314.7 0 0 0 0.01016 0.0261 0.03254 0.04294 9.747 25.03 31.2 41.17
12.39 19.85 4.965 1.183 -0.08053 0.03526 0.1841 0.204 882 7.591 -6.383 7.429 12.39 431 0 0 0 0.01963 0.007498 0.03768 0.04314 18.82 7.19 36.13 41.37
30.67 -2.442 14.6 0.7355 -0.08389 0.0283 0.1931 0.2124 883 6.188 -3.506 1.391 7.247 342.5 0 0 0 0.008389 0.00843 0.01426 0.01857 8.044 8.084 13.68 17.81
-3.286 9.672 2.452 0.8511 -0.05346 -0.08341 0.1325 0.1654 884 -14.8 -23.8 7.574 29.03 288.5 0 0 0 0.0191 0.01713 0.01815 0.03143 18.32 16.43 17.41 30.14
-33.5 17.85 17.28 1.221 -0.1054 -0.0107 -0.1836 0.212 885 -13.15 -1.863 -5.277 14.29 541.2 0 0 0 0.0113 0.01122 0.01718 0.02342 10.83 10.76 16.48 22.46
-47.66 19.34 8.508 1.326 -0.04064 -0.03641 -0.2155 0.2223 886 12.44 16.6 -3.247 21 521.2 0 0 0 0.008697 0.005755 0.009318 0.01398 8.34 5.519 8.935 13.41
-5.012 16.6 12.93 1.292 -0.2065 0.01478 0.03172 0.2094 887 8.27 12.12 -10.56 18.08 564.8 0 0 0 0.01267 0.01235 0.009975 0.02031 12.15 11.85 9.565 19.48
22.91 -24.74 0.4148 0.8292 -0.02957 0.06582 0.1886 0.202 888 38.57 -17.78 15.6 45.24 306 0 0 0 0.006904 0.04123 0.01869 0.04579 6.62 39.54 17.92 43.91
20.45 -9.319 9.053 0.9638 -0.1009 0.0005532 0.1637 0.1923 889 35.35 -23.88 23.36 48.63 418 0 0 0 0.006204 0.01005 0.02746 0.02989 5.949 9.641 26.33 28.67
43.36 -28.47 5.995 1.052 -0.04136 -0.0008548 0.2199 0.2237 890 13.95 -2.3 -9.33 16.94 388.6 0 0 0 0.02309 0.005546 0.03005 0.0383 22.14 5.318 28.82 36.73
-49.45 -22.44 18.04 1.077 -0.06653 -0.02014 -0.1583 0.1729 891 -0.5907 1.613 -2.566 3.088 542.1 0 0 0 0.02544 0.004953 0.02053 0.03306 24.4 4.749 19.69 31.71
15.03 -22.42 18.79 1.061 -0.1298 0.005705 0.1339 0.1866 892 -17.54 -7.831 -10.32 21.8 511 0 0 0 0.007828 0.00822 0.01251 0.01689 7.506 7.882 12 16.2
-9.166 19.61 0.06933 0.7577 0.0005313 -0.1273 -0.001819 0.1273 893 -5.002 1.354 5.43 7.506 256 0 0 0 0.001551 0.01505 0.003377 0.0155 1.487 14.43 3.238 14.86
-17.11 21.6 14.31 1.242 -0.2065 -0.03083 -0.1052 0.2338 894 10.93 -15.11 -21.32 28.32 554.5 0 0 0 0.01991 0.01411 0.02859 0.03759 19.09 13.53 27.42 36.04
20.91 -16.71 11.64 0.6825 -0.1009 -0.009937 0.1638 0.1926 895 17.16 -20.2 16.1 31.01 312.3 0 0 0 0.02333 0.01553 0.01982 0.03433 22.37 14.9 19.01 32.92
-44.02 -8.207 4.089 1.229 -0.03668 0.006895 -0.1976 0.2011 896 19.1 -2.135 -14.46 24.06 418.8 0 0 0 0.02335 0.005276 0.02018 0.03131 22.39 5.059 19.36 30.03
0.5757 -26 4.958 0.7574 -0.1002 -0.08025 -0.06782 0.1452 897 8.442 17.81 -10.39 22.28 302.8 0 0 0 0.007385 0.03888 0.006832 0.04016 7.081 37.28 6.552 38.51
18.86 8.276 0.4136 0.9839 0.05906 0.0187 0.1941 0.2037 898 -48.87 -13.53 25.95 56.96 338.2 0 0 0 0.02703 0.01411 0.01343 0.03332 25.92 13.54 12.88 31.95
-11.35 -18.36 0.8794 0.4162 -0.02364 -0.03202 -0.249 0.2521 899 -3.584 26.35 1.612 26.64 150.3 0 0 0 0.003367 0.001479 0.04985 0.04999 3.229 1.418 47.8 47.93
25.58 19.25 13.17 1.925 -0.06575 0.01387 0.1725 0.1851 900 -9.58 11.48 7.124 16.56 814.8 0 0 0 0.0434 0.01008 0.008179 0.0453 41.62 9.663 7.843 43.44
-21.29 11.12 4.257 1.299 -0.07308 0.002163 -0.2017 0.2145 901 -4.814 -0.02547 -9.986 11.09 441.3 0 0 0 0.01847 0.004536 0.02452 0.03103 17.71 4.35 23.51 29.76
0.1963 0.7356 2.775 1.059 -0.06242 -0.07052 0.1215 0.1537 902 -3.943 -25.11 0.7517 25.43 377.1 0 0 0 0.01152 0.02146 0.012 0.02716 11.04 20.58 11.51 26.04
-1.911 -14.68 18.05 1.825 -0.2142 -0.02079 -0.01865 0.2161 903 0.5518 -3.287 -5.534 6.46 901.5 0 0 0 0.004718 0.005499 0.01374 0.01553 4.524 5.273 13.17 14.89
-43.4 26.78 16.98 1.18 -0.1033 0.01286 -0.2069 0.2316 904 15.13 11.12 15.76 24.51 492.2 0 0 0 0.03999 0.01689 0.004393 0.04363 38.35 16.2 4.212 41.84
24.67 -19.71 11.92 0.7978 -0.06849 0.01401 0.1798 0.1929 905 2.835 11.79 -1.604 12.23 360.5 0 0 0 0.01651 0.01398 0.002585 0.02179 15.83 13.41 2.478 20.9
-17.54 -24.81 9.112 0.4917 -0.05167 -0.02022 -0.1965 0.2042 906 -9.465 -7.564 -1.074 12.16 209 0 0 0 0.01139 0.006972 0.01832 0.02267 10.92 6.685 17.57 21.74
-8.699 7.036 7.409 1.494 -0.1144 -0.0913 -0.009736 0.1467 907 -12.41 -8.839 -11.93 19.36 590.6 0 0 0 0.01652 0.01006 0.009964 0.02176 15.84 9.651 9.555 20.87
23.1 -10.09 4.986 1.033 -0.01039 -0.02147 0.1932 0.1947 908 -23.5 -1.899 -3.228 23.79 396.9 0 0 0 0.008171 0.01189 0.01676 0.02212 7.835 11.4 16.07 21.21
-15.65 28.55 8.044 0.7906 -0.2001 0.01771 -0.1523 0.2521 909 20.62 6.527 31.06 37.85 320.1 0 0 0 0.007808 0.0129 0.004176 0.01565 7.487 12.37 4.005 15
-29.86 -4.159 11.41 1.469 -0.07145 -0.04989 -0.1581 0.1805 910 -7.539 3.727 -11.08 13.91 650.7 0 0 0 0.01244 0.02764 0.02141 0.03711 11.93 26.5 20.53 35.58
-39.9 29.28 10.19 0.749 -0.1124 0.007325 -0.2206 0.2477 911 27.27 -9.687 20.53 35.48 295.1 0 0 0 0.04917 0.00332 0.02912 0.05724 47.15 3.184 27.92 54.89
17.37 -26.64 13.63 1.514 -0.1208 -0.0005042 0.1228 0.1723 912 -17.11 25.27 36.04 47.23 697.1 0 0 0 0.007953 0.02618 0.00596 0.02801 7.626 25.11 5.715 26.85
4.998 28.62 9.641 1.314 -0.156 -0.01199 0.1247 0.2001 913 -13.9 40.77 -3.494 43.21 545.9 0 0 0 0.002459 0.007074 0.03722 0.03797 2.358 6.784 35.69 36.41
-7.137 17.9 18.3 1.429 -0.2131 -0.01688 0.002818 0.2138 914 6.28 -13.03 -11.66 18.58 625.9 0 0 0 0.009507 0.01328 0.005647 0.01728 9.116 12.74 5.415 16.57
-0.9662 -1.74 17.7 1.372 -0.2013 -0.02128 0.03682 0.2057 915 2.008 -4.317 -4.632 6.642 644.7 0 0 0 0.01547 0.007499 0.01628 0.02368 14.84 7.191 15.61 22.71
40.53 15.29 5.716 0.8034 -0.02816 0.06213 0.2088 0.2197 916 8.892 -11.16 -10.52 17.73 312.1 0 0 0 0.003049 0.03492 0.005742 0.03552 2.924 33.49 5.507 34.06
31.53 -6.014 13.69 0.791 -0.06032 0.01821 0.2219 0.2307 917 -6.952 8.618 -12.58 16.76 367.9 0 0 0 0.006024 0.02607 0.003918 0.02704 5.776 24.99 3.757 25.93
-47.47 -13.28 6.929 0.6672 -0.02984 -0.01103 -0.1949 0.1975 918 -12.44 8.998 10.18 18.42 252.7 0 0 0 0.0194 0.009236 0.01336 0.0253 18.6 8.856 12.81 24.26
-38.11 -6.059 4.93 0.5659 -0.02933 -0.01294 -0.2459 0.248 919 -7.979 19.44 22.28 30.63 199.1 0 0 0 0.01579 0.01153 0.009699 0.02183 15.14 11.05 9.3 20.93
-40.37 -21.58 3.879 0.8272 -0.02592 0.001697 -0.2028 0.2045 920 2.956 -2.574 -8.677 9.521 291.3 0 0 0 0.02843 0.005575 0.02729 0.0398 27.26 5.346 26.17 38.17
44.82 14.06 10.47 0.8892 -0.04728 0.03144 0.1803 0.189 921 15.7 10.8 -4.116 19.49 384.3 0 0 0 0.003173 0.01685 0.0188 0.02545 3.043 16.16 18.03 24.4
-7.715 16.43 12.77 1.477 -0.2155 0.0283 -0.02204 0.2184 922 18.64 -7.566 9.802 22.38 644.2 0 0 0 0.005886 0.008474 0.002373 0.01059 5.644 8.126 2.276 10.15
18.79 23.34 12.37 1.532 -0.09647 0.005558 0.1681 0.1939 923 7.275 -21.49 3.889 23.02 632 0 0 0 0.0171 0.01317 0.003923 0.02194 16.4 12.63 3.762 21.04
-13.64 -6.962 0.8267 0.9527 -0.06075 -0.01648 -0.1638 0.1755 924 35.35 -6.742 8.333 36.94 326.6 0 0 0 0.0194 0.01671 0.01567 0.03002 18.6 16.03 15.03 28.79
27.17 22.58 7.923 0.867 -0.03972 0.01428 0.1857 0.1905 925 -7.992 -7.906 -7.27 13.39 335 0 0 0 0.01381 0.006337 0.01932 0.02458 13.24 6.077 18.53 23.57
15.39 15.99 8.416 1.515 -0.1639 -0.01466 0.2655 0.3124 926 120.9 -3.89 -123.5 172.9 612.8 0 0 0 0.03165 0.01745 0.07759 0.08559 30.35 16.74 74.4 82.08
-9.141 -13.16 5.07 0.6846 -0.1069 -0.02011 -0.1452 0.1814 927 -1.524 -8.035 -13.25 15.57 264.2 0 0 0 0.01533 0.007319 0.003029 0.01725 14.7 7.018 2.904 16.54
-12.54 -23.69 13.98 1.054 -0.1343 -0.03866 -0.1622 0.2141 928 2.797 15.98 -3.739 16.65 503.1 0 0 0 0.004663 0.02309 0.0191 0.03033 4.472 22.14 18.32 29.08
-15.98 -13.93 14.97 1.339 -0.1364 -0.04162 -0.1291 0.1924 929 -2.861 -18.61 -16.45 25 649.9 0 0 0 0.02495 0.01623 0.02449 0.03854 23.92 15.56 23.48 36.96
40.07 6.412 12.79 1.567 -0.02679 0.04651 0.2088 0.2156 930 -30.33 11.85 -24.57 40.79 703.6 0 0 0 0.01134 0.01939 0.01361 0.02627 10.87 18.6 13.05 25.19
38.48 11.49 17.93 1.567 -0.05669 0.04969 0.1635 0.1801 931 -9.58 -1.191 5.982 11.36 679.6 0 0 0 0.02211 0.02273 0.02457 0.04012 21.2 21.8 23.56 38.47
-24.64 5.791 9.365 1.768 -0.08633 -0.05681 -0.1771 0.205 932 -1.147 14.42 1.295 14.52 715.6 0 0 0 0.01405 0.01285 0.01708 0.02558 13.47 12.32 16.38 24.53
39.18 -4.144 2.098 0.4301 0.03726 0.03438 0.2409 0.2462 933 -37.79 7.054 -24.11 45.38 150 0 0 0 0.02611 0.01218 0.01319 0.03168 25.03 11.68 12.64 30.38
37.6 -12.99 16.7 1.089 -0.08084 -0.001045 0.1792 0.1966 934 -7.432 0.9741 10.79 13.13 508 0 0 0 0.002959 0.002014 0.02899 0.02921 2.837 1.932 27.8 28.01
28.41 -9.678 18.67 0.9824 -0.127 0.04119 0.1966 0.2376 935 11.28 -18.87 -0.1581 21.98 462.5 0 0 0 0.002441 0.01271 0.005271 0.01397 2.34 12.18 5.055 13.4
15.22 -4.5 12.36 0.7251 -0.1045 -0.005738 0.1559 0.1878 936 -4.588 -1.976 10.98 12.06 337.7 0 0 0 0.009929 0.01898 0.0317 0.03826 9.521 18.2 30.39 36.69
-4.084 21.72 4.534 0.9452 -0.1147 -0.04061 0.05606 0.1339 937 0.7215 -4.803 -0.972 4.953 347.7 0 0 0 0.03751 0.009431 0.02245 0.04472 35.97 9.043 21.53 42.89
-7.746 7.247 12.85 1.302 -0.1874 0.03199 -0.004266 0.1902 938 -10.43 -18.03 -15.19 25.78 578.4 0 0 0 0.01276 0.01617 0.01038 0.02306 12.23 15.51 9.956 22.12
-3.503 19.99 16.95 1.234 -0.1952 -0.01266 0.005843 0.1957 939 -6.016 -5.474 17.8 19.57 539.9 0 0 0 0.008983 0.003012 0.02004 0.02217 8.614 2.888 19.22 21.26
22.8 -0.2267 11.85 1.15 -0.05226 -0.008774 0.1736 0.1815 940 -10.32 0.6536 2.007 10.54 522.5 0 0 0 0.01913 0.00243 0.01259 0.02304 18.35 2.33 12.08 22.09
-11.82 24.33 10.91 1.292 -0.1934 0.00903 -0.08914 0.2131 941 -8.33 16 6.92 19.32 554.5 0 0 0 0.02281 0.01438 0.0121 0.02956 21.87 13.79 11.61 28.34
-6.824 -25.18 13.77 0.9505 -0.2161 -0.03502 -0.1198 0.2495 942 27.8 -5.235 -25.75 38.25 452.2 0 0 0 0.007796 0.01878 0.003496 0.02064 7.476 18.01 3.353 19.79
-41.05 27.27 16.39 1.837 -0.08655 0.01578 -0.1808 0.2011 943 -12.98 5.326 -3.018 14.35 767.8 0 0 0 0.008589 0.01416 0.02471 0.02974 8.237 13.58 23.69 28.52
14.2 -11.94 14.55 0.9315 -0.1445 0.005608 0.1313 0.1953 944 6.481 -17.8 18.15 26.24 449.5 0 0 0 0.003065 0.003582 0.009246 0.01038 2.939 3.435 8.866 9.952
25.32 14.04 18.03 0.849 -0.1111 0.02888 0.1836 0.2165 945 1.647 -6.774 4.141 8.109 363 0 0 0 0.01489 0.008732 0.00525 0.01804 14.28 8.373 5.035 17.3
-24.37 22.95 16.26 1.145 -0.1513 -0.02913 -0.1288 0.2008 946 -5.061 -9.223 -11.5 15.59 502 0 0 0 0.004632 0.02312 0.01108 0.02605 4.442 22.17 10.62 24.98
27.73 22.81 19.03 1.617 -0.1031 0.04813 0.1697 0.2043 947 -4.346 3.81 10.51 11.99 657.1 0 0 0 0.006828 0.01409 0.006386 0.01691 6.548 13.51 6.124 16.21
-37.82 -25.08 2.488 0.7397 -0.04068 0.001733 -0.2247 0.2283 948 23.08 3.843 -5.397 24.01 253.9 0 0 0 0.02394 0.005966 0.0263 0.03606 22.95 5.721 25.22 34.58
34.75 21.93 3.582 0.7083 -0.02068 0.06147 0.2177 0.2271 949 -1.66 -11.88 -6.579 13.68 249 0 0 0 0.01821 0.02003 0.01752 0.03224 17.46 19.21 16.8 30.92
7.435 -25.3 13.37 0.741 -0.2365 -0.01959 0.08814 0.2531 950 15.89 3.635 4.928 17.03 347 0 0 0 0.01404 0.009341 0.007044 0.01827 13.46 8.958 6.755 17.52
-12.53 -12.45 19.99 0.6723 -0.1546 -0.0273 -0.08327 0.1777 951 -8.338 -20.45 -9.971 24.23 330.5 0 0 0 0.01654 0.01223 0.03918 0.04425 15.86 11.73 37.57 42.43
18.84 -1.517 16.91 1.166 -0.09319 -0.04149 0.1581 0.1882 952 -7.861 18.66 -3.353 20.52 544.5 0 0 0 0.01523 0.02183 0.01568 0.03089 14.6 20.93 15.03 29.62
43.64 -0.3281 3.968 0.735 -0.03241 0.05134 0.1994 0.2084 953 19.44 -15.74 0.1138 25.01 271.7 0 0 0 0.007962 0.002509 0.003211 0.008944 7.635 2.406 3.079 8.576
39.67 23.61 18.94 1.307 -0.08733 0.06349 0.1475 0.1828 954 0.5942 -3.556 -0.9221 3.721 512 0 0 0 0.007901 0.007011 0.01008 0.0146 7.576 6.723 9.661 14
8.012 21.33 19 1.395 -0.1544 -0.04113 0.1175 0.1983 955 2.109 7.617 -1.566 8.057 589.4 0 0 0 0.01001 0.01076 0.03043 0.0338 9.599 10.32 29.18 32.41
-47.86 21.72 8.839 0.8827 -0.008767 -0.0243 -0.2335 0.2349 956 -6.189 15.74 18.67 25.19 351.2 0 0 0 0.02881 0.001492 0.01766 0.03382 27.62 1.431 16.93 32.43
8.761 21.04 18.16 1.489 -0.1327 -0.04721 0.1326 0.1934 957 -15.24 15.67 -5.415 22.52 628.7 0 0 0 0.01365 0.02473 0.02642 0.03868 13.09 23.72 25.33 37.09
-17.3 -4.427 6.714 1.416 -0.06646 -0.01001 -0.1807 0.1928 958 -36.21 4.043 -12.27 38.45 554.7 0 0 0 0.01706 0.01432 0.05552 0.05982 16.36 13.73 53.24 57.36
35.86 12.98 19.51 1.648 -0.08561 0.03408 0.1618 0.1862 959 9.159 8.746 2.068 12.83 707.4 0 0 0 0.009223 0.01241 0.006033 0.01659 8.844 11.9 5.785 15.91
-6.158 -4.005 6.286 0.7592 -0.1278 -0.09101 -0.03259 0.1602 960 23.94 -7.046 -18.22 30.9 302.4 0 0 0 0.01732 0.003916 0.01818 0.02541 16.61 3.756 17.43 24.37
8.264 -12.76 8.962 0.9366 -0.1588 0.02583 0.1562 0.2242 961 -5.917 -21.75 -6.686 23.52 414 0 0 0 0.008467 0.006385 0.01711 0.02013 8.12 6.123 16.41 19.3
5.765 24 14.45 1.591 -0.1987 -0.002489 0.1366 0.2412 962 18.33 -11.86 -23.18 31.84 688.2 0 0 0 0.009691 0.01261 0.004362 0.01649 9.293 12.1 4.183 15.82
-23.76 -28.69 10.4 0.7448 -0.07711 -0.05009 -0.1867 0.2081 963 3.672 26.04 9.874 28.09 318.2 0 0 0 0.03195 0.003606 0.03324 0.04625 30.63 3.458 31.88 44.35
31.53 -19.05 15.36 1.314 -0.0693 0.01059 0.1842 0.197 964 -12.09 6.451 15.52 20.71 610.1 0 0 0 0.02809 0.02163 0.02553 0.04369 26.94 20.75 24.48 41.89
-19.73 12.51 4.526 1.012 -0.1074 0.004022 -0.2048 0.2313 965 17.57 9.987 -0.2146 20.21 345.9 0 0 0 0.01224 0.0149 0.02539 0.03189 11.74 14.29 24.35 30.58
9.399 26.58 11.03 1.425 -0.1294 0.003063 0.1388 0.1897 966 -16.05 7.818 9.141 20.06 595.4 0 0 0 0.009822 0.005298 0.006766 0.01305 9.419 5.08 6.488 12.51
37.07 -6.341 8.358 1.263 -0.02785 0.02124 0.2191 0.2219 967 0.8404 10.81 -4.085 11.58 525.8 0 0 0 0.01098 0.02613 0.01102 0.03041 10.53 25.05 10.56 29.16
6.97 -20.4 12.27 1.442 -0.208 -0.02322 0.09647 0.2305 968 -3.126 11 5.458 12.67 674.3 0 0 0 0.008287 0.005999 0.01688 0.01974 7.946 5.753 16.19 18.93
-31.04 -18.01 19.1 0.7809 -0.1275 -0.01 -0.1975 0.2353 969 -3.609 -0.5157 5.404 6.519 391 0 0 0 0.006236 0.004116 0.008385 0.01123 5.98 3.947 8.04 10.77
39.86 -15.21 8.986 0.9347 -0.0315 0.037 0.1932 0.1992 970 -5.997 -13.47 8.676 17.11 389.5 0 0 0 0.01137 0.01293 0.01015 0.01999 10.9 12.4 9.731 19.17
-27.08 -9.656 17.24 1.963 -0.1156 -0.05269 -0.1558 0.201 971 5.119 18.54 0.7226 19.24 954.3 0 0 0 0.02154 0.02442 0.007723 0.03346 20.65 23.41 7.406 32.09
-49.34 3.553 15.63 1.238 -0.05531 -0.02983 -0.2077 0.217 972 -2.806 -3 21.25 21.64 558.4 0 0 0 0.0141 0.01208 0.01202 0.02212 13.52 11.58 11.53 21.21
-38.7 -26.53 5.838 1.094 -0.05253 0.006363 -0.2233 0.2295 973 11.77 -4.51 11.13 16.82 405.8 0 0 0 0.01658 0.00296 0.01763 0.02438 15.9 2.838 16.91 23.38
-17.64 -2.89 2.134 0.7644 -0.06536 0.008704 -0.2273 0.2366 974 18.7 6.265 13.46 23.88 254.5 0 0 0 0.02317 0.01376 0.01984 0.03346 22.22 13.2 19.03 32.09
-38.85 13.67 8.04 1.587 -0.04239 -0.006943 -0.2213 0.2254 975 -14.27 -4.91 3.332 15.46 607.9 0 0 0 0.01421 0.006455 0.008065 0.01757 13.62 6.19 7.734 16.84
-0.6063 -28.13 17.16 0.9631 -0.2262 -0.05794 -0.05803 0.2406 976 2.097 13.72 6.877 15.49 460.8 0 0 0 0.009705 0.007349 0.01986 0.02329 9.306 7.048 19.04 22.33
-46.65 -25.01 14.17 1.701 -0.03041 -0.02632 -0.1895 0.1937 977 -21.23 4.964 16.84 27.55 777 0 0 0 0.01977 0.01085 0.02865 0.03646 18.96 10.4 27.48 34.96
-19.36 -19.76 2.421 0.9443 0.09754 -0.04569 -0.1729 0.2037 978 -96.97 14.85 -36.01 104.5 335.5 0 0 0 0.06881 0.02244 0.04389 0.08465 65.99 21.52 42.08 81.17
40.89 12.19 19.66 1.654 -0.03844 0.05346 0.1895 0.2006 979 -13.77 -15.38 -9.179 22.59 716.5 0 0 0 0.01215 0.01014 0.003994 0.01632 11.65 9.724 3.83 15.65
-49.41 12.9 17.78 1.166 -0.0889 -0.02492 -0.1818 0.2039 980 2.702 2.647 0.005306 3.783 530 0 0 0 0.02217 0.01692 0.01178 0.03027 21.25 16.23 11.29 29.03
12.23 -5.873 16.91 1.396 -0.1526 0.0005408 0.1275 0.1989 981 4.756 -27.18 1.149 27.62 665.5 0 0 0 0.003277 0.02101 0.00505 0.02185 3.142 20.14 4.843 20.96
41.87 -22.43 18.93 0.6924 -0.05545 -0.03471 0.1618 0.1745 982 -19.13 27.94 11.62 35.8 323.8 0 0 0 0.03204 0.009865 0.02926 0.04449 30.72 9.46 28.06 42.67
12.33 0.7596 6.797 1.341 -0.08366 0.02655 0.1944 0.2133 983 -1.227 -6.282 4.478 7.811 547.9 0 0 0 0.02183 0.008743 0.00657 0.02442 20.93 8.384 6.301 23.41
-35.42 -16.56 14.27 2.25 -0.1042 -0.004429 -0.1934 0.2197 984 7.186 1.655 -13.51 15.39 1063 0 0 0 0.01185 0.001601 0.01407 0.01846 11.36 1.535 13.49 17.7
-9.383 -5.303 10.97 1.045 -0.1795 -0.01632 -0.09532 0.2039 985 -3.054 -6.053 4.147 7.947 478 0 0 0 0.008545 0.006379 0.02379 0.02607 8.194 6.117 22.81 25
-15.66 14.23 7.659 1.1 -0.1392 0.002524 -0.144 0.2003 986 -2.152 21.05 4.722 21.68 420.3 0 0 0 0.01394 0.01818 0.01096 0.0254 13.37 17.43 10.51 24.35
-5.696 26 15.01 1.557 -0.2167 -0.007341 -0.01353 0.2172 987 -6.089 -2.174 13.29 14.78 682.8 0 0 0 0.02438 0.01452 0.02056 0.03504 23.38 13.92 19.72 33.6
-38.44 -0.2563 8.408 2.001 -0.05757 -0.01587 -0.2197 0.2277 988 12.28 17.69 5.399 22.2 781.5 0 0 0 0.006276 0.006147 0.00622 0.01076 6.018 5.894 5.965 10.32
-36.82 -26.11 11.5 0.8809 -0.0977 -0.01125 -0.2153 0.2367 989 25.97 5.505 4.88 26.99 381.8 0 0 0 0.01444 0.01058 0.01011 0.02056 13.84 10.15 9.699 19.72
0.5626 11.81 13 1.411 -0.2 0.05345 0.09459 0.2276 990 13.61 -21.51 1.104 25.48 615.5 0 0 0 0.02302 0.004044 0.02809 0.03654 22.07 3.878 26.94 35.04
24.45 13.63 1.471 0.5319 -0.01872 -0.003981 0.2285 0.2293 991 19.02 5.255 -18.52 27.06 182.1 0 0 0 0.002526 0.006115 0.02094 0.02196 2.422 5.864 20.08 21.06
20.69 18.07 9.799 0.8278 -0.08443 -0.02989 0.1802 0.2012 992 4.435 24.73 4.709 25.56 342.9 0 0 0 0.02423 0.01266 0.01331 0.0304 23.24 12.14 12.76 29.16
42.65 12.66 14.73 1.178 -0.03861 0.03434 0.2009 0.2075 993 -5.191 0.3205 -32.4 32.81 522.5 0 0 0 0.0297 0.01984 0.0194 0.04064 28.48 19.02 18.6 38.97
-33.44 1.386 10.29 1.078 -0.06176 -0.0251 -0.1736 0.186 994 4.059 5.796 -25.38 26.34 447.5 0 0 0 0.0113 0.01568 0.03008 0.03575 10.84 15.03 28.84 34.28
-48.01 -5.613 9.919 1.254 -0.07476 -0.03907 -0.208 0.2244 995 18.22 22.06 15.24 32.42 525.4 0 0 0 0.03044 0.005573 0.03232 0.04475 29.19 5.344 30.99 42.91
10.55 5.254 3.002 0.809 -0.03908 0.07345 0.2179 0.2332 996 -2.088 -23.6 -1.2 23.72 289 0 0 0 0.003883 0.02778 0.00776 0.0291 3.723 26.64 7.441 27.91
-31.9 -12.86 19.36 1.005 -0.122 -0.01273 -0.2079 0.2414 997 -8.101 5.588 12.95 16.27 502.4 0 0 0 0.01635 0.006374 0.02431 0.02998 15.68 6.112 23.32 28.75
-45.91 22.95 2.832 0.7942 -0.03675 -0.01387 -0.2325 0.2358 998 16.43 22.46 -2.009 27.9 272.8 0 0 0 0.01773 0.007 0.02817 0.03401 17 6.713 27.01 32.61
-31.72 -28.04 11.71 0.9997 -0.0837 0.01045 -0.1938 0.2114 999 5.008 -14.65 -16.31 22.49 438.6 0 0 0 0.01921 0.005263 0.01994 0.02819 18.42 5.047 19.12 27.03
-20.21 -13.39 11.62 0.9661 -0.08332 -0.04419 -0.1744 0.1983 1000 -16.79 -2.973 2.208 17.19 442.2 0 0 0 0.01331 0.04269 0.01627 0.04758 12.77 40.93 15.6 45.63
-17.26 -15.76 19.06 1.917 -0.1423 -0.02829 -0.1186 0.1874 1001 6.895 -13.12 4.116 15.38 945.6 0 0 0 0.01163 0.01737 0.008006 0.02239 11.16 16.66 7.677 21.47
39.79 -0.09827 4.852 0.8433 -0.005449 0.03128 0.2039 0.2063 1002 -9.516 7.322 0.0321 12.01 319.1 0 0 0 0.01288 0.01173 0.006275 0.01852 12.35 11.25 6.017 17.76
-41.98 11.11 18.57 1.41 -0.09338 -0.0004524 -0.1736 0.1972 1003 0.05942 -10.88 -10.35 15.02 641.8 0 0 0 0.02109 0.006443 0.02583 0.03396 20.23 6.179 24.76 32.57
-11.64 -21.08 15.61 1.486 -0.133 -0.04879 -0.1373 0.1973 1004 -13.16 16.74 -4.849 21.84 726.1 0 0 0 0.02301 0.009591 0.02595 0.03598 22.06 9.197 24.88 34.5
-1.334 -4.036 10.01 0.9615 -0.1456 0.0003134 0.04105 0.1513 1005 -6.5 -34.88 3.754 35.68 436.9 0 0 0 0.02157 0.02906 0.01588 0.03953 20.69 27.87 15.23 37.9
30.81 25.83 15.96 1.541 -0.08037 0.03757 0.1889 0.2087 1006 -7.186 7.11 -13.4 16.79 623.3 0 0 0 0.01539 0.03673 0.01791 0.04367 14.76 35.22 17.17 41.87
38.17 23.8 13.45 1.563 -0.0923 0.04165 0.1687 0.1967 1007 -8.531 5.125 -19.81 22.17 644.2 0 0 0 0.02686 0.04195 0.02052 0.05387 25.76 40.22 19.68 51.66
-0.398 -24.83 15.06 1.458 -0.234 -0.04918 -0.04727 0.2438 1008 -3.952 7.799 -3.675 9.484 699.7 0 0 0 0.02407 0.01453 0.02519 0.03774 23.08 13.93 24.15 36.19
5.424 -28.14 3.24 0.7961 -0.09741 -0.03246 0.08113 0.1309 1009 -12.31 -22.03 -21.84 33.38 306.4 0 0 0 0.02506 0.03973 0.03635 0.05939 24.03 38.1 34.85 56.95
-14.68 26.37 18.95 1.471 -0.2015 -0.05596 -0.0831 0.225 1010 -13.35 12.27 -6.142 19.15 630.7 0 0 0 0.0183 0.01251 0.02722 0.0351 17.55 11.99 26.1 33.66
-34.31 -22.1 17.9 1.634 -0.1009 -0.02013 -0.1947 0.2202 1011 -12.52 -3.325 -3.409 13.39 817.1 0 0 0 0.0095 0.01245 0.01186 0.01965 9.11 11.94 11.37 18.84
25.14 -17.51 14.83 1.586 -0.08702 0.02738 0.1767 0.1989 1012 4.109 -6.46 -2.282 7.989 745.4 0 0 0 0.006699 0.01262 0.009302 0.01705 6.424 12.1 8.92 16.35
-40.02 13.26 14.23 1.716 -0.08354 -0.002026 -0.183 0.2012 1013 -6.993 -7.452 -14.75 17.94 757.3 0 0 0 0.03067 0.003784 0.008133 0.03196 29.41 3.629 7.799 30.64
-11.52 26.68 14.02 0.9427 -0.2352 -0.01247 -0.07501 0.2471 1014 9.624 10.51 13.97 19.96 412.6 0 0 0 0.01828 0.005635 0.00912 0.02119 17.53 5.403 8.746 20.32
-11.64 -24.37 16.25 0.8256 -0.1592 -0.02556 -0.15 0.2202 1015 13.57 7.81 8.459 17.8 401.1 0 0 0 0.01302 0.01384 0.008081 0.02065 12.49 13.27 7.749 19.8
-17.14 -28.22 13.58 1.075 -0.1064 0.005769 -0.1605 0.1926 1016 -1.921 -10.35 -7.083 12.69 494 0 0 0 0.01792 0.01033 0.03147 0.03766 17.19 9.905 30.18 36.11
-30.42 24.78 3.421 0.6866 -0.06611 -0.03119 -0.2043 0.217 1017 3.555 -0.278 -14.16 14.61 238.1 0 0 0 0.02297 0.01586 0.02871 0.04004 22.02 15.21 27.53 38.4
-8.409 -26.05 17.15 1.165 -0.1752 -0.05039 -0.08589 0.2015 1018 3.268 18.92 -35.97 40.77 565.9 0 0 0 0.02117 0.01367 0.01285 0.02829 20.3 13.1 12.32 27.12
-47.46 -17.78 12.29 1.296 -0.01316 -0.000882 -0.1834 0.1839 1019 -21.25 5.238 -2.99 22.09 583.2 0 0 0 0.008463 0.01447 0.01747 0.02422 8.115 13.88 16.76 23.22
-33.15 -23.48 6.672 1.386 -0.04591 -0.001187 -0.2081 0.2131 1020 3.659 2.368 -5.572 7.074 532.3 0 0 0 0.001221 0.006642 0.009629 0.01176 1.171 6.37 9.233 11.28
37.42 14.97 9.91 0.835 -0.05393 0.001849 0.167 0.1755 1021 -0.6876 24.99 17.15 30.32 356 0 0 0 0.01426 0.0163 0.02181 0.03073 13.67 15.63 20.92 29.47
2.511 -22.96 15.6 0.9812 -0.2546 -0.03189 0.01406 0.257 1022 8.285 7.557 -3.735 11.82 474.6 0 0 0 0.01785 0.003317 0.002958 0.0184 17.12 3.181 2.836 17.64
-19.86 30.46 17.45 1.12 -0.1952 -0.04717 -0.1219 0.2349 1023 -4.761 -2.997 -0.01167 5.626 468.1 0 0 0 0.007041 0.01845 0.01469 0.02462 6.752 17.69 14.09 23.6
1.72 1.865 18.78 1.32 -0.207 -0.02243 0.07358 0.2209 1024 -25.33 -22.78 12.48 36.28 605.3 0 0 0 0.06535 0.04635 0.03162 0.08613 62.67 44.44 30.32 82.6
11.58 -1.829 10.01 1.439 -0.1037 0.0142 0.177 0.2056 1025 -10.02 -14.92 8.335 19.81 648.9 0 0 0 0.03802 0.003378 0.02653 0.04649 36.46 3.239 25.44 44.58
-1.518 20.73 15.76 1.518 -0.2117 -0.006039 0.04766 0.2171 1026 8.644 0.2647 -11.63 14.49 665.3 0 0 0 0.01811 0.002113 0.02033 0.02731 17.37 2.026 19.5 26.19
-33.42 10.69 8.529 1.284 -0.02942 -0.04263 -0.198 0.2046 1027 -19.36 -0.8499 -5.92 20.26 497.9 0 0 0 0.03686 0.005924 0.02977 0.04775 35.35 5.68 28.55 45.79
26.61 -18.68 5.774 0.4806 -0.0008381 -0.0203 0.1873 0.1884 1028 -24.13 34.19 5.459 42.2 187 0 0 0 0.01114 0.01098 0.01902 0.02463 10.68 10.53 18.24 23.61
-14.32 -2.566 2.046 0.3921 -0.05079 -0.04442 -0.1549 0.169 1029 6.135 20.2 -0.7559 21.13 132 0 0 0 0.0009154 0.02605 0.01638 0.03079 0.8778 24.98 15.71 29.52
-12.91 -4.143 8.043 0.8307 -0.1402 -0.009596 -0.1318 0.1927 1030 5.707 -20.42 -10.8 23.79 345.4 0 0 0 0.01025 0.01393 0.006265 0.01839 9.825 13.36 6.007 17.64
13.08 15.77 8.584 1.36 -0.08587 -0.02262 0.1699 0.1917 1031 -0.3396 11.6 13.61 17.89 553 0 0 0 0.02162 0.01437 0.01395 0.02947 20.73 13.78 13.38 28.26
-42.29 10.13 7.563 0.6106 -0.0405 -0.001363 -0.2042 0.2081 1032 -6.09 6.406 -7.775 11.77 228.5 0 0 0 0.01178 0.01113 0.01377 0.02127 11.3 10.67 13.21 20.39
-48.63 5.121 18.43 1.406 -0.07995 -0.02547 -0.1846 0.2028 1033 4.199 -8.992 -2.389 10.21 646.7 0 0 0 0.008843 0.01091 0.01781 0.02268 8.48 10.46 17.08 21.75
-46.9 20.22 11.21 1.244 -0.0131 -0.03759 -0.2197 0.2232 1034 -15.02 18.07 6.28 24.32 520 0 0 0 0.02195 0.01093 0.01591 0.02923 21.05 10.48 15.25 28.03
49.32 -22.4 8.95 0.7058 -0.004723 0.04694 0.1725 0.1789 1035 -16.27 -23.45 18.26 33.88 286.4 0 0 0 0.005883 0.01326 0.009165 0.01716 5.641 12.71 8.789 16.45
33.75 20.31 19.31 1.135 -0.09367 0.01073 0.1644 0.1895 1036 7.614 3.998 -1.236 8.688 465.3 0 0 0 0.01054 0.003862 0.005544 0.01252 10.1 3.703 5.316 12
5.932 4.482 0.3906 0.7013 0.01635 0.02406 0.1812 0.1835 1037 -16.34 -4.651 -3.23 17.29 241.4 0 0 0 0.008696 0.01284 0.01421 0.02104 8.338 12.32 13.62 20.17
28.19 -13.56 0.751 0.4111 0.01051 0.04882 0.2325 0.2378 1038 -10.04 -23.29 -34.95 43.18 144 0 0 0 0.003982 0.02002 0.02543 0.03261 3.818 19.2 24.38 31.27
-19.79 17.32 12.75 1.493 -0.1574 -0.05722 -0.1522 0.2263 1039 4.24 23.7 -0.1788 24.08 645.5 0 0 0 0.00407 0.01452 0.003458 0.01547 3.903 13.93 3.316 14.84
-49.36 0.1003 12.1 0.9532 -0.05902 -0.066 -0.2021 0.2206 1040 7.609 31.57 11.82 34.56 412 0 0 0 0.02444 0.01405 0.02273 0.03621 23.43 13.47 21.8 34.72
-23.1 6.785 18.57 1.667 -0.1431 -0.05231 -0.1307 0.2007 1041 16.38 -7.564 3.633 18.4 750.1 0 0 0 0.02875 0.01803 0.01253 0.03618 27.57 17.29 12.02 34.7
-37.47 -7.62 1.854 1.004 0.003422 -0.001313 -0.2674 0.2675 1042 -19.72 1.885 38.37 43.18 323.9 0 0 0 0.02309 0.005479 0.00918 0.02545 22.14 5.254 8.803 24.4
30.15 -19.07 19.13 1.264 -0.07878 -0.001733 0.1774 0.1941 1043 -15.01 -3.521 12.78 20.02 598.7 0 0 0 0.002913 0.006403 0.02342 0.02445 2.794 6.14 22.46 23.45
-4.948 11.93 12.98 0.9206 -0.2294 0.04526 0.03274 0.2361 1044 29.21 -18.19 -19.78 39.69 401.7 0 0 0 0.02541 0.009023 0.02909 0.03967 24.37 8.652 27.89 38.04
-40.03 -26.95 19.66 1.725 -0.09332 -0.01275 -0.1853 0.2078 1045 2.923 -0.2483 5.401 6.146 851.6 0 0 0 0.03218 0.00313 0.01936 0.03769 30.86 3.001 18.57 36.14
21.89 26.33 7.961 1.741 -0.07826 -0.02828 0.1765 0.1951 1046 14.56 7.842 5.897 17.56 668.4 0 0 0 0.02987 0.01216 0.02455 0.04053 28.64 11.66 23.54 38.87
11.65 30.48 13.11 1.482 -0.1406 -0.06806 0.1491 0.216 1047 -1.445 21 -5.143 21.67 620.2 0 0 0 0.0222 0.03551 0.01753 0.0454 21.29 34.05 16.81 43.54
17.02 -0.386 10.35 1.169 -0.08782 -0.006014 0.1861 0.2058 1048 1.787 -10.05 -4.657 11.22 522.7 0 0 0 0.01798 0.01153 0.02598 0.03363 17.24 11.06 24.91 32.25
-18.69 -29.61 6.496 0.9578 -0.05623 0.006718 -0.2216 0.2288 1049 14.01 -22.45 12.73 29.37 378.1 0 0 0 0.01703 0.000749 0.01633 0.02361 16.33 0.7183 15.66 22.64
9.729 15.46 1.715 0.6595 -0.02745 0.06087 0.2001 0.211 1050 -0.8043 -1.302 0.8199 1.736 221.1 0 0 0 0.009152 0.02616 0.009025 0.02915 8.776 25.09 8.655 27.95
-41.82 -20.52 1.507 0.4083 -0.04475 -0.01222 -0.2133 0.2183 1051 32.96 5.56 12.01 35.51 134.7 0 0 0 0.02218 0.002431 0.03102 0.03821 21.27 2.331 29.75 36.64
29.24 27.94 15.4 1.05 -0.1054 0.0607 0.1847 0.2212 1052 3.018 -24.12 -6.308 25.11 422.5 0 0 0 0.01992 0.01774 0.02734 0.03819 19.1 17.01 26.22 36.62
-48.16 17.49 18.5 1.558 -0.05449 -0.04301 -0.1807 0.1935 1053 -1.004 15.71 -1.857 15.85 700.2 0 0 0 0.009201 0.031 0.02825 0.04294 8.823 29.73 27.09 41.18
-46.54 -1.832 11.87 0.8623 -0.03737 0.005564 -0.196 0.1996 1054 -20.61 -8.996 2.255 22.6 374.2 0 0 0 0.01397 0.002275 0.02297 0.02698 13.4 2.181 22.03 25.87
39.85 25.71 7.178 0.7716 -0.02768 0.06681 0.1945 0.2075 1055 4.537 -30.93 -3.25 31.43 292.6 0 0 0 0.01933 0.006631 0.01361 0.02455 18.53 6.359 13.06 23.55
-11.34 0.516 13.43 1.861 -0.1999 -0.02437 -0.09402 0.2222 1056 11.69 7.22 4.531 14.47 858.9 0 0 0 0.03811 0.008249 0.01767 0.04281 36.55 7.91 16.95 41.05
8.068 6.297 3.424 0.8325 -0.04181 0.04091 0.2007 0.2091 1057 -6.405 10.26 11.19 16.48 300.3 0 0 0 0.01468 0.004186 0.01431 0.02092 14.08 4.014 13.72 20.06
2.432 -26.39 5.073 0.6258 -0.126 -0.07944 -0.007431 0.1491 1058 11.39 15.28 -20.75 28.18 250.9 0 0 0 0.02919 0.04761 0.02547 0.06138 27.99 45.65 24.43 58.86
1.941 25.78 8.268 1.006 -0.169 0.0297 0.1027 0.2 1059 9.516 21.66 -5.544 24.3 407.6 0 0 0 0.0192 0.005093 0.01485 0.0248 18.41 4.884 14.24 23.78
44.69 -16.04 7.607 0.971 -0.02731 0.001374 0.189 0.191 1060 2.39 19.01 7.538 20.59 386.8 0 0 0 0.01257 0.002943 0.01149 0.01728 12.05 2.822 11.02 16.57
-35.91 28.62 0.9929 1.139 -0.02625 -0.07243 -0.2144 0.2278 1061 -10.1 37.01 -5.541 38.76 377.4 0 0 0 0.01013 0.02038 0.01222 0.02583 9.716 19.54 11.72 24.77
-22.41 7.866 17.15 0.9529 -0.1111 -0.07237 -0.1303 0.1859 1062 -19.12 10.54 -0.9072 21.85 426.4 0 0 0 0.03656 0.03941 0.01656 0.05625 35.06 37.8 15.88 53.94
-9.384 -19.58 14.69 3.333 -0.1705 -0.04749 -0.1467 0.2299 1063 4.034 12.95 7.514 15.51 1624 0 0 0 0.00252 0.01279 0.001232 0.01309 2.417 12.27 1.182 12.56
22.91 -7.008 3.476 0.8118 -0.02689 -0.005932 0.2072 0.209 1064 5.874 -2.674 -12.72 14.26 296.7 0 0 0 0.02565 0.01254 0.01721 0.03334 24.6 12.03 16.5 31.97
-19.62 11.03 17.93 1.961 -0.1363 -0.03696 -0.1201 0.1854 1065 -9.747 -9.016 7.081 15.05 869.7 0 0 0 0.001497 0.02537 0.01483 0.02943 1.436 24.33 14.22 28.22
-2.33 -22.23 4.309 1.231 -0.05588 -0.1067 -0.1085 0.1621 1066 -21.01 14.16 -13.44 28.68 486.4 0 0 0 0.03005 0.01075 0.008592 0.03306 28.82 10.31 8.24 31.7
19.31 -3.041 5.245 1.182 -0.03601 -0.03493 0.209 0.2149 1067 0.7428 17.6 -4.727 18.24 454.8 0 0 0 0.01341 0.009142 0.01062 0.0194 12.86 8.767 10.18 18.6
25.72 -27.7 13.08 1.383 -0.05883 -0.006666 0.1688 0.1789 1068 -10.43 32.2 13.23 36.35 620.5 0 0 0 0.04099 0.01096 0.0229 0.04821 39.31 10.51 21.96 46.23
41.08 -8.811 7.961 1.086 -0.02855 0.02802 0.2019 0.2058 1069 -2.797 3.241 5.051 6.621 444 0 0 0 0.02274 0.03159 0.01206 0.04075 21.8 30.3 11.56 39.08
-11.93 -15.55 6.837 0.7205 -0.1114 -0.006497 -0.2268 0.2528 1070 -18.69 -9.348 15.16 25.82 292.1 0 0 0 0.02581 0.009604 0.03183 0.04209 24.75 9.209 30.52 40.36
-15.81 23.08 2.369 0.9966 -0.08398 -0.07387 -0.1472 0.1848 1071 -0.59 -22.65 16.44 28 344.9 0 0 0 0.01098 0.0131 0.0464 0.04945 10.53 12.56 44.5 47.42
-27.55 0.7802 13.83 0.9491 -0.1107 -0.07087 -0.1721 0.2166 1072 17.46 18.9 13.21 28.92 430.9 0 0 0 0.03113 0.02243 0.0343 0.05147 29.85 21.51 32.9 49.35
-33.42 3.009 7.677 1.112 -0.06208 -0.01486 -0.2021 0.212 1073 16.66 -6.613 3.68 18.3 418.5 0 0 0 0.01396 0.01135 0.02399 0.02999 13.38 10.89 23 28.75
35.53 21.96 8.852 0.6968 -0.06655 0.07309 0.1653 0.1926 1074 5.39 -11.12 0.7115 12.37 276.1 0 0 0 0.02192 0.01555 0.0222 0.03486 21.02 14.91 21.28 33.43
18.4 -15.41 17.64 0.7953 -0.1186 -0.0003935 0.1497 0.191 1075 4.019 -2.046 -7.509 8.76 382.3 0 0 0 0.01532 0.008478 0.01226 0.02138 14.69 8.129 11.75 20.5
15.79 -18.23 5.432 1.016 -0.08056 -0.008994 0.2421 0.2553 1076 -9.529 33.56 -9.722 36.22 401.8 0 0 0 0.001752 0.02177 0.005083 0.02242 1.68 20.87 4.874 21.5
48.21 -13.25 7.977 0.672 -0.02757 0.02724 0.1911 0.195 1077 -1.486 -13.68 8.809 16.34 272 0 0 0 0.02435 0.01021 0.02038 0.03335 23.35 9.791 19.54 31.98
-45.84 -12.41 14.97 1.472 -0.04792 -0.03232 -0.2025 0.2106 1078 -9.248 18.2 7.353 21.7 703.4 0 0 0 0.006478 0.007193 0.007113 0.01201 6.212 6.898 6.821 11.52
-20.9 1.81 19.99 2.261 -0.1449 -0.06126 -0.1157 0.1953 1079 7.249 3.707 -0.1157 8.143 1038 0 0 0 0.01752 0.01579 0.006939 0.02458 16.8 15.14 6.654 23.57
-34.03 16.52 8.658 1.282 -0.08136 -0.06826 -0.1975 0.2242 1080 4.565 27.64 -2.519 28.13 505.8 0 0 0 0.005655 0.02487 0.01646 0.03035 5.423 23.85 15.78 29.1
-24.45 -11.57 12.9 1.4 -0.1103 -0.03823 -0.1756 0.2109 1081 10.93 -6.619 15.97 20.45 650.7 0 0 0 0.01361 0.007607 0.0504 0.05275 13.05 7.294 48.33 50.59
21.55 -19.84 7.425 1.047 -0.05059 0.003505 0.2048 0.211 1082 -20.38 -0.1061 -12.12 23.71 430.7 0 0 0 0.01428 0.004621 0.03243 0.03574 13.69 4.431 31.1 34.27
45.25 -10.63 6.353 0.7409 -0.02505 -0.0111 0.2056 0.2074 1083 -1.074 20.44 -4.759 21.02 288.3 0 0 0 0.03038 0.005035 0.02878 0.04215 29.13 4.828 27.6 40.42
18.04 29.22 12.59 1.27 -0.09763 0.02211 0.181 0.2069 1084 3.79 -45.69 -15.19 48.3 517.1 0 0 0 0.02038 0.009323 0.03937 0.0453 19.54 8.94 37.75 43.44
1.465 -18.55 1.115 0.374 -0.04161 0.02211 0.05724 0.07414 1085 -11.29 -11.82 -4.09 16.85 138.7 0 0 0 0.008978 0.003415 0.02191 0.02392 8.609 3.275 21.01 22.94
10.35 -11.65 4.07 1.118 -0.08391 0.0418 0.1784 0.2015 1086 12.27 -19.57 7.22 24.2 425.1 0 0 0 0.02919 0.02809 0.01132 0.04206 27.99 26.93 10.85 40.33
31.39 23.05 13.18 1.034 -0.0869 0.06873 0.1847 0.2154 1087 -11.34 -0.4722 -14.76 18.62 428.4 0 0 0 0.03375 0.01168 0.01527 0.03885 32.37 11.2 14.65 37.25
41.36 -6.454 8.584 0.814 -0.02072 0.01872 0.2118 0.2137 1088 -6.927 17.59 -6.704 20.06 339.5 0 0 0 0.008917 0.044 0.01805 0.04839 8.551 42.19 17.3 46.4
2.622 -6.452 17.73 1.573 -0.2256 -0.01071 0.04465 0.2302 1089 26.84 -15.67 12.81 33.62 757.4 0 0 0 0.003392 0.002507 0.01101 0.01179 3.252 2.404 10.56 11.31
6.267 -30.63 10.2 0.7524 -0.1932 0.05971 0.09394 0.223 1090 3.311 -33.07 -31.91 46.08 326.1 0 0 0 0.02419 0.01519 0.02743 0.0396 23.19 14.56 26.3 37.97
-18.21 8.219 18.87 1.429 -0.1442 -0.06454 -0.1119 0.1936 1091 -14.64 8.922 5.235 17.92 638.8 0 0 0 0.01197 0.01761 0.03004 0.03682 11.48 16.88 28.81 35.31
44.57 3.119 9.937 0.5303 -0.06634 0.04934 0.1663 0.1858 1092 7.088 1.5 18.06 19.46 230.2 0 0 0 0.009004 0.03504 0.004921 0.03652 8.634 33.61 4.718 35.02
11.92 -18.53 0.8457 0.7695 -0.02669 0.07303 0.2054 0.2196 1093 -7.256 -8.608 2.974 11.64 283.5 0 0 0 0.006294 0.02692 0.01105 0.02977 6.036 25.81 10.59 28.55
-0.3083 -18.21 18.26 1.115 -0.2171 -0.02074 -0.01796 0.2188 1094 -0.2228 -4.531 -7.365 8.65 550 0 0 0 0.02001 0.008045 0.006746 0.0226 19.19 7.714 6.469 21.67
-13.11 -19.97 19.92 1.326 -0.1391 -0.04817 -0.09463 0.175 1095 -6.305 23.1 -15.04 28.27 658.1 0 0 0 0.00758 0.008513 0.008432 0.01418 7.269 8.164 8.085 13.6
-45.28 -20.3 12.45 1.356 -0.02913 -0.02164 -0.2132 0.2163 1096 -25.47 -0.4138 35.78 43.92 610.8 0 0 0 0.006336 0.01456 0.01882 0.02463 6.076 13.96 18.05 23.61
42.32 8.821 4.227 0.4911 -0.0039 0.02914 0.1969 0.1991 1097 -8.901 18.3 0.7563 20.37 183.5 0 0 0 0.01747 0.01644 0.005407 0.02459 16.75 15.76 5.185 23.58
1.517 5.926 7.373 0.8066 -0.1266 -0.02351 0.1235 0.1784 1098 5.868 1.407 -1.18 6.148 328.5 0 0 0 0.007746 0.01161 0.003758 0.01445 7.428 11.13 3.604 13.86
-6.536 14.85 0.1205 0.3827 -0.016 -0.08396 0.0891 0.1235 1099 5.923 27.85 16.51 32.91 127.1 0 0 0 0.03039 0.04198 0.01374 0.05361 29.14 40.25 13.18 51.41
-49.2 -20.83 7.591 0.7324 -0.006589 -0.0202 -0.1777 0.179 1100 -13.54 2.655 -14.84 20.26 286.6 0 0 0 0.0143 0.006808 0.009931 0.01869 13.71 6.528 9.523 17.92
-3.444 -28.94 14.59 1.316 -0.2229 -0.05524 -0.1107 0.255 1101 9.07 9.788 -1.573 13.44 618.3 0 0 0 0.01673 0.0341 0.01485 0.04079 16.05 32.7 14.24 39.11
-28.33 -14.08 17.25 1.542 -0.1352 -0.02643 -0.1813 0.2277 1102 20.99 5.422 12.99 25.27 761.3 0 0 0 0.02192 0.007666 0.005115 0.02378 21.02 7.351 4.905 22.8
5.133 -18.44 6.172 0.7124 -0.0913 -0.06595 0.09323 0.1462 1103 -17.07 6.014 -23.28 29.49 293.9 0 0 0 0.01482 0.008504 0.01559 0.02313 14.21 8.154 14.95 22.18
-35.97 -16.29 19.34 1.794 -0.1066 -0.02121 -0.1928 0.2213 1104 5.371 -6.672 9.48 12.78 897.2 0 0 0 0.01333 0.01764 0.007611 0.02338 12.78 16.91 7.298 22.42
27.65 -25.76 1.127 0.6146 0.01731 0.04032 0.2313 0.2354 1105 -12.9 -4.771 -21.41 25.45 224.9 0 0 0 0.01229 0.009465 0.01064 0.01881 11.79 9.076 10.2 18.04
22.01 -17.95 8.23 0.6229 -0.0738 -0.003751 0.2113 0.2238 1106 -3.103 -2.326 -15.57 16.05 262.9 0 0 0 0.03137 0.014 0.008929 0.03549 30.08 13.42 8.562 34.03
-11.95 -26.88 3.72 1.036 -0.00509 -0.04934 -0.2547 0.2595 1107 -29.66 16.33 1.628 33.9 395.9 0 0 0 0.04618 0.03115 0.0181 0.05857 44.28 29.87 17.36 56.16
-36.65 1.486 10.54 1.117 -0.05018 0.0006626 -0.22 0.2256 1108 -5.168 3.12 6.819 9.107 464.9 0 0 0 0.01923 0.005488 0.02223 0.0299 18.44 5.263 21.32 28.67
22.78 24.28 18.69 0.8889 -0.1375 0.01976 0.1477 0.2028 1109 19.9 -6.17 15.25 25.82 362.9 0 0 0 0.012 0.01601 0.02107 0.02905 11.5 15.35 20.2 27.86
4.06 -23.83 11.21 0.9164 -0.2334 0.03079 0.04053 0.2389 1110 14.62 -27.25 -4.037 31.19 418 0 0 0 0.0171 0.01162 0.01316 0.0245 16.39 11.14 12.62 23.5
10.01 24.65 5.492 1.032 -0.1055 0.04285 0.1631 0.1989 1111 -1.348 -3.539 11.77 12.37 381.6 0 0 0 0.06116 0.02099 0.01567 0.06654 58.65 20.12 15.03 63.8
21.56 0.2963 15.15 0.9618 -0.06793 -0.001866 0.1645 0.178 1112 -17.3 -2.385 -2.12 17.6 448.4 0 0 0 0.002137 0.00977 0.008161 0.01291 2.049 9.369 7.826 12.38
48.32 0.9799 12.58 1.045 -0.0676 0.003257 0.1428 0.158 1113 14.9 14.43 30.44 36.84 469.1 0 0 0 0.01852 0.006301 0.0539 0.05734 17.76 6.043 51.68 54.98
-31.73 -19.6 13 0.9625 -0.1037 0.01731 -0.2074 0.2325 1114 11 -22.46 12.62 28.01 441.5 0 0 0 0.01398 0.005933 0.007916 0.01713 13.41 5.689 7.591 16.42
4.488 -21.4 14.83 1.265 -0.2469 -0.01552 0.05653 0.2538 1115 3.309 -5.868 -8.156 10.58 610.9 0 0 0 0.01116 0.01943 0.02114 0.0308 10.7 18.63 20.27 29.54
-1.035 -25.97 17.47 1.111 -0.2236 -0.03233 -0.06027 0.2338 1116 1.536 -4.977 4.412 6.826 537.8 0 0 0 0.01211 0.01096 0.00668 0.01765 11.61 10.51 6.406 16.92
-10.89 2.109 8.821 1.497 -0.1335 -0.02443 -0.04781 0.1439 1117 -15.04 -4.813 -18.77 24.53 629.2 0 0 0 0.01224 0.01422 0.02604 0.0321 11.74 13.64 24.97 30.78
-8.247 19.34 10.33 1.274 -0.1686 -0.02533 -0.002223 0.1705 1118 2.43 17.12 -2.926 17.54 542.5 0 0 0 0.002125 0.007059 0.0006174 0.007398 2.037 6.769 0.592 7.094
-20.59 -20.38 16.18 1.525 -0.1035 -0.01853 -0.1626 0.1936 1119 3.869 -13.9 17.49 22.68 744.1 0 0 0 0.02928 0.005291 0.0145 0.0331 28.08 5.074 13.91 31.74
-27.68 15.36 7.187 1.37 -0.07428 -0.03601 -0.1986 0.2151 1120 9.801 2.351 -5.691 11.58 514.1 0 0 0 0.02379 0.002802 0.02107 0.03191 22.81 2.687 20.21 30.6
46.96 -15.14 12.87 1.222 -0.03331 0.01999 0.204 0.2077 1121 -1.07 11.5 -3.844 12.17 543.4 0 0 0 0.0249 0.006168 0.02103 0.03318 23.88 5.914 20.17 31.81
-10.99 -0.4054 19.79 1.27 -0.1725 -0.05711 -0.06567 0.1932 1122 -6.35 0.1231 -7.236 9.627 590.6 0 0 0 0.004485 0.01091 0.003765 0.01238 4.3 10.47 3.61 11.88
-12.43 -28.09 17.22 0.9951 -0.1596 -0.0009425 -0.1384 0.2113 1123 7.742 -9.817 0.2451 12.5 480.7 0 0 0 0.01248 0.008033 0.0101 0.01795 11.97 7.703 9.69 17.22
-36.27 21.15 14.9 1.353 -0.09684 -0.006104 -0.1859 0.2097 1124 -6.242 -4.412 -15.06 16.89 596.4 0 0 0 0.001331 0.01184 0.008444 0.01461 1.276 11.36 8.097 14.01
-27.31 -18.03 16.54 1.231 -0.1243 -0.01446 -0.1597 0.2028 1125 12.49 -15.18 -10.03 22.07 602.5 0 0 0 0.03767 0.02306 0.0206 0.04873 36.12 22.11 19.75 46.73
17.07 -8.428 12.17 1.337 -0.1093 -0.007355 0.164 0.1972 1126 1.163 -3.396 3.632 5.106 622 0 0 0 0.02925 0.007099 0.02155 0.03702 28.04 6.807 20.67 35.5
12.05 21.28 10.64 1.189 -0.1417 0.007966 0.1349 0.1958 1127 21.02 -9.482 31.67 39.18 496.2 0 0 0 0.004128 0.004094 0.01873 0.01961 3.959 3.925 17.96 18.8
17.35 -3.86 5.797 0.7931 -0.1101 -0.009878 0.2651 0.2872 1128 31.59 12.99 -51.57 61.86 311 0 0 0 0.01962 0.004086 0.02959 0.03574 18.81 3.919 28.37 34.27
14.82 -11.75 14.37 1.5 -0.121 -0.006592 0.1696 0.2084 1129 -3.48 -11.24 -10.86 16.01 723.7 0 0 0 0.005511 0.004712 0.004884 0.008743 5.285 4.519 4.684 8.384
-11.53 7.322 2.161 0.5681 -0.1027 -0.06929 -0.07533 0.145 1130 -17.3 7.99 -21.34 28.61 187.9 0 0 0 0.004415 0.01593 0.006849 0.0179 4.234 15.28 6.567 17.16
15.57 18.37 0.8726 1.256 -0.02893 0.004007 0.2112 0.2132 1131 18.59 4.412 -2.293 19.25 421.1 0 0 0 0.01301 0.006555 0.01161 0.01863 12.48 6.286 11.13 17.86
-19.46 6.32 6.378 1.036 -0.1415 -0.003464 -0.2103 0.2535 1132 35.19 4.558 16.06 38.95 381.4 0 0 0 0.01443 0.003976 0.0213 0.02603 13.83 3.813 20.43 24.97
26.48 -9.318 7.812 1.573 -0.03474 0.02927 0.2081 0.213 1133 -5.721 -18.2 -15.96 24.87 653 0 0 0 0.01324 0.00445 0.01785 0.02267 12.7 4.267 17.12 21.74
4.199 -29.32 2.876 0.4953 -0.1236 -0.02949 -0.04073 0.1334 1134 5.378 -1.312 -6.934 8.872 188.8 0 0 0 0.02508 0.01289 0.02588 0.03827 24.05 12.36 24.81 36.7
-33.36 25.7 15.15 1.157 -0.1263 -0.0398 -0.1736 0.2184 1135 3.682 18.78 -16.11 25.02 495.9 0 0 0 0.02092 0.008188 0.02167 0.03121 20.06 7.851 20.78 29.93
31.36 -14.67 1.947 0.4686 0.0384 0.03357 0.2232 0.229 1136 -32.01 -0.9592 0.7631 32.03 163.7 0 0 0 0.03935 0.01289 0.01219 0.04316 37.74 12.36 11.68 41.39
19.16 -29.42 7.221 0.9984 -0.0666 0.009322 0.2187 0.2288 1137 -11.42 12.16 -12.27 20.71 402.8 0 0 0 0.01263 0.01523 0.02768 0.03402 12.11 14.61 26.54 32.63
37.56 -15.06 8.652 0.5166 -0.0486 0.02352 0.2256 0.232 1138 17.08 -1.121 -13.67 21.91 214.7 0 0 0 0.02685 0.01845 0.02732 0.04252 25.75 17.69 26.2 40.77
42.89 26.89 5.158 1.06 -0.009183 0.01854 0.215 0.216 1139 0.9592 21.76 -31.89 38.62 384 0 0 0 0.00313 0.01553 0.005335 0.01671 3.001 14.89 5.116 16.03
-41.36 -3.786 13.12 1.142 -0.05027 -0.001745 -0.2093 0.2153 1140 -21.85 3.37 3.995 22.47 517.2 0 0 0 0.02373 0.005484 0.01435 0.02827 22.76 5.258 13.76 27.11
-25.55 -1.553 7.555 0.6858 -0.07085 -0.05151 -0.2232 0.2398 1141 6.636 3.003 33.97 34.75 267.8 0 0 0 0.04917 0.04648 0.02939 0.07377 47.15 44.57 28.18 70.74
-12.15 -1.58 5.228 1.393 -0.1047 -0.05736 -0.1086 0.1614 1142 12.01 -6.377 8.078 15.82 522.4 0 0 0 0.004301 0.02413 0.005962 0.02522 4.124 23.14 5.717 24.19
10.79 -10.62 9.147 0.9776 -0.1746 0.03277 0.1683 0.2447 1143 27.86 -20.64 7.509 35.48 432.9 0 0 0 0.01364 0.01058 0.008828 0.01939 13.08 10.15 8.466 18.59
-44.13 -7.325 1.815 1.101 0.002856 -0.009519 -0.2224 0.2226 1144 -7.272 12.63 6.502 15.96 350.5 0 0 0 0.007515 0.007494 0.006068 0.01223 7.207 7.186 5.819 11.72
37.01 -5.045 18.7 1.561 -0.08667 0.01712 0.1843 0.2043 1145 0.5093 0.7067 1.878 2.07 722.4 0 0 0 0.03886 0.006296 0.01188 0.04112 37.27 6.037 11.4 39.44
44.41 25.42 17.15 0.8622 -0.07442 0.03033 0.1691 0.1872 1146 15.2 8.81 -19.13 25.98 325.9 0 0 0 0.008484 0.006826 0.03732 0.03887 8.136 6.545 35.78 37.28
43.48 9.284 3.56 0.9142 -0.01735 0.02948 0.2145 0.2172 1147 10.14 11.63 -26.42 30.6 333.6 0 0 0 0.009885 0.009015 0.01346 0.01898 9.479 8.645 12.91 18.2
25.88 -5.54 6.434 0.6262 -0.03305 0.007041 0.1985 0.2014 1148 8.468 -6.64 -3.03 11.18 247.6 0 0 0 0.0247 0.004833 0.02273 0.03391 23.69 4.634 21.8 32.52
23.58 21.43 4.428 1.236 -0.04492 -0.004526 0.1805 0.186 1149 -0.573 -1.047 2.888 3.125 441.9 0 0 0 0.01015 0.007737 0.01237 0.01777 9.736 7.419 11.86 17.04
-31.41 -27.24 18.08 1.361 -0.088 -0.02136 -0.1652 0.1884 1150 -19.78 -0.452 -25.27 32.09 660 0 0 0 0.008041 0.005472 0.01772 0.02021 7.711 5.247 16.99 19.38
-16.84 12.02 3.864 0.5471 -0.09862 -0.04604 -0.1368 0.1748 1151 14.26 10.15 -17.86 25.01 184.7 0 0 0 0.01449 0.01131 0.03157 0.03653 13.89 10.84 30.27 35.03
-22.33 -18.71 0.4192 0.6648 -0.01005 -0.01746 -0.1865 0.1875 1152 22.06 -1.426 -14.53 26.45 231 0 0 0 0.01054 0.002815 0.01393 0.01769 10.1 2.699 13.35 16.96
-32.12 -17.31 13.22 1.372 -0.1075 0.003634 -0.186 0.2149 1153 19.32 -16.16 -12.48 28.11 633.3 0 0 0 0.01852 0.008068 0.02528 0.03236 17.76 7.737 24.24 31.03
-20.36 -3.292 8.767 1.076 -0.1063 -0.05376 -0.1756 0.2121 1154 10.97 14.1 -2.954 18.11 448.5 0 0 0 0.02471 0.007243 0.02148 0.03353 23.69 6.945 20.6 32.16
-0.5713 -28.34 15.57 0.858 -0.2296 -0.05384 -0.05872 0.243 1155 -6.617 16.45 -2.731 17.94 406.4 0 0 0 0.006709 0.02588 0.01008 0.02857 6.434 24.82 9.662 27.4
22.89 -8.897 13.14 1.64 -0.08929 -0.006773 0.178 0.1992 1156 11.04 2.547 -6.189 12.91 769.2 0 0 0 0.01874 0.00591 0.01248 0.02328 17.97 5.667 11.97 22.32
35.26 -7.483 13.97 0.8996 -0.07862 0.06046 0.1708 0.1975 1157 10.17 -25.71 18.53 33.28 416.8 0 0 0 0.03414 0.04301 0.0234 0.05969 32.74 41.24 22.44 57.24
18.2 -0.7542 17.32 1.854 -0.07572 -0.02196 0.1671 0.1848 1158 -31.57 -1.961 -14.18 34.66 862.9 0 0 0 0.01254 0.01872 0.03137 0.03862 12.03 17.95 30.08 37.04
41.02 19 10.22 0.6028 -0.0398 0.05469 0.1853 0.1972 1159 -24.61 -16.22 -6.198 30.12 251.3 0 0 0 0.03193 0.01554 0.01954 0.04053 30.62 14.91 18.74 38.87
-6.529 15.07 16.73 1.021 -0.1916 -0.008745 -0.009861 0.192 1160 0.06154 7.221 6.41 9.656 448.6 0 0 0 0.004742 0.002166 0.005818 0.007812 4.548 2.077 5.579 7.491
17.14 -18.94 15.98 1.342 -0.125 -0.007548 0.1606 0.2036 1161 -2.36 -9.236 -6.77 11.69 640.6 0 0 0 0.00524 0.003302 0.00811 0.01021 5.025 3.167 7.777 9.786
-1.892 21.31 18.35 1.316 -0.2097 -0.03763 0.0471 0.2182 1162 1.53 6.554 -7.234 9.88 570 0 0 0 0.008749 0.008841 0.008345 0.01498 8.389 8.478 8.002 14.36
40.3 -26.74 2.12 0.4584 0.001083 0.03138 0.198 0.2005 1163 1.744 -15.63 23.12 27.96 168.8 0 0 0 0.01035 0.006908 0.035 0.03715 9.924 6.624 33.56 35.62
26.55 20.93 19.56 1.194 -0.1305 0.01809 0.2 0.2395 1164 14.64 21.97 -20.54 33.45 490 0 0 0 0.01462 0.01704 0.01228 0.02559 14.02 16.34 11.78 24.54
12.64 28.29 2.77 0.864 -0.08551 0.004885 0.1789 0.1983 1165 9.406 7.075 15.63 19.57 305.2 0 0 0 0.01931 0.01047 0.03591 0.0421 18.52 10.04 34.43 40.37
-31.32 28.6 6.243 1.202 -0.0766 -0.05428 -0.2313 0.2496 1166 -11.68 12.45 17.41 24.38 446.8 0 0 0 0.007866 0.01309 0.03898 0.04187 7.543 12.56 37.38 40.15
-33.07 -24.66 10.6 1.448 -0.07251 -0.00652 -0.1811 0.1952 1167 -9.181 4.066 -32.8 34.3 620.2 0 0 0 0.01213 0.008117 0.01151 0.01859 11.64 7.783 11.04 17.83
34.63 -27.03 9.459 1.108 -0.05947 0.004038 0.2368 0.2442 1168 10.14 -0.05518 -7.182 12.42 455.9 0 0 0 0.007327 0.005013 0.003278 0.009464 7.026 4.807 3.144 9.075
-17.72 19.17 16.16 1.464 -0.1532 -0.06066 -0.1354 0.2132 1169 -24.68 18.79 12.17 33.32 646.7 0 0 0 0.01811 0.0187 0.006515 0.02683 17.37 17.93 6.248 25.73
14.11 9.774 18.73 1.223 -0.133 -0.02039 0.1438 0.1969 1170 7.347 -7.74 -0.4202 10.68 540.8 0 0 0 0.004428 0.02191 0.004973 0.0229 4.246 21.01 4.769 21.96
-9.334 -12.91 17.1 1.482 -0.1826 -0.05029 -0.09724 0.2129 1171 0.8616 5.469 -7.845 9.602 729.7 0 0 0 0.0007081 0.007714 0.009409 0.01219 0.679 7.398 9.022 11.69
-36.53 18.48 8.915 1.225 -0.07883 -0.01407 -0.2301 0.2436 1172 4.387 -4.053 19.9 20.77 489 0 0 0 0.01443 0.002799 0.0185 0.02363 13.84 2.684 17.74 22.66
-22.14 16.58 15.62 1.492 -0.1516 -0.04542 -0.1649 0.2286 1173 14.72 -0.5794 18.35 23.54 657.7 0 0 0 0.02443 0.006455 0.01023 0.02726 23.42 6.19 9.809 26.14
-13.28 -1.992 6.201 0.9009 -0.08719 -0.0296 -0.1379 0.1658 1174 -21.49 4.41 12.39 25.19 347.6 0 0 0 0.02694 0.01808 0.01687 0.03657 25.84 17.34 16.18 35.07
32.38 -14.64 3.427 0.6285 0.005063 0.03536 0.2314 0.2342 1175 -15.03 -10.46 0.2801 18.31 229.2 0 0 0 0.01548 0.03804 0.032 0.05207 14.85 36.48 30.69 49.93
-11.46 -22.92 16.36 1.476 -0.1439 -0.01859 -0.1265 0.1925 1176 -6.857 -2.135 -11.09 13.22 722.4 0 0 0 0.02482 0.007203 0.0184 0.03172 23.8 6.907 17.64 30.42
-43.25 -22.18 16.78 0.9118 -0.0693 -0.02752 -0.1662 0.1822 1177 -0.7863 2.96 -8.435 8.974 449.1 0 0 0 0.02996 0.01394 0.0374 0.0499 28.72 13.37 35.86 47.85
-23.87 -27.67 8.333 0.8009 -0.05063 0.009254 -0.1625 0.1705 1178 -11.11 -13.74 -13.25 22.09 326.6 0 0 0 0.03103 0.006678 0.003545 0.03193 29.75 6.404 3.399 30.62
-14.51 -0.06636 1.14 0.768 -0.03566 -0.034 -0.1967 0.2028 1179 3.177 -11.8 17.41 21.27 255.8 0 0 0 0.01568 0.03068 0.01056 0.03604 15.04 29.42 10.12 34.56
23.63 13.86 0.3257 0.4067 -0.03433 0.00363 0.1885 0.1916 1180 25.51 -6.481 9.708 28.05 139 0 0 0 0.01341 0.003941 0.02226 0.02628 12.86 3.779 21.34 25.2
-39.8 24.13 3.584 1.214 -0.04966 -0.01804 -0.2306 0.2366 1181 4.798 8.686 1.436 10.03 421.2 0 0 0 0.01754 0.008433 0.0165 0.02552 16.82 8.087 15.82 24.47
5.348 21.01 15.6 1.289 -0.1851 -0.02208 0.1157 0.2194 1182 4.639 1.281 -11.31 12.29 556.5 0 0 0 0.02966 0.009956 0.00579 0.03181 28.44 9.547 5.552 30.51
38.02 -16.58 7.836 0.4844 -0.01681 0.01473 0.2027 0.2039 1183 -6.761 -5.558 6.697 11.02 196.1 0 0 0 0.01114 0.008376 0.01439 0.02004 10.69 8.032 13.8 19.22
18.69 21.73 17.5 1.191 -0.108 -0.001741 0.1283 0.1678 1184 -5.598 -1.114 17.69 18.59 491.4 0 0 0 0.01313 0.005426 0.02744 0.0309 12.59 5.203 26.31 29.63
-25.14 -21.17 1.64 0.9279 -0.0003055 -0.02956 -0.1959 0.1982 1185 14.03 1.116 -9.796 17.15 322.6 0 0 0 0.0245 0.03297 0.03055 0.05119 23.49 31.62 29.3 49.09
27.47 -4.674 2.164 0.8388 0.01363 -0.0005771 0.1852 0.1857 1186 -14.89 7.264 7.017 17.99 291.4 0 0 0 0.01025 0.008943 0.00856 0.01607 9.826 8.575 8.209 15.41
24.7 -14.46 8.466 1.1 -0.0475 0.008838 0.1782 0.1847 1187 -6.906 -7.837 8.27 13.32 468 0 0 0 0.02059 0.006451 0.03035 0.03723 19.74 6.186 29.1 35.7
-30.8 -26.26 0.4681 0.4082 -0.04406 -0.01498 -0.2036 0.2089 1188 28.63 13.93 8.059 32.84 141.3 0 0 0 0.005456 0.005954 0.005827 0.009959 5.231 5.71 5.588 9.55
-9.934 5.859 8.183 1.027 -0.128 -0.03861 -0.0388 0.1392 1189 3.251 -29.01 -7.523 30.14 417.3 0 0 0 0.01654 0.04611 0.009153 0.04984 15.86 44.22 8.777 47.79
14.39 2.195 19.59 1.341 -0.125 -0.02912 0.1366 0.1874 1190 -3.124 -3.625 -2.721 5.504 617.3 0 0 0 0.01757 0.009974 0.01818 0.02718 16.85 9.564 17.43 26.06
9.089 29.1 18.8 1.541 -0.1556 -0.003024 0.09374 0.1817 1191 -18.75 -8.515 -5.014 21.2 642.9 0 0 0 0.02579 0.007316 0.01452 0.03048 24.73 7.016 13.92 29.23
-23.18 -23.54 4.302 0.9269 -0.006057 -0.06047 -0.1792 0.1892 1192 -9.397 43.13 -19.58 48.29 344.2 0 0 0 0.003835 0.0264 0.01096 0.02884 3.678 25.32 10.51 27.66
7.098 -10.06 7.971 0.7918 -0.119 -0.005523 0.1205 0.1694 1193 -9.928 0.8277 9.888 14.04 340.9 0 0 0 0.02547 0.005132 0.02826 0.03839 24.43 4.922 27.1 36.81
-14.89 2.906 11.2 1.466 -0.164 -0.0112 -0.08593 0.1855 1194 -1.388 1.496 -42.59 42.64 642.2 0 0 0 0.006202 0.007999 0.01139 0.01524 5.947 7.67 10.92 14.61
41 -19.71 2.314 0.3646 -0.02014 0.009702 0.1779 0.1793 1195 17.35 -4.478 36.18 40.37 131.1 0 0 0 0.02137 0.006058 0.0223 0.03148 20.49 5.809 21.39 30.18
-24.79 -20.24 5.594 0.9121 -0.01967 -0.01527 -0.1819 0.1836 1196 -4.861 -15.94 -11.45 20.22 346.8 0 0 0 0.01784 0.03673 0.01565 0.04373 17.1 35.22 15.01 41.93
47.89 4.564 16.33 0.5636 -0.01134 -0.01055 0.2131 0.2136 1197 -37.4 8.821 -37.26 53.53 254.6 0 0 0 0.07606 0.0185 0.05749 0.09712 72.94 17.74 55.13 93.13
-22.68 -4.161 16.82 1.681 -0.1104 -0.0657 -0.1618 0.2066 1198 -12.57 8.353 13.33 20.13 797.3 0 0 0 0.01348 0.0192 0.007591 0.02466 12.93 18.41 7.279 23.65
-12.2 -28.95 1.483 0.9346 0.01345 -0.01625 -0.2689 0.2698 1199 -9.556 -13.31 19.7 25.62 347.8 0 0 0 0.05884 0.04734 0.01069 0.07627 56.43 45.39 10.25 73.14
-16.73 -7.834 14.87 1.073 -0.1274 -0.038 -0.1257 0.183 1200 -16.97 -20.41 -10.73 28.63 513.3 0 0 0 0.02716 0.03209 0.01267 0.04391 26.05 30.78 12.15 42.11
8.99 -30.9 15.93 1.713 -0.198 -0.03309 0.08633 0.2185 1201 -12.2 9.512 -8.183 17.5 799.1 0 0 0 0.01846 0.001482 0.02134 0.02825 17.7 1.421 20.46 27.09
-10.88 -29.84 4.018 0.9347 -0.03388 -0.0501 -0.277 0.2835 1202 -10.88 16.46 34.93 40.12 361.4 0 0 0 0.01857 0.01343 0.02812 0.03627 17.8 12.87 26.97 34.78
-8.745 8.474 4.383 0.8167 -0.1342 -0.085 -0.02108 0.1602 1203 -14.5 -7.805 6.801 17.82 291.4 0 0 0 0.0111 0.02977 0.01313 0.03438 10.65 28.55 12.59 32.97
-40.8 -25.53 15.9 1.528 -0.06263 -0.03076 -0.2009 0.2126 1204 -4.785 11.26 12.68 17.62 726.4 0 0 0 0.01403 0.008359 0.009736 0.01901 13.45 8.016 9.336 18.23
19.6 29.04 14.46 1.041 -0.1377 1.692e-05 0.1453 0.2002 1205 27.15 11.05 -2.289 29.4 426.9 0 0 0 0.03577 0.003521 0.0264 0.04459 34.3 3.377 25.31 42.76
10.95 -12.42 11.68 1.459 -0.1644 0.01027 0.1701 0.2368 1206 -3.701 -11.19 -5.459 12.99 679.7 0 0 0 0.0068 0.006295 0.001762 0.009433 6.521 6.037 1.69 9.045
-1.366 -26.94 12.15 1.455 -0.2377 -0.02999 -0.1145 0.2656 1207 15.21 13.72 29.52 35.93 665.5 0 0 0 0.001895 0.004351 0.0126 0.01347 1.817 4.172 12.08 12.91
-27.46 -6.042 0.6597 0.635 0.01743 -0.0561 -0.1952 0.2038 1208 -6.549 11 -9.123 15.72 207.9 0 0 0 0.03111 0.02043 0.01193 0.03908 29.83 19.59 11.44 37.48
-22.83 -25.14 9.788 1.022 -0.05563 0.007736 -0.1794 0.1879 1209 -6.991 -33.5 3.687 34.42 436.2 0 0 0 0.02497 0.01845 0.03748 0.04867 23.95 17.69 35.94 46.67
-32.03 18.95 4.557 1.154 -0.04507 -0.0491 -0.2113 0.2216 1210 -1.256 5.409 5.09 7.533 405.5 0 0 0 0.009986 0.01188 0.008454 0.01767 9.575 11.39 8.106 16.94
15.04 13.09 13.93 1.755 -0.1002 -0.04403 0.1681 0.2006 1211 -8.187 17.29 -4.207 19.59 769.9 0 0 0 0.0252 0.01543 0.01107 0.03156 24.17 14.8 10.62 30.26
-18.6 -24.07 11.21 1.007 -0.09945 -0.00916 -0.1997 0.2232 1212 18.71 -16.23 23.48 34.13 449.5 0 0 0 0.0221 0.002061 0.03367 0.04033 21.19 1.977 32.29 38.67
12.04 -0.1153 7.94 0.6999 -0.08113 0.01497 0.1806 0.1986 1213 -8.884 -1.798 13 15.85 296.3 0 0 0 0.02753 0.002492 0.0343 0.04405 26.4 2.39 32.89 42.24
25.48 22.05 11.13 1.355 -0.06334 0.01416 0.169 0.1811 1214 -4.448 -6.339 1.607 7.909 554 0 0 0 0.01802 0.009892 0.03108 0.03726 17.28 9.486 29.8 35.73
-34.36 -21.76 9.521 1.282 -0.08989 -0.01471 -0.177 0.1991 1215 12.16 7.608 -31.32 34.45 535.2 0 0 0 0.01486 0.007965 0.01205 0.02072 14.25 7.638 11.56 19.87
-6.186 -3.591 13.9 0.7558 -0.2057 -0.01694 -0.02716 0.2081 1216 -1.961 3.02 -10.24 10.86 364.6 0 0 0 0.02119 0.006849 0.007175 0.0234 20.32 6.568 6.881 22.44
30.21 1.389 4.714 0.7001 -0.0283 0.04712 0.2102 0.2172 1217 7.254 -14.51 -12.93 20.74 264.3 0 0 0 0.01259 0.00983 0.008613 0.01815 12.07 9.426 8.259 17.4
2.012 -13.14 6.92 1.27 -0.131 -0.05293 0.03534 0.1457 1218 -17.62 0.5263 24.52 30.2 527.3 0 0 0 0.009691 0.03277 0.0181 0.03867 9.293 31.42 17.36 37.08
22.81 7.48 16.18 1.636 -0.09675 0.02975 0.1822 0.2084 1219 -4.813 -12.03 -0.6674 12.98 736.3 0 0 0 0.02093 0.01163 0.02119 0.03197 20.07 11.16 20.32 30.66
-37.48 9.128 5.543 0.8724 -0.03209 -0.003157 -0.1991 0.2017 1220 -5.466 -0.1125 -13.45 14.52 304.3 0 0 0 0.02567 0.01396 0.01611 0.03337 24.61 13.39 15.45 32
18.54 -5.641 15.8 1.23 -0.1179 -0.004581 0.1549 0.1947 1221 7.126 -13.33 4.213 15.69 583.5 0 0 0 0.03339 0.0007376 0.02278 0.04043 32.02 0.7073 21.85 38.77
21.05 20 18.02 1.29 -0.1189 0.01454 0.1433 0.1868 1222 6.422 -9.37 7.954 13.87 534.9 0 0 0 0.02632 0.003751 0.0173 0.03172 25.24 3.597 16.59 30.42
32 10.92 16.24 1.581 -0.0751 0.01756 0.1849 0.2003 1223 -2.169 15.71 2.715 16.09 693.7 0 0 0 0.03911 0.01261 0.01346 0.04324 37.5 12.09 12.91 41.46
-34.62 -19.79 7.309 0.6597 -0.05403 0.006556 -0.1979 0.2053 1224 -6.441 -4.185 -5.945 9.714 258.5 0 0 0 0.02329 0.01241 0.01156 0.02881 22.33 11.91 11.09 27.63
-10.94 -24.73 8.539 1.235 -0.1257 -0.02889 -0.2213 0.2562 1225 10.97 -10.61 1.92 15.39 526.5 0 0 0 0.005917 0.0185 0.01523 0.02469 5.674 17.74 14.61 23.67
14.36 27.12 5.912 0.8132 -0.1185 -0.002683 0.1602 0.1993 1226 22.21 10.44 21.52 32.64 301.4 0 0 0 0.02276 0.008483 0.03105 0.03942 21.83 8.135 29.77 37.8
-17.47 24.86 11.74 1.622 -0.2006 -0.01063 -0.1117 0.2298 1227 7.517 -0.8812 -24.9 26.02 695.5 0 0 0 0.02156 0.008995 0.01554 0.02806 20.68 8.625 14.91 26.91
16.67 -0.625 1.403 0.5395 -0.009794 0.008427 0.2343 0.2346 1228 -1.218 -2.678 -16.42 16.69 188.2 0 0 0 0.01686 0.006254 0.008421 0.01986 16.17 5.997 8.075 19.04
8.264 -11.6 18.82 1.656 -0.1739 -0.03183 0.08569 0.1965 1229 -2.704 8.612 2.206 9.292 806.2 0 0 0 0.01555 0.006811 0.0138 0.02188 14.91 6.531 13.24 20.98
17.37 18.8 11.13 1.192 -0.08092 -0.00561 0.1833 0.2004 1230 -9.805 -18.02 -7.19 21.74 498.9 0 0 0 0.04138 0.01867 0.02985 0.05433 39.68 17.9 28.62 52.1
-2.911 -7.215 3.138 0.9883 -0.1126 -0.09424 0.007098 0.147 1231 -13.82 -10.73 -23.36 29.18 363.3 0 0 0 0.007384 0.001027 0.01195 0.01409 7.08 0.9848 11.46 13.51
-44.4 28.33 7.921 1.228 -0.08168 0.01593 -0.1839 0.2019 1232 10.92 2.436 -13.65 17.65 458.8 0 0 0 0.02923 0.003885 0.01821 0.03466 28.03 3.725 17.46 33.23
-39.07 -16.4 5.824 0.4218 -0.01961 0.016 -0.1991 0.2007 1233 -18.07 -15.17 -20.87 31.5 155.9 0 0 0 0.03454 0.01369 0.02784 0.04643 33.12 13.13 26.7 44.52
-23.38 25.74 5.36 0.9924 -0.1267 -0.02877 -0.2181 0.2538 1234 6.616 1.37 10.23 12.26 368.3 0 0 0 0.008708 0.01293 0.002782 0.01583 8.35 12.39 2.667 15.18
-30.97 11 5.078 1.235 -0.03391 -0.03245 -0.1967 0.2022 1235 3.354 -17.41 -3.13 18 426.2 0 0 0 0.009093 0.01656 0.008994 0.02092 8.72 15.88 8.624 20.06
14.25 21.5 0.6639 0.6149 -0.02523 0.02166 0.2018 0.2045 1236 0.3905 0.9343 -5.087 5.187 205.2 0 0 0 0.02433 0.004465 0.01113 0.02713 23.33 4.282 10.67 26.01
-6.448 -12.76 1.417 0.459 -0.01589 -0.1068 -0.1563 0.19 1237 -26.35 22.62 -2.866 34.85 165.9 0 0 0 0.02401 0.01166 0.007088 0.02761 23.02 11.18 6.797 26.48
6.147 -6.621 10.18 1.242 -0.1458 -0.01401 0.1344 0.1988 1238 -25.16 13.37 6.362 29.19 571.8 0 0 0 0.007535 0.002697 0.007323 0.01085 7.225 2.586 7.022 10.4
-10.6 18.82 7.246 1.028 -0.1294 -0.08809 -0.01784 0.1576 1239 -22.78 35.55 -33.53 53.92 401.8 0 0 0 0.01578 0.03081 0.01397 0.03733 15.13 29.54 13.39 35.79
15 9.281 5.091 0.8856 -0.0489 0.004078 0.1956 0.2016 1240 7.835 -11.18 14.71 20.07 334.5 0 0 0 0.02121 0.02102 0.02094 0.03647 20.34 20.16 20.08 34.98
9.009 29.67 13.25 1.253 -0.1305 -0.05494 0.1293 0.1918 1241 -20.37 27.02 18.61 38.62 531.1 0 0 0 0.007001 0.01324 0.003825 0.01546 6.714 12.7 3.668 14.82
16.82 -29.59 1.372 0.4132 -0.02058 0.0282 0.2674 0.2697 1242 16.32 -6.269 -15.63 23.45 156.9 0 0 0 0.01786 0.00859 0.03249 0.03806 17.13 8.237 31.16 36.5
-18.46 -0.7186 4.106 0.6394 -0.1214 0.001143 -0.1857 0.2218 1243 40.7 -3.23 -17.83 44.55 225.3 0 0 0 0.02855 0.0007834 0.01923 0.03443 27.38 0.7512 18.44 33.02
23.36 -23.25 10.38 0.8112 -0.08224 0.01518 0.1785 0.1971 1244 15.01 8.446 -2.693 17.43 356.7 0 0 0 0.02401 0.01391 0.04995 0.05714 23.02 13.34 47.9 54.8
4.636 6.042 1.877 0.5868 -0.04719 -0.0362 0.1753 0.1852 1245 14.46 18.5 -9.352 25.27 200.5 0 0 0 0.003542 0.01485 0.00657 0.01662 3.397 14.24 6.3 15.94
-44.61 18.41 4.795 0.906 -0.04155 -0.02973 -0.2178 0.2237 1246 10.14 25.9 -6.44 28.55 320.9 0 0 0 0.002073 0.01372 0.001737 0.01398 1.988 13.15 1.665 13.41
23.51 18.66 4.261 1.225 -0.04227 -0.01809 0.1982 0.2035 1247 -2.818 9.499 -3.877 10.64 440.4 0 0 0 0.01722 0.00336 0.02196 0.0281 16.51 3.222 21.05 26.95
-25.36 -22.72 8.258 1.414 -0.04965 -0.01579 -0.1665 0.1745 1248 11.53 -8.319 -22.65 26.74 579.6 0 0 0 0.009648 0.03015 0.01067 0.03341 9.252 28.91 10.23 32.04
-4.311 -12.23 0.9265 0.7398 -0.04767 -0.1229 -0.1207 0.1787 1249 4.953 36.92 -7.165 37.94 266.3 0 0 0 0.02019 0.01556 0.01322 0.02872 19.36 14.92 12.68 27.54
-1.832 23.91 10.85 1.232 -0.1952 0.04461 0.05749 0.2083 1250 8.47 10.52 2.186 13.68 528.6 0 0 0 0.03376 0.003171 0.01822 0.03849 32.37 3.04 17.47 36.91
-5.533 7.58 19.58 1.257 -0.1982 -0.02559 0.01695 0.2006 1251 0.06791 -1.371 -13.23 13.31 560.5 0 0 0 0.002847 0.0132 0.002455 0.01372 2.73 12.66 2.354 13.16
19.83 -23.11 12 0.8791 -0.09026 0.02546 0.164 0.1889 1252 -16.85 -8.546 5.893 19.79 399.2 0 0 0 0.01008 0.02459 0.0123 0.02928 9.665 23.58 11.79 28.08
8.316 27.44 11.37 1.256 -0.1234 -0.001081 0.1208 0.1727 1253 -32.05 8.196 22.08 39.78 527.5 0 0 0 0.01099 0.008088 0.008669 0.01617 10.54 7.756 8.313 15.5
-30.81 -0.04708 4.354 1.351 -0.0191 -0.03402 -0.1782 0.1824 1254 -6.319 -18.23 -4.069 19.72 463.2 0 0 0 0.0104 0.02154 0.007695 0.02512 9.976 20.65 7.379 24.09
-15.56 -9.305 0.9332 0.5235 -0.04335 0.0116 -0.2056 0.2104 1255 12.3 -6.424 -16.83 21.81 179.6 0 0 0 0.003626 0.004411 0.01396 0.01509 3.477 4.23 13.39 14.47
12.37 -17.28 4.322 0.7951 -0.08034 0.04314 0.213 0.2317 1256 -7.504 -12.53 7.486 16.41 308.3 0 0 0 0.004721 0.004447 0.01435 0.01575 4.527 4.264 13.76 15.1
37.96 6.21 9.636 0.9777 -0.04202 0.01753 0.2023 0.2073 1257 -6.15 21.04 -11.51 24.76 423.3 0 0 0 0.009452 0.02985 0.004433 0.03162 9.064 28.62 4.25 30.32
32.2 -23.71 15.5 1.059 -0.08593 -0.01226 0.2405 0.2557 1258 2.933 9.431 -18.59 21.05 486.3 0 0 0 0.01016 0.006647 0.007673 0.01436 9.745 6.374 7.358 13.77
-49.79 15.92 17.54 1.448 -0.07684 -0.008048 -0.1505 0.1691 1259 20.02 -4.861 -28.41 35.09 651.5 0 0 0 0.02098 0.003754 0.01632 0.02684 20.12 3.6 15.65 25.74
-41.02 20.61 14.48 1.206 -0.06608 -0.005506 -0.2026 0.2131 1260 -15.61 0.4876 6.31 16.85 528.3 0 0 0 0.02589 0.009397 0.01828 0.03305 24.82 9.011 17.53 31.7
-13.64 -27.38 10.99 1.079 -0.1446 -0.004085 -0.1893 0.2383 1261 39.05 -29.03 1.6 48.68 476.2 0 0 0 0.04581 0.03769 0.04142 0.07235 43.93 36.14 39.72 69.38
-11.06 28.11 3.406 0.851 -0.106 -0.09025 -0.05091 0.1482 1262 -16.39 10.31 -15.13 24.57 316.8 0 0 0 0.01949 0.01764 0.03129 0.04087 18.69 16.91 30 39.19
-21.45 15.07 4.425 1.103 -0.07462 -0.00341 -0.2202 0.2325 1263 -2.217 0.8531 6.817 7.219 381.1 0 0 0 0.0226 0.004063 0.01541 0.02765 21.67 3.896 14.78 26.52
16.56 0.08433 12.79 1.122 -0.08394 -0.04086 0.1785 0.2014 1264 -8.663 14.22 -7.302 18.18 518.5 0 0 0 0.03178 0.01474 0.01412 0.03777 30.47 14.14 13.54 36.22
-5.247 18.33 5.394 1.146 -0.09794 -0.05577 0.07502 0.1354 1265 -11.86 12.27 -14.36 22.31 426.4 0 0 0 0.02717 0.03919 0.03201 0.05744 26.05 37.58 30.7 55.08
35.37 26.6 17.05 1.288 -0.1013 0.04407 0.1605 0.1948 1266 -3.149 -10.1 -9.448 14.18 501.5 0 0 0 0.01529 0.0338 0.002662 0.03719 14.66 32.41 2.553 35.66
-23.88 5.486 13.8 1.155 -0.1045 -0.04721 -0.1497 0.1885 1267 -7.434 -6.812 -0.6128 10.1 513.7 0 0 0 0.03224 0.04518 0.02197 0.05969 30.91 43.32 21.06 57.24
39.32 6.97 18.41 1.251 -0.1059 0.04305 0.164 0.1999 1268 20.58 3.972 -2.47 21.11 554.5 0 0 0 0.03711 0.02203 0.002772 0.04325 35.59 21.12 2.658 41.47
-16.68 26.02 16.68 1.465 -0.2162 -0.03883 -0.1107 0.246 1269 9.785 0.2971 -3.221 10.31 632 0 0 0 0.02216 0.00269 0.01695 0.02803 21.25 2.579 16.25 26.87
41.95 -13.67 3.903 0.7073 -0.0136 0.03169 0.1853 0.1885 1270 -5.446 -11.38 14.07 18.9 260.4 0 0 0 0.02133 0.009505 0.02171 0.03188 20.45 9.115 20.82 30.57
-40.32 -20.11 0.8597 0.6559 0.009661 -0.002292 -0.2328 0.233 1271 -12.04 -5.671 14.04 19.35 217.3 0 0 0 0.02321 0.002704 0.01582 0.02822 22.26 2.593 15.17 27.06
-17.35 -23.31 5.4 1.015 -0.01144 0.01871 -0.2385 0.2395 1272 -14.23 -37.3 13.92 42.28 393.2 0 0 0 0.01764 0.0008295 0.004085 0.01813 16.92 0.7954 3.917 17.38
-16.28 11.94 9.37 1.688 -0.1744 -0.003488 -0.1646 0.2399 1273 24.35 7.601 18.58 31.56 676.7 0 0 0 0.01187 0.00262 0.005828 0.01348 11.38 2.512 5.589 12.92
37.69 -19.43 11.37 0.8347 -0.04782 0.00385 0.2144 0.2197 1274 6.553 5.248 -6.082 10.37 362.8 0 0 0 0.006386 0.01094 0.01083 0.01667 6.124 10.49 10.39 15.98
22.1 -28.85 0.09519 0.3182 0.01205 0.04816 0.2262 0.2315 1275 2.474 -4.618 -12.98 14 119.4 0 0 0 0.006394 0.01759 0.04137 0.0454 6.131 16.87 39.67 43.54
8.656 26.26 6.836 0.7335 -0.1184 0.06572 0.1629 0.2118 1276 1.271 -27.32 -5.979 27.99 281 0 0 0 0.01299 0.02769 0.009453 0.03201 12.46 26.55 9.065 30.7
-37.13 6.364 5.756 0.9982 -0.02603 -0.009676 -0.2007 0.2027 1277 -12.05 7.298 -10.18 17.38 348.3 0 0 0 0.0297 0.006075 0.02155 0.03719 28.48 5.826 20.67 35.67
8.877 -15.83 15.51 1.518 -0.1822 -0.01935 0.11 0.2137 1278 -15.41 3.236 5.423 16.65 735 0 0 0 0.01002 0.007684 0.007851 0.01487 9.605 7.368 7.529 14.26
-14.37 14.72 10.45 1.269 -0.155 0.02575 -0.1347 0.207 1279 -18.16 -9.274 17.2 26.68 526.4 0 0 0 0.007834 0.008796 0.02344 0.02623 7.512 8.434 22.47 25.15
-9.89 16.55 18.99 1.559 -0.1968 -0.04498 -0.03088 0.2042 1280 -7.827 -3.199 -2.748 8.891 683.8 0 0 0 0.01067 0.01144 0.01434 0.02122 10.23 10.97 13.75 20.35
5.14 16.26 2.011 0.7552 -0.05025 0.01141 0.1922 0.199 1281 6.078 -1.178 -25.2 25.95 252.5 0 0 0 0.006372 0.008247 0.01115 0.01526 6.11 7.908 10.69 14.63
6.059 -3.25 11.15 1.652 -0.1643 0.01986 0.1637 0.2327 1282 13.58 -14.67 -18.48 27.22 767.2 0 0 0 0.01166 0.00171 0.001444 0.01187 11.18 1.64 1.385 11.38
-48.29 5.471 7.245 1.364 -0.01696 -0.0223 -0.2053 0.2072 1283 -13.61 2.359 -2.155 13.98 498.3 0 0 0 0.02058 0.01322 0.01862 0.03074 19.74 12.67 17.85 29.48
-13.65 3.893 8.791 1.263 -0.1618 -0.01943 -0.1216 0.2033 1284 13.81 13.08 -9.466 21.24 522.1 0 0 0 0.02626 0.00757 0.02194 0.03505 25.19 7.259 21.04 33.61
43.32 -24.49 7.604 1.21 -0.02442 -0.00253 0.2203 0.2217 1285 -1.621 16.9 -11.41 20.45 471.4 0 0 0 0.01625 0.01028 0.007341 0.02058 15.58 9.857 7.039 19.73
34.33 -16.21 9.968 0.8438 -0.0498 0.05704 0.2117 0.2248 1286 2.131 -32.17 6.991 32.99 364.2 0 0 0 0.0135 0.01438 0.009841 0.02204 12.94 13.79 9.437 21.14
-16.09 -11.55 6.336 0.5095 -0.1237 -0.02181 -0.1643 0.2068 1287 14.28 11.2 -40.42 44.31 199.2 0 0 0 0.01741 0.005208 0.01611 0.02429 16.7 4.994 15.45 23.29
30.87 -27.29 10.84 1.188 -0.05046 0.01137 0.2153 0.2215 1288 -5.509 4.544 9.983 12.27 506.6 0 0 0 0.02123 0.009293 0.02014 0.0307 20.36 8.911 19.31 29.44
22.69 -16.98 16.94 1.073 -0.1012 0.03374 0.1536 0.187 1289 2.827 -14.12 3.981 14.94 511.3 0 0 0 0.002306 0.01652 0.01502 0.02245 2.211 15.84 14.4 21.53
-3.743 -28.14 10.31 1.172 -0.2031 -0.03275 -0.1332 0.245 1290 17.22 6.095 -13.24 22.56 515.2 0 0 0 0.005498 0.02533 0.009874 0.02774 5.272 24.29 9.468 26.6
23.65 14.41 3.674 1.381 -0.01749 0.02795 0.2389 0.2411 1291 -0.4584 -13.72 -33.37 36.08 495.4 0 0 0 0.01063 0.01171 0.0186 0.02442 10.2 11.23 17.84 23.41
21.24 20.64 10.98 1.679 -0.06646 0.0114 0.1769 0.1893 1292 -7.105 -25.13 4.535 26.51 692.6 0 0 0 0.006117 0.008066 0.006369 0.01196 5.866 7.735 6.108 11.47
41.93 -19.61 5.998 0.6815 -0.03149 -0.004795 0.2141 0.2165 1293 10.11 20 -0.1998 22.41 258.7 0 0 0 0.01802 0.009138 0.02527 0.03235 17.28 8.763 24.23 31.02
-45.89 10.56 5.863 0.9551 -0.04265 -0.01832 -0.2154 0.2204 1294 10.6 -2.164 -0.01512 10.82 337.5 0 0 0 0.02209 0.01039 0.01543 0.02888 21.18 9.966 14.8 27.69
23.63 26.82 12.2 1.619 -0.08154 0.004685 0.1687 0.1874 1295 -3.149 4.603 -7.04 8.981 656.3 0 0 0 0.001604 0.007156 0.006976 0.01012 1.538 6.863 6.69 9.706
25.47 -6.384 8.496 1.283 -0.05739 0.001447 0.1674 0.177 1296 17.16 0.8425 10.34 20.06 542.1 0 0 0 0.02422 0.0008393 0.01695 0.02957 23.22 0.8048 16.25 28.35
-13.93 15.57 12.07 1.314 -0.2034 0.003236 -0.1215 0.237 1297 16.32 19.01 16.32 29.9 561.6 0 0 0 0.009825 0.01197 0.03753 0.0406 9.422 11.48 35.99 38.93
43.27 -25.6 9.435 0.6601 -0.03591 -0.008305 0.1945 0.198 1298 -1.689 1.432 9.269 9.53 268.3 0 0 0 0.009835 0.009976 0.017 0.02203 9.431 9.566 16.31 21.13
-25.08 27.69 18.11 1.689 -0.179 -0.006403 -0.1518 0.2348 1299 1.851 -16.1 5.733 17.19 716.4 0 0 0 0.005167 0.01069 0.002617 0.01216 4.955 10.26 2.509 11.66
41.03 -28.42 6.143 0.5786 0.01772 -0.01073 0.2394 0.2403 1300 -37.31 15.61 -11.84 42.14 216.1 0 0 0 0.01587 0.001567 0.02196 0.02714 15.22 1.503 21.06 26.03
38.97 9.296 6.622 0.5913 -0.01997 0.04763 0.1989 0.2055 1301 -2.861 -4.287 -3.185 6.059 237.3 0 0 0 0.007593 0.02632 0.0107 0.02941 7.281 25.24 10.26 28.2
-22.36 -4.821 8.314 0.6823 -0.09655 -0.04772 -0.1781 0.2081 1302 14.22 -5.927 2.131 15.55 280.2 0 0 0 0.04033 0.039 0.01279 0.05754 38.67 37.4 12.27 55.18
41.55 -8.172 13.53 1.346 -0.05893 0.009099 0.2178 0.2259 1303 7.882 7.313 -18.39 21.3 611.8 0 0 0 0.02727 0.003097 0.01775 0.03269 26.15 2.97 17.02 31.34
-25.92 -3.642 3.608 1.195 -0.03175 -0.05053 -0.1954 0.2043 1304 0.02016 6.594 -2.325 6.991 410.4 0 0 0 0.01904 0.006326 0.01498 0.02504 18.26 6.067 14.37 24.01
-16.07 -7.827 12.65 0.9676 -0.1683 -0.04869 -0.1798 0.251 1305 16.12 7.054 23.63 29.46 451.3 0 0 0 0.004432 0.03696 0.009842 0.03851 4.25 35.44 9.438 36.92
-26.06 27.33 13.29 1.779 -0.1583 -0.06475 -0.1648 0.2375 1306 2.941 12.01 2.101 12.55 756.9 0 0 0 0.004918 0.01403 0.01025 0.01805 4.716 13.45 9.825 17.31
-14.73 -8.333 16.25 1.967 -0.1426 -0.05765 -0.1338 0.2039 1307 -12.4 -7.08 4.64 15.01 948 0 0 0 0.02515 0.005106 0.02729 0.03746 24.12 4.896 26.17 35.92
12.27 16.65 3.002 0.5629 -0.02127 0.01211 0.2064 0.2079 1308 -21.58 20.81 -12.88 32.63 194.9 0 0 0 0.01868 0.0148 0.01858 0.03021 17.91 14.19 17.81 28.97
9.573 -22.86 7.649 1.283 -0.1451 0.04553 0.1518 0.2149 1309 -7.302 -5.664 1.721 9.4 545.2 0 0 0 0.01279 0.03189 0.008373 0.03537 12.26 30.58 8.029 33.91
-14.73 25.74 13.78 1.501 -0.2014 -0.001166 -0.09666 0.2234 1310 -5.006 -18.93 0.2578 19.58 656.7 0 0 0 0.01667 0.01262 0.0178 0.02746 15.99 12.11 17.07 26.33
-15.52 27.59 14.57 1.363 -0.2259 -0.009713 -0.1054 0.2495 1311 2.833 -24.28 -3.059 24.64 590.2 0 0 0 0.004902 0.02284 0.008483 0.02486 4.701 21.91 8.134 23.84
-10.24 -30.64 2.971 0.3611 -0.04862 -0.01147 -0.2596 0.2643 1312 28.94 -17.64 8.598 34.96 138.3 0 0 0 0.01255 0.03864 0.04349 0.05951 12.03 37.05 41.7 57.07
3.656 -30.62 6.685 1.281 -0.1434 -0.04492 -0.0439 0.1566 1313 37.38 -15.31 28.3 49.32 522.9 0 0 0 0.02074 0.04757 0.006738 0.05233 19.88 45.62 6.461 50.18
36.46 21.87 18.89 1.54 -0.06902 0.06779 0.1326 0.1642 1314 -4.491 -20.57 9.16 22.96 622.9 0 0 0 0.04101 0.007536 0.01533 0.04443 39.33 7.226 14.7 42.6
17.81 -26.13 13.09 0.8537 -0.1773 0.003636 0.1631 0.2409 1315 36.32 14.05 0.3995 38.94 390.9 0 0 0 0.01784 0.01265 0.0007485 0.02189 17.11 12.13 0.7178 20.99
30.24 26.77 14.57 1.518 -0.08307 0.06114 0.1871 0.2137 1316 -7.232 -20.9 -11.77 25.05 617 0 0 0 0.02834 0.004248 0.0195 0.03466 27.18 4.073 18.69 33.24
-37.86 -1.445 3.747 1.027 0.003157 -0.008515 -0.2229 0.2231 1317 -20.72 -4.179 -2.877 21.33 343.1 0 0 0 0.01702 0.02506 0.039 0.04938 16.32 24.03 37.39 47.35
-0.3644 -0.02561 18.83 1.198 -0.1804 -0.0217 0.03062 0.1843 1318 -10.11 0.5921 5.873 11.7 556.1 0 0 0 0.01029 0.002986 0.01025 0.01482 9.866 2.863 9.824 14.21
47.22 -28.86 9.065 1.124 -0.06356 -0.001437 0.1778 0.1888 1319 14.24 1.452 -6.87 15.87 446.7 0 0 0 0.0208 0.005264 0.03556 0.04154 19.95 5.048 34.1 39.83
12.5 14.87 0.6865 0.3796 0.004022 0.04043 0.1705 0.1753 1320 -23.84 11.93 25.17 36.66 127.7 0 0 0 0.01402 0.03228 0.01583 0.03859 13.45 30.95 15.18 37
-14.38 24.15 15.78 1.559 -0.2226 -0.03546 -0.1135 0.2524 1321 12.67 -8.854 15.8 22.1 683.1 0 0 0 0.006148 0.02832 0.01145 0.03116 5.896 27.16 10.98 29.88
-16.29 -8.026 8.07 1.304 -0.1341 -0.002336 -0.2064 0.2462 1322 17.63 -3.905 18.99 26.2 541.3 0 0 0 0.02361 0.01196 0.02959 0.0397 22.64 11.47 28.37 38.07
-21.87 18.99 9.325 1.472 -0.1297 -0.02409 -0.1961 0.2363 1323 -9.359 -11.38 4.167 15.31 600.5 0 0 0 0.01926 0.009246 0.02011 0.02934 18.46 8.866 19.28 28.13
-37.78 -9.896 2.119 0.8131 -0.03518 0.02036 -0.2154 0.2192 1324 11.33 -16.09 -16.17 25.47 265 0 0 0 0.01224 0.001262 0.01429 0.01886 11.74 1.21 13.71 18.09
-4.152 -23.08 9.412 0.6141 -0.1726 -0.0134 -0.06491 0.1849 1325 3.678 2.922 -63.47 63.65 273.1 0 0 0 0.01011 0.007585 0.03658 0.03871 9.693 7.273 35.08 37.12
43.15 5.069 10.68 0.5507 -0.03756 0.05092 0.2233 0.2321 1326 -4.367 3.205 -26.51 27.05 241.4 0 0 0 0.03991 0.01965 0.02541 0.05123 38.27 18.84 24.37 49.13
-10.03 9.136 12.21 0.926 -0.1582 -0.003492 -0.08501 0.1796 1327 -32.36 13.24 30.04 46.1 403 0 0 0 0.01468 0.01066 0.01117 0.0213 14.08 10.22 10.71 20.43
14.47 10.4 9.671 1.54 -0.07792 -0.0161 0.1878 0.2039 1328 -2.177 6.715 -4.263 8.246 659.5 0 0 0 0.01631 0.003466 0.02168 0.02735 15.64 3.324 20.79 26.23
2.082 12.82 18.69 1.319 -0.1763 -0.03538 0.08981 0.201 1329 -0.3162 12.61 -6.889 14.37 574.9 0 0 0 0.008337 0.009455 0.0147 0.01936 7.995 9.066 14.09 18.57
20.42 -5.238 6.641 1.425 -0.03888 -0.01684 0.1928 0.1974 1330 -8.659 -7.01 -1.761 11.28 570.7 0 0 0 0.01378 0.01903 0.01103 0.02596 13.22 18.25 10.58 24.89
48.91 -26.81 13.24 0.2573 -0.0075 -0.01564 0.1739 0.1748 1331 -27.89 3.449 1.603 28.15 111.2 0 0 0 0.02319 0.002635 0.01139 0.02597 22.23 2.526 10.92 24.9
-9.432 27.76 3.414 0.7098 -0.1267 -0.09339 -0.03921 0.1622 1332 -10.57 15.26 -8.138 20.27 265.6 0 0 0 0.00778 0.029 0.0113 0.03208 7.461 27.81 10.83 30.76
1.303 -18.97 4.594 1.557 -0.1405 -0.08935 0.01659 0.1673 1333 2.105 -4.459 4.738 6.838 616.3 0 0 0 0.01507 0.01059 0.01763 0.02549 14.45 10.15 16.91 24.45
26.36 -10.9 16.6 0.9936 -0.06048 0.007273 0.1841 0.1939 1334 -39 4.094 0.2769 39.21 469.9 0 0 0 0.02519 0.004627 0.03717 0.04514 24.16 4.437 35.65 43.29
3.777 23.06 6.307 1.051 -0.1188 0.03192 0.124 0.1746 1335 -9.565 -4.49 2.133 10.78 400 0 0 0 0.01514 0.005768 0.02536 0.03009 14.52 5.531 24.32 28.86
-40.89 10.08 16.48 1.566 -0.07893 -0.03539 -0.1887 0.2076 1336 -13.39 19.91 3.484 24.24 704.4 0 0 0 0.01268 0.004625 0.01125 0.01757 12.16 4.435 10.79 16.85
3.169 -26.27 10.63 1.449 -0.2396 0.03425 0.0224 0.2431 1337 21.42 -20.69 -24.89 38.81 646.6 0 0 0 0.02914 0.01764 0.01822 0.03863 27.94 16.91 17.47 37.04
25.95 -9.07 2.559 0.6309 0.008128 0.01694 0.1566 0.1578 1338 -19.99 4.599 27.42 34.24 224.2 0 0 0 0.00208 0.01709 0.008909 0.01939 1.995 16.39 8.543 18.59
28.18 -11 12.19 1.473 -0.06055 0.0157 0.2148 0.2237 1339 -9.495 2.931 -7.757 12.61 673.6 0 0 0 0.03239 0.01149 0.01079 0.03602 31.06 11.02 10.34 34.54
-19.87 26.59 19.09 2.054 -0.2126 -0.05017 -0.1222 0.2503 1340 20.52 6.754 14.93 26.27 875.1 0 0 0 0.009585 0.009311 0.009028 0.01613 9.191 8.928 8.657 15.46
-32.81 3.666 3.555 1.332 0.01904 -0.03181 -0.1941 0.1976 1341 -34.46 -1.851 -7.07 35.23 438.2 0 0 0 0.009776 0.01019 0.003745 0.01461 9.374 9.772 3.591 14.01
-19.5 1.01 18.19 1.533 -0.1389 -0.0762 -0.1269 0.203 1342 -1.436 12.25 1.385 12.41 707.5 0 0 0 0.003194 0.008853 0.008706 0.01282 3.063 8.489 8.349 12.29
-29.68 -4.386 17.53 1.59 -0.1084 -0.01621 -0.1623 0.1958 1343 -4.389 -8.478 0.8499 9.585 757.5 0 0 0 0.0115 0.01008 0.00907 0.01778 11.03 9.669 8.697 17.05
26.73 -28.24 17.26 0.9136 -0.112 -0.006453 0.2047 0.2334 1344 7.063 22.64 -15.49 28.33 417.6 0 0 0 0.008111 0.005145 0.005513 0.01107 7.778 4.933 5.287 10.62
-20.66 8.727 6 0.9843 -0.09749 0.004976 -0.1756 0.2009 1345 4.812 -2.646 -23.78 24.4 354.3 0 0 0 0.01369 0.005624 0.02443 0.02856 13.12 5.393 23.43 27.39
-40.12 -16.78 5.588 0.9063 -0.05207 -0.01619 -0.2185 0.2252 1346 9.383 16.61 5.036 19.73 332.2 0 0 0 0.0134 0.005473 0.02102 0.02552 12.85 5.248 20.15 24.47
7.253 5.698 15.57 0.8362 -0.1529 -0.02354 0.1089 0.1892 1347 2.112 6.482 18.99 20.18 378.8 0 0 0 0.01939 0.01425 0.02174 0.03243 18.59 13.66 20.85 31.1
7.81 -27.88 1.323 0.2734 0.03388 -0.01102 0.1048 0.1107 1348 -41.64 0.6494 24.01 48.07 102.6 0 0 0 0.02812 0.004024 0.0187 0.034 26.96 3.859 17.93 32.61
-36.69 9.307 12.11 1.411 -0.07354 -0.01677 -0.2208 0.2333 1349 -3.119 6.546 16.51 18.03 599.2 0 0 0 0.002021 0.0186 0.01263 0.02258 1.938 17.84 12.11 21.65
-35.36 23.86 4.195 0.6529 -0.06242 -0.03507 -0.2214 0.2327 1350 5.827 7.275 3.133 9.833 230.2 0 0 0 0.02801 0.01768 0.02012 0.03876 26.86 16.96 19.3 37.17
21.05 10.56 15.92 1.401 -0.09491 -0.003684 0.1564 0.183 1351 5.641 7.553 15.49 18.13 620.9 0 0 0 0.01541 0.007822 0.01625 0.02372 14.78 7.501 15.58 22.75
-9.107 -26.2 12.81 0.9006 -0.1611 -0.05565 -0.1751 0.2444 1352 6.097 13.76 -3.79 15.52 417.4 0 0 0 0.009933 0.02162 0.006942 0.02479 9.525 20.74 6.656 23.77
-9.867 -14.52 2.479 0.4115 -0.05404 -0.01701 -0.1908 0.1991 1353 2.109 -6.392 -2.381 7.14 149.3 0 0 0 0.01861 0.01847 0.02432 0.03576 17.84 17.71 23.32 34.29
-20.82 -23.95 17.78 1.341 -0.1296 -0.02649 -0.1478 0.1983 1354 9.131 6.165 6.553 12.82 662.6 0 0 0 0.02555 0.0062 0.02306 0.03498 24.5 5.945 22.12 33.54
-32.73 -23.58 15.63 1.24 -0.1187 -0.005128 -0.2115 0.2426 1355 15.39 -6.318 7.145 18.11 594.1 0 0 0 0.008813 0.007787 0.004878 0.01273 8.451 7.467 4.678 12.21
-37.94 -10.95 17.74 1.177 -0.08349 -0.01834 -0.2013 0.2187 1356 -3.286 -1.299 0.6844 3.599 579 0 0 0 0.01226 0.007959 0.004042 0.01517 11.76 7.632 3.876 14.55
36.19 23.93 6.314 1.276 -0.02024 0.08761 0.1881 0.2085 1357 -18.42 -18.29 -4.426 26.33 478.4 0 0 0 0.01631 0.01417 0.01007 0.02384 15.64 13.58 9.66 22.86
18.72 -7.717 4.098 1.207 -0.04252 -0.002784 0.2162 0.2204 1358 6.872 0.08701 -10.37 12.44 452.7 0 0 0 0.01879 0.001474 0.01115 0.0219 18.02 1.414 10.69 21
-23.96 -3.388 18.97 1.501 -0.1318 -0.04817 -0.1351 0.1948 1359 -3.277 -0.07003 -2.884 4.366 711.2 0 0 0 0.0008245 0.02618 0.005435 0.02675 0.7906 25.1 5.212 25.65
10.67 15.94 19.72 2.38 -0.137 -0.04739 0.1324 0.1963 1360 -4.783 19.39 -7.796 21.44 1021 0 0 0 0.009807 0.004331 0.01935 0.02212 9.404 4.153 18.55 21.21
0.1036 6.181 10.6 1.366 -0.1623 -0.007813 0.1013 0.1914 1361 1.479 6.929 5.05 8.701 602.1 0 0 0 0.02514 0.006414 0.02651 0.03709 24.11 6.15 25.42 35.57
20.73 -1.493 2.797 1.081 -0.03037 0.005322 0.2054 0.2077 1362 10.09 -15.43 -8.648 20.37 386.2 0 0 0 0.009311 0.002927 0.01049 0.01433 8.929 2.807 10.06 13.74
14.51 21.32 2.736 0.9296 -0.05782 0.009765 0.1879 0.1969 1363 10.39 -0.4404 5.461 11.74 317 0 0 0 0.02939 0.003129 0.02266 0.03724 28.18 3 21.73 35.71
20.24 -20.18 6.563 0.674 -0.06353 0.01126 0.2344 0.2431 1364 -11.91 1.208 -30.15 32.44 270.7 0 0 0 0.00746 0.002141 0.0297 0.0307 7.154 2.053 28.48 29.44
3.679 15.19 4.375 0.5193 -0.07349 -0.008043 0.1567 0.1733 1365 1.18 -5.867 -4.535 7.508 186.8 0 0 0 0.03305 0.01027 0.02338 0.04176 31.69 9.849 22.42 40.05
-23.22 -23.36 12.42 0.7871 -0.08454 -0.02884 -0.1525 0.1768 1366 5.719 10.56 -10.28 15.81 358.9 0 0 0 0.009097 0.01802 0.03042 0.03651 8.724 17.28 29.17 35.01
5.387 26.28 14.99 1.166 -0.1823 -0.04313 0.1016 0.2131 1367 -6.575 15.44 2.868 17.02 501.6 0 0 0 0.02637 0.01133 0.02401 0.03742 25.29 10.87 23.02 35.88
-38.8 5.86 5.312 0.6474 -0.04639 -0.001018 -0.2237 0.2285 1368 16.97 -6.508 3.573 18.53 222.4 0 0 0 0.02425 0.006397 0.02465 0.03517 23.26 6.135 23.64 33.72
-7.68 -16.49 16.52 1.814 -0.1819 -0.0454 -0.1194 0.2223 1369 -3.557 5.598 17.76 18.96 893.8 0 0 0 0.02766 0.01355 0.02198 0.03784 26.53 12.99 21.08 36.29
-29.77 -4.137 1.993 1.131 -0.001768 -0.04876 -0.1812 0.1876 1370 -7.588 -2.559 -6.53 10.33 365.9 0 0 0 0.006386 0.02122 0.004753 0.02266 6.124 20.34 4.558 21.73
48.32 -14.66 11.9 1.469 -0.03905 0.04419 0.1991 0.2077 1371 10.64 -8.202 -10.68 17.16 643.1 0 0 0 0.01782 0.03601 0.003526 0.04033 17.09 34.53 3.381 38.67
6.609 -8.028 10.96 0.8526 -0.2004 -0.02022 0.1218 0.2353 1372 25.58 9.756 9.39 28.94 395.7 0 0 0 0.01215 0.01212 0.0102 0.01996 11.65 11.62 9.785 19.14
-36.65 6.226 6.453 0.9483 -0.01893 -0.02413 -0.2061 0.2084 1373 -21.25 17.44 -0.6181 27.5 339 0 0 0 0.01564 0.01483 0.009017 0.02337 15 14.23 8.646 22.41
-5.016 -17.62 1.915 0.4323 -0.01593 -0.06619 -0.1599 0.1738 1374 -21.28 3.415 5.467 22.23 159 0 0 0 0.02239 0.03421 0.02076 0.04586 21.47 32.81 19.91 43.97
8.812 -1.487 7.754 0.9221 -0.1212 0.02658 0.1877 0.225 1375 9.314 -7.447 -4.669 12.81 391.1 0 0 0 0.04024 0.01903 0.02535 0.05122 38.58 18.25 24.31 49.12
-13.44 -15.27 1.989 0.6991 -0.06141 0.01186 -0.2356 0.2438 1376 11.95 -10.84 -9.104 18.53 247.6 0 0 0 0.01915 0.00305 0.01499 0.02451 18.37 2.925 14.37 23.5
13.57 11.31 15.11 3.14 -0.12 -0.006398 0.152 0.1937 1377 6.893 -18.44 5.053 20.32 1386 0 0 0 0.01656 0.002799 0.01323 0.02138 15.88 2.684 12.69 20.5
-28.9 -24.23 13.11 1.199 -0.1076 -0.009622 -0.2024 0.2294 1378 16.94 -15.55 10.24 25.17 549.8 0 0 0 0.0419 0.008287 0.0179 0.04631 40.18 7.946 17.17 44.41
-38.94 -9.002 16.07 1.705 -0.06995 -0.002708 -0.1885 0.201 1379 -10.05 -6.227 -17.48 21.11 817.8 0 0 0 0.001719 0.001606 0.006887 0.007277 1.648 1.54 6.604 6.979
49.65 -27.3 15.26 0.9746 0.01801 -0.01228 0.2449 0.2458 1380 -61.65 14.84 -71.86 95.84 430.9 0 0 0 0.0249 0.002582 0.04468 0.05121 23.87 2.476 42.84 49.11
10.79 -5.057 5.133 0.6882 -0.1022 0.02627 0.2234 0.247 1381 15.16 1.647 -13.5 20.37 269.1 0 0 0 0.01133 0.01296 0.01458 0.02256 10.86 12.43 13.98 21.63
-44.55 -27.32 18.14 0.8295 -0.08194 -0.04099 -0.1781 0.2003 1382 4.801 21.41 9.512 23.92 411.8 0 0 0 0.03088 0.006879 0.02461 0.04009 29.62 6.597 23.6 38.44
-44.12 11.25 5.918 0.8941 -0.03517 -0.02385 -0.2229 0.2269 1383 0.8712 9.06 6.666 11.28 317.3 0 0 0 0.01347 0.008861 0.006027 0.01722 12.92 8.497 5.78 16.51
26.66 9.796 13.63 1.227 -0.08385 0.02034 0.1997 0.2176 1384 -5.98 6.607 0.504 8.926 549.3 0 0 0 0.007843 0.02864 0.02398 0.03817 7.52 27.47 22.99 36.6
-14.52 17.45 19.49 1.314 -0.1969 -0.02689 -0.06144 0.208 1385 14.88 -13.13 -14.2 24.4 577.4 0 0 0 0.01969 0.01113 0.0238 0.03283 18.88 10.67 22.82 31.48
23.81 12.56 18.49 0.8728 -0.1261 0.01137 0.1976 0.2346 1386 1.413 11.91 -10.96 16.25 377 0 0 0 0.01046 0.01114 0.02735 0.03133 10.03 10.68 26.23 30.05
13.69 -5.459 11.15 0.7881 -0.1162 -0.002644 0.1831 0.2169 1387 -0.1698 1.974 -9.922 10.12 361.3 0 0 0 0.0158 0.002737 0.02208 0.02729 15.15 2.624 21.17 26.17
-15.26 -3.62 10.07 0.7357 -0.1195 -0.01019 -0.1535 0.1948 1388 -22.31 -3.02 -10.5 24.84 324.9 0 0 0 0.00352 0.01214 0.005076 0.01362 3.376 11.64 4.867 13.06
-29.43 -5.966 7.052 0.7325 -0.06264 -0.04012 -0.1783 0.1932 1389 8.849 -10.24 -4.254 14.19 282.3 0 0 0 0.0335 0.01375 0.02209 0.04242 32.13 13.18 21.18 40.68
-11.01 7.271 3.774 0.5381 -0.1264 -0.07548 -0.09986 0.1779 1390 -13.03 -8.697 20.35 25.68 187.8 0 0 0 0.00941 0.007846 0.03988 0.04172 9.024 7.524 38.24 40
1.771 -8.979 11.73 0.5626 -0.2221 0.008066 0.0564 0.2293 1391 23.14 -22.75 14.31 35.46 263.9 0 0 0 0.02478 0.027 0.0008881 0.03666 23.77 25.89 0.8516 35.16
27.73 -3.419 5.339 1.243 -0.02936 0.02724 0.189 0.1932 1392 11.67 -10.84 4.916 16.67 474.7 0 0 0 0.01874 0.01092 0.0116 0.0246 17.97 10.47 11.12 23.59
36.32 -12.29 9.019 0.918 -0.03175 -0.0008899 0.2186 0.2209 1393 -4.618 24.06 -7.509 25.63 388.5 0 0 0 0.006841 0.01449 0.007415 0.01766 6.56 13.89 7.11 16.93
45.34 -25.44 17.75 1.005 -0.08004 -0.002745 0.1834 0.2001 1394 9.058 3.565 -16.46 19.12 459.8 0 0 0 0.05064 0.005748 0.06054 0.07913 48.56 5.512 58.05 75.88
38.35 -14.16 6.219 0.7059 -0.01056 0.003627 0.2185 0.2188 1395 -4.007 14.24 -10.18 17.96 275.5 0 0 0 0.02083 0.0226 0.02337 0.03861 19.97 21.67 22.41 37.03
-35.79 -4.39 10.08 1.248 -0.07168 -0.0005619 -0.2102 0.2221 1396 -0.8982 9.561 -1.691 9.75 531.1 0 0 0 0.02036 0.00341 0.01479 0.0254 19.52 3.27 14.19 24.35
13.01 -17.52 0.4976 0.5428 -0.03061 0.07838 0.202 0.2188 1397 9.822 -25.92 26.91 38.63 198.4 0 0 0 0.01797 0.04085 0.0152 0.04715 17.24 39.17 14.58 45.21
-9.72 16.73 2.756 0.5969 -0.08845 -0.05308 -0.01383 0.1041 1398 1.275 -2.011 -1.641 2.892 203.1 0 0 0 0.01276 0.004706 0.02439 0.02793 12.24 4.512 23.39 26.78
19.42 21.99 10.09 0.7514 -0.09037 0.00651 0.1662 0.1893 1399 0.3565 -13.9 12.05 18.4 306.2 0 0 0 0.01849 0.006717 0.02853 0.03466 17.73 6.441 27.36 33.23
45.67 2.008 17.41 1.627 -0.05107 0.02082 0.1854 0.1935 1400 -8.527 -11.12 -8.168 16.22 736.5 0 0 0 0.03381 0.004402 0.03418 0.04828 32.42 4.221 32.78 46.29
-15.62 -24.93 9.791 0.8528 -0.1077 -0.007235 -0.1664 0.1984 1401 30.32 -14.41 -27.52 43.41 370.1 0 0 0 0.01432 0.0278 0.04699 0.05645 13.74 26.66 45.06 54.13
24.64 -6.937 7.596 0.8847 -0.04668 -0.005897 0.1789 0.185 1402 2.95 3.765 8.311 9.589 364.4 0 0 0 0.03411 0.01828 0.02621 0.04674 32.71 17.53 25.13 44.82
6.513 14.54 1.127 0.6691 -0.02576 0.05343 0.1894 0.1985 1403 4.285 -12.11 0.9273 12.88 223.7 0 0 0 0.01087 0.02712 0.003807 0.02946 10.42 26.01 3.651 28.25
-39.77 7.951 16.51 1.361 -0.1051 -0.005498 -0.1953 0.2219 1404 9.68 0.07215 3.453 10.28 613.2 0 0 0 0.02831 0.009472 0.01298 0.03255 27.15 9.083 12.45 31.22
-23.12 8.885 5.384 0.9432 -0.07953 -0.03745 -0.1959 0.2147 1405 11.94 4.868 -5.103 13.87 332.1 0 0 0 0.01541 0.0244 0.01018 0.0306 14.78 23.4 9.758 29.34
-19.93 7.718 12.43 1.089 -0.1358 -0.04378 -0.1496 0.2067 1406 5.382 -3.765 -5.519 8.579 471.1 0 0 0 0.01652 0.01128 0.00488 0.0206 15.85 10.82 4.68 19.75
4.017 5.625 15.72 1.289 -0.1715 -0.01915 0.112 0.2058 1407 -1.426 5.274 -2.227 5.9 583.4 0 0 0 0.01255 0.008872 0.01382 0.02067 12.04 8.508 13.25 19.82
-6.445 2.855 4.63 0.5931 -0.1493 -0.1129 0.02942 0.1895 1408 17.6 -18.99 -18.8 32 220.2 0 0 0 0.01326 0.009176 0.01962 0.02539 12.71 8.8 18.81 24.35
37.54 -11.5 5.371 1.067 -0.02333 0.02997 0.1943 0.198 1409 3.858 0.3841 4.938 6.279 408.4 0 0 0 0.005138 0.006272 0.008999 0.01211 4.927 6.015 8.629 11.62
41.88 -11.95 2.268 0.3224 0.0007048 0.03736 0.2284 0.2315 1410 -1.889 -8.385 -21.14 22.82 114 0 0 0 0.01078 0.01281 0.02142 0.02719 10.34 12.29 20.54 26.07
43.52 17.41 19.16 1.03 -0.0227 0.01924 0.1943 0.1965 1411 -27.49 12.71 -24.88 39.2 430.6 0 0 0 0.04788 0.01173 0.0447 0.06654 45.92 11.25 42.86 63.81
-33.18 -21.07 17.36 1.06 -0.1272 -0.02818 -0.2063 0.244 1412 6.675 1.031 -1.041 6.834 525.9 0 0 0 0.00232 0.002001 0.001151 0.003273 2.225 1.919 1.104 3.139
-18.03 -10.51 16.65 1.109 -0.1415 -0.028 -0.1405 0.2013 1413 0.9911 -21.32 2.593 21.5 536.5 0 0 0 0.006611 0.008762 0.002015 0.01116 6.34 8.402 1.932 10.7
-4.677 -15.11 6.304 1.379 -0.1388 -0.06929 -0.103 0.1862 1414 15.34 3.039 8.055 17.59 558.3 0 0 0 0.01138 0.03338 0.02829 0.04521 10.91 32.01 27.12 43.35
11.36 -6.004 5.884 1.074 -0.06698 0.0374 0.1892 0.2042 1415 -21.82 -8.856 17.66 29.43 428.8 0 0 0 0.01873 0.03363 0.01098 0.04003 17.96 32.25 10.53 38.38
-30.15 -26.68 9.204 1.28 -0.0935 -0.01503 -0.1817 0.2049 1416 15.05 1.891 -21.5 26.31 529 0 0 0 0.0203 0.005086 0.01875 0.0281 19.47 4.877 17.98 26.95
13.96 -23.18 3.903 0.6735 -0.05824 0.03138 0.2233 0.2329 1417 -6.277 2.311 11.3 13.13 260.7 0 0 0 0.0129 0.01854 0.006544 0.02351 12.37 17.78 6.275 22.55
11.8 -12.07 13.29 0.961 -0.1421 -0.01199 0.1393 0.1994 1418 -18.19 6.333 16.35 25.26 458.9 0 0 0 0.01361 0.007179 0.007926 0.01731 13.05 6.884 7.6 16.6
-42.94 9.333 11.59 0.8005 -0.06857 -0.003443 -0.2062 0.2174 1419 4.837 -2.941 1.309 5.811 335.8 0 0 0 0.00381 0.004736 0.008001 0.01005 3.654 4.542 7.672 9.635
-44.82 -22.52 1.46 0.6201 0.0246 -0.0238 -0.1957 0.1986 1420 -24.46 2.634 -14.34 28.48 204.6 0 0 0 0.02577 0.03074 0.01333 0.04227 24.71 29.47 12.79 40.53
-33.35 5.895 19.6 2.182 -0.1265 -0.0117 -0.201 0.2377 1421 7.713 7.554 12.49 16.51 989.5 0 0 0 0.01339 0.00606 0.007128 0.01634 12.84 5.811 6.835 15.67
-21.21 -28.48 5.335 0.503 -0.02837 -0.0346 -0.1939 0.199 1422 -10.37 12.47 0.856 16.24 192.3 0 0 0 0.02395 0.001817 0.019 0.03062 22.97 1.742 18.22 29.36
18.29 1.973 6.006 0.8375 -0.06711 -0.02112 0.2156 0.2268 1423 22.11 3.02 -10.17 24.52 332.6 0 0 0 0.02716 0.004509 0.02743 0.03887 26.05 4.324 26.31 37.27
-20.84 -26.23 12.19 0.9363 -0.09202 -0.05571 -0.1683 0.1997 1424 2.132 31.59 -0.2876 31.66 420.9 0 0 0 0.007566 0.01071 0.005487 0.01422 7.255 10.27 5.261 13.63
-28.9 27.28 15.83 1.101 -0.1257 -0.04576 -0.1419 0.195 1425 -22.45 11.95 -14.36 29.21 469 0 0 0 0.007308 0.01393 0.002558 0.01593 7.007 13.35 2.453 15.28
5.672 -18.92 18.26 1.332 -0.2065 -0.02403 0.07009 0.2194 1426 -6.742 5.148 -14.76 17.02 653.1 0 0 0 0.01223 0.02324 0.01785 0.03175 11.73 22.28 17.12 30.45
-43.95 -0.2999 5.752 1.232 -0.03258 0.005257 -0.2099 0.2124 1427 3.614 -2.356 -3.745 5.712 431.1 0 0 0 0.007829 0.007498 0.01324 0.01711 7.507 7.19 12.69 16.41
13.41 8.431 9.482 0.7101 -0.08701 0.0042 0.1979 0.2162 1428 -0.07215 -6.635 -7.148 9.753 305.6 0 0 0 0.005019 0.00666 0.01238 0.01493 4.813 6.386 11.88 14.32
15.43 8.762 6.327 1.038 -0.04419 -0.003589 0.2307 0.2349 1429 -9.894 -3.996 -20.65 23.25 407.9 0 0 0 0.02791 0.007957 0.02128 0.03599 26.77 7.63 20.4 34.51
23.41 12.85 18.15 1.544 -0.09527 0.02975 0.1777 0.2039 1430 -12.92 -3.128 2.79 13.58 666 0 0 0 0.0226 0.0151 0.03058 0.04091 21.67 14.48 29.33 39.23
-8.139 -6.024 8.424 1.037 -0.1518 -0.02675 -0.0722 0.1703 1431 13.93 -17.75 -6.29 23.43 443.9 0 0 0 0.04015 0.02055 0.01419 0.04728 38.5 19.71 13.61 45.34
15.86 -5.967 5.708 0.6558 -0.06521 0.01739 0.1999 0.211 1432 -5.093 -9.813 -1.692 11.18 257.9 0 0 0 0.02102 0.01297 0.02398 0.03442 20.16 12.44 22.99 33.01
-44.59 10.52 7.207 1.508 -0.03457 -0.006692 -0.2074 0.2104 1433 -5.06 -6.144 -3.395 8.653 557.8 0 0 0 0.005391 0.004745 0.005034 0.00877 5.17 4.55 4.827 8.41
-41.03 -16.61 7.694 1.157 -0.05334 -0.01187 -0.2096 0.2166 1434 3.398 2.778 3.519 5.626 454.7 0 0 0 0.007497 0.004165 0.008803 0.01229 7.189 3.994 8.441 11.79
30.03 9.879 15.94 0.8507 -0.09521 0.002212 0.1993 0.2209 1435 9.444 25.43 -11.68 29.54 376.4 0 0 0 0.01193 0.02082 0.0144 0.02798 11.44 19.96 13.81 26.83
38.21 -2.091 1.294 0.3293 -0.01122 0.05606 0.2295 0.2365 1436 12.46 -8.03 -23.01 27.37 114.6 0 0 0 0.01502 0.003708 0.005131 0.0163 14.4 3.556 4.92 15.63
37.77 -12.51 0.7823 0.3289 0.01194 0.01593 0.2589 0.2596 1437 -3.62 15.31 -44.44 47.14 114.9 0 0 0 0.02473 0.01427 0.01782 0.03366 23.72 13.68 17.09 32.27
40.63 -9.243 16.03 1.128 -0.0841 0.011 0.173 0.1927 1438 8.446 0.3502 21.77 23.36 520.9 0 0 0 0.006838 0.00689 0.03324 0.03463 6.557 6.607 31.88 33.21
31.83 12.69 13.06 0.6719 -0.06283 0.0251 0.2006 0.2117 1439 -9.94 5.076 -2.668 11.48 296.1 0 0 0 0.02208 0.02593 0.01014 0.03553 21.17 24.86 9.725 34.07
-29.52 26.84 15.27 1.72 -0.1623 -0.04027 -0.1832 0.248 1440 13.3 11.65 18.25 25.41 734.6 0 0 0 0.005536 0.008121 0.003561 0.01045 5.309 7.787 3.415 10.02
-35.6 -11.43 13.02 0.9551 -0.07771 -0.006461 -0.2284 0.2413 1441 -12.82 -1.732 12.91 18.27 439.4 0 0 0 0.0152 0.00773 0.002474 0.01723 14.57 7.413 2.372 16.52
-16.31 -4.487 13.93 0.7923 -0.1589 -0.02937 -0.1432 0.2159 1442 9.465 -10.63 4.677 14.98 375.3 0 0 0 0.02513 0.01638 0.02132 0.0368 24.1 15.71 20.45 35.29
-10.02 -10.69 12.03 0.8891 -0.2006 -0.005296 -0.1306 0.2395 1443 6.957 -8.622 -0.4207 11.09 417.3 0 0 0 0.01436 0.009531 0.004949 0.01793 13.77 9.14 4.746 17.19
-2.88 9.106 12.73 2.041 -0.1947 0.03799 0.06567 0.2089 1444 11.07 -16.69 -7.203 21.29 900.6 0 0 0 0.008044 0.00393 0.02577 0.02728 7.713 3.768 24.71 26.16
-29.71 -4.759 11.24 0.637 -0.09126 -0.03948 -0.169 0.1961 1445 11.78 -8.962 -1.972 14.93 281.8 0 0 0 0.0108 0.04365 0.002542 0.04503 10.36 41.85 2.437 43.18
-20.82 23.2 13.76 1.271 -0.1752 -0.009194 -0.1342 0.2209 1446 8.908 -30.66 -12.43 34.26 560.8 0 0 0 0.002224 0.02352 0.001838 0.02369 2.133 22.55 1.763 22.72
-18.83 24.94 4.191 0.7869 -0.134 0.03712 -0.1808 0.2281 1447 19.47 -25.4 11.69 34.08 286 0 0 0 0.02333 0.002475 0.02426 0.03374 22.37 2.374 23.26 32.36
29.85 -18.25 15.74 0.8079 -0.09983 0.001922 0.1921 0.2165 1448 17.03 4.251 3.528 17.9 377.6 0 0 0 0.01451 0.009795 0.0467 0.04987 13.91 9.393 44.78 47.82
-28.87 4.127 11.57 1.831 -0.08744 -0.05246 -0.1508 0.1821 1449 10.02 -2.021 -16.51 19.42 775 0 0 0 0.01699 0.03944 0.02775 0.05113 16.29 37.82 26.61 49.03
45.69 3.151 12.44 1.203 -0.0516 0.02149 0.1778 0.1864 1450 -7.024 13.86 5.669 16.54 538.7 0 0 0 0.02513 0.01507 0.01727 0.03402 24.1 14.45 16.56 32.62
-25.47 28.7 2.791 0.8864 -0.07041 -0.008169 -0.21 0.2216 1451 -2.977 -16.4 -7.621 18.33 307.5 0 0 0 0.01573 0.004803 0.02964 0.0339 15.08 4.606 28.42 32.51
24.88 -21.17 15.85 1.012 -0.08041 0.01164 0.1879 0.2047 1452 -4.563 1.034 -6.184 7.754 475.1 0 0 0 0.01017 0.005975 0.02345 0.02625 9.75 5.73 22.48 25.17
-3.189 -31.38 2.163 0.2412 0.01457 -0.002515 -0.1494 0.1501 1453 -8.75 2.818 -13.47 16.31 92.49 0 0 0 0.009447 0.001944 0.00826 0.0127 9.059 1.864 7.921 12.18
9.701 -0.325 0.3918 0.453 0.01241 0.07913 0.216 0.2304 1454 -13.69 -12.5 7.209 19.89 158.8 0 0 0 0.03938 0.02892 0.02994 0.05731 37.76 27.73 28.71 54.95
46.66 -23.73 17.64 0.6878 -0.09756 -0.00603 0.1531 0.1816 1455 30.37 6.863 22.72 38.55 317.4 0 0 0 0.05237 0.00567 0.05406 0.07548 50.22 5.437 51.84 72.38
2.046 -27.78 7.805 0.5108 -0.09403 -0.05901 -0.01232 0.1117 1456 -19.33 -1.477 -16.21 25.27 214.8 0 0 0 0.00521 0.01801 0.004484 0.01928 4.996 17.27 4.3 18.49
-31.62 -0.7286 13.29 1.678 -0.09096 -0.01776 -0.1772 0.2 1457 1.344 -11.06 -1.779 11.29 757.4 0 0 0 0.01929 0.006038 0.01471 0.025 18.5 5.79 14.1 23.97
-36.41 -7.428 0.635 0.7993 -0.02032 0.001405 -0.1978 0.1988 1458 11.98 -9.104 -25.83 29.89 258.3 0 0 0 0.02334 0.02216 0.01083 0.03396 22.38 21.25 10.39 32.57
0.7529 -29.99 3.898 0.893 -0.05444 -0.07892 -0.1074 0.144 1459 2.385 21.17 -4.202 21.72 348.2 0 0 0 0.01649 0.03234 0.01747 0.04029 15.82 31.02 16.75 38.63
-8.211 -23.71 5.124 0.5621 -0.09045 -0.00522 -0.2342 0.2511 1460 -12.29 -1.626 5.15 13.43 222.7 0 0 0 0.002139 0.003583 0.01104 0.0118 2.051 3.436 10.59 11.32
2.229 18.07 3.688 0.907 -0.0545 -0.03214 0.1388 0.1526 1461 -10.75 0.6324 -15.96 19.25 319.9 0 0 0 0.04663 0.01831 0.01782 0.05317 44.72 17.56 17.09 50.99
-41.29 -4.103 10.94 0.7458 -0.06179 -0.008778 -0.1923 0.2021 1462 1.413 3.368 -15.3 15.73 321 0 0 0 0.01855 0.0106 0.01849 0.02825 17.79 10.16 17.73 27.09
-26.77 12.18 1.245 0.7539 -0.01734 -0.07776 -0.2143 0.2286 1463 -1.963 30.9 -8.347 32.07 236.4 0 0 0 0.02445 0.009682 0.0115 0.0287 23.45 9.284 11.02 27.52
-37.71 -6.805 16.36 1.751 -0.09101 0.0006118 -0.2184 0.2366 1464 5.723 -10.55 14.29 18.66 836.7 0 0 0 0.009858 0.005687 0.006097 0.01291 9.453 5.453 5.847 12.38
-40.3 -16.1 0.5909 0.27 -0.04097 0.01725 -0.2046 0.2094 1465 26.3 -14.5 -9.286 31.44 88.52 0 0 0 0.02522 0.004571 0.007202 0.02663 24.19 4.384 6.906 25.53
-0.2299 5.497 9.149 0.8795 -0.1347 -0.03245 0.108 0.1757 1466 -10.24 14.38 -7.117 19.03 377.7 0 0 0 0.01621 0.009185 0.02158 0.0285 15.54 8.808 20.69 27.33
-1.6 -2.683 0.055 1.04 -0.07607 -0.06426 0.1575 0.1864 1467 -5.159 -3.266 -28.45 29.1 365.1 0 0 0 0.008082 0.01214 0.03359 0.03662 7.75 11.64 32.21 35.12
-13.75 -15.39 0.7412 0.5283 -0.0281 0.01222 -0.2401 0.2421 1468 -8.313 -5.866 -4.155 10.99 186.9 0 0 0 0.02729 0.002882 0.006916 0.0283 26.17 2.763 6.632 27.14
5.918 -3.951 3.327 0.7659 -0.03439 0.005057 0.1333 0.1378 1469 4.164 -11.14 15.39 19.45 285.6 0 0 0 0.01656 0.005107 0.02352 0.02921 15.88 4.897 22.55 28.01
-42.03 -16.39 18.03 1.154 -0.07679 -0.02845 -0.1778 0.1957 1470 -4.016 7.39 0.9614 8.465 576.1 0 0 0 0.0196 0.01121 0.008839 0.02425 18.8 10.75 8.476 23.26
42.77 9.454 1.361 1.306 0.0003663 0.03937 0.1829 0.1871 1471 -14.3 8.28 9.191 18.91 450.2 0 0 0 0.01676 0.02291 0.01178 0.03074 16.08 21.97 11.3 29.47
-38.86 5.848 13.64 1.047 -0.08695 0.004169 -0.1777 0.1979 1472 5.281 -9.093 -22.96 25.25 459.5 0 0 0 0.02451 0.007816 0.01733 0.03102 23.5 7.495 16.62 29.74
-3.57 2.759 11.62 1.549 -0.1753 -0.03593 0.01394 0.1795 1473 -9.841 20.64 19.74 30.21 698.4 0 0 0 0.01946 0.005857 0.001235 0.02036 18.67 5.617 1.185 19.53
44.73 -11.12 16.6 0.9642 -0.07561 0.02366 0.1831 0.1995 1474 1.604 2.354 -4.968 5.727 445.1 0 0 0 0.02193 0.02635 0.008683 0.03537 21.03 25.27 8.326 33.92
2.285 20.44 6.089 1.13 -0.1449 0.01378 0.1029 0.1782 1475 17.96 -10.42 7.298 22.01 427.4 0 0 0 0.01384 0.006384 0.01235 0.01962 13.28 6.122 11.84 18.81
41.27 14.34 15.97 1.566 -0.07054 0.02938 0.1623 0.1794 1476 28.52 7.477 12.07 31.86 679.9 0 0 0 0.0205 0.005054 0.02254 0.03089 19.66 4.846 21.61 29.62
-7.865 -22.16 4.175 0.7256 -0.09094 0.004156 -0.2541 0.2699 1477 18.1 2.876 26.76 32.43 282.2 0 0 0 0.008103 0.008036 0.01257 0.01698 7.771 7.706 12.06 16.28
-9.848 14.48 17.16 1.569 -0.1961 -0.0138 -0.04604 0.2019 1478 -5.078 -5.48 2.223 7.795 689 0 0 0 0.01226 0.01096 0.01775 0.02419 11.75 10.51 17.02 23.2
-25.15 27.82 11.85 2.046 -0.1598 -0.02645 -0.1469 0.2187 1479 12.92 -19.14 -10.56 25.39 860.1 0 0 0 0.007787 0.03056 0.003974 0.03179 7.467 29.31 3.81 30.48
1.196 -13.07 6.791 0.9082 -0.1301 -0.06921 0.03914 0.1525 1480 -15.95 3.61 5.552 17.27 375.1 0 0 0 0.01784 0.02696 0.0168 0.03644 17.11 25.86 16.11 34.94
25.01 -11.92 15.01 1.581 -0.08331 0.04637 0.1921 0.2144 1481 -10.27 -29.56 -8.068 32.31 750.1 0 0 0 0.02466 0.004096 0.01177 0.02763 23.65 3.928 11.29 26.5
4.432 -17.56 5.963 0.6945 -0.0786 -0.08766 0.07943 0.142 1482 -38.31 9.548 -8.446 40.38 283.9 0 0 0 0.014 0.02702 0.0309 0.04337 13.43 25.91 29.63 41.59
-17.93 11.3 16.94 1.31 -0.1576 -0.06593 -0.1034 0.1997 1483 -7.519 24.95 -4.306 26.42 578.2 0 0 0 0.03991 0.00812 0.01054 0.04207 38.27 7.786 10.11 40.34
28.71 9.441 4.212 0.9431 -0.01284 0.01726 0.1855 0.1867 1484 -5.25 12.27 12.92 18.57 350.4 0 0 0 0.01346 0.01396 0.01417 0.02402 12.91 13.39 13.59 23.04
23.66 27.24 16.52 1.292 -0.116 0.04105 0.1527 0.1961 1485 0.05093 -23.53 7.832 24.8 525.5 0 0 0 0.009251 0.002065 0.02051 0.0226 8.871 1.98 19.67 21.67
-44.65 -24.24 10.45 1.448 -0.06436 -0.007066 -0.1657 0.1779 1486 7.847 -8.983 -13.79 18.23 609.4 0 0 0 0.01244 0.007125 0.02182 0.02611 11.93 6.833 20.92 25.04
-23.93 0.05594 19.63 1.003 -0.1285 -0.0718 -0.1366 0.2008 1487 0.09232 16.67 1.292 16.72 465.7 0 0 0 0.01137 0.01278 0.002631 0.01731 10.91 12.26 2.523 16.6
-38.7 -28.09 16.87 1.242 -0.09735 -0.01844 -0.1683 0.1953 1488 26.97 3.977 -17.21 32.24 595 0 0 0 0.01866 0.003022 0.02352 0.03017 17.89 2.898 22.55 28.93
-34.91 -23.31 0.8028 0.7609 -0.0407 0.0164 -0.2168 0.2212 1489 18.31 -10.27 11.01 23.7 258.7 0 0 0 0.01449 0.005732 0.01343 0.02058 13.9 5.497 12.88 19.73
21.58 5.325 4.127 0.5231 -0.01545 -0.01781 0.1971 0.1985 1490 4.1 -2.513 14.98 15.73 194.9 0 0 0 0.005503 0.01152 0.005445 0.01388 5.277 11.04 5.222 13.31
29.94 25.36 4.585 1.31 -0.0182 0.03079 0.2005 0.2037 1491 -14.07 0.3008 -8.329 16.36 464.2 0 0 0 0.004782 0.01001 0.0099 0.01487 4.585 9.602 9.493 14.26
45.07 -0.9358 18.3 0.6194 -0.0611 0.02769 0.1645 0.1777 1492 -0.4499 -10.05 3.523 10.66 282.4 0 0 0 0.02063 0.007941 0.03467 0.04112 19.79 7.615 33.24 39.43
-5.272 12.55 10.43 1.229 -0.1522 0.004588 0.04044 0.1576 1493 -9.834 -16.47 -13.19 23.28 517.3 0 0 0 0.00461 0.008577 0.002675 0.0101 4.421 8.225 2.565 9.684
12.44 28.68 3.901 1.059 -0.0954 0.01605 0.1755 0.2004 1494 6.91 -5.599 11.57 14.59 381.9 0 0 0 0.02735 0.001614 0.033 0.04289 26.23 1.547 31.64 41.13
16.33 -8.674 17.66 1.707 -0.1203 -0.03791 0.1456 0.1927 1495 -2.402 7.78 -1.68 8.314 813.5 0 0 0 0.009952 0.01252 0.005259 0.01683 9.543 12 5.043 16.14
6.041 2.73 19.38 1.729 -0.1792 -0.003836 0.09879 0.2047 1496 11.36 -20.65 2.003 23.65 789.3 0 0 0 0.02585 0.004874 0.01543 0.0305 24.79 4.674 14.8 29.25
-3.312 -12.55 6.526 1.426 -0.1367 -0.06736 -0.03621 0.1566 1497 1.687 -11.35 -0.1509 11.48 580.3 0 0 0 0.01178 0.02486 0.00934 0.02905 11.29 23.84 8.956 27.86
18.67 -7.271 5.099 1.143 -0.06806 0.0114 0.2166 0.2273 1498 22.27 -6.046 -13.74 26.86 440.6 0 0 0 0.02656 0.001844 0.0327 0.04217 25.47 1.768 31.35 40.44
-26.78 8.186 11.69 0.8174 -0.07855 -0.07501 -0.1654 0.1978 1499 -7.44 17.88 1.585 19.43 346.1 0 0 0 0.01489 0.01045 0.007194 0.01956 14.27 10.02 6.898 18.75
-1.178 -17.5 12.19 1.658 -0.2259 -0.02275 -0.04018 0.2306 1500 3.548 4.703 -6.185 8.542 782.4 0 0 0 0.01603 0.005114 0.01236 0.02088 15.37 4.904 11.86 20.02
-28.95 -8.974 7.501 1.182 -0.06131 -0.04408 -0.1721 0.1879 1501 0.7597 -8.597 -7.684 11.56 467.1 0 0 0 0.02959 0.01796 0.0104 0.03614 28.37 17.22 9.97 34.65
-30.16 27.79 15.48 1.865 -0.1666 -0.004886 -0.1654 0.2348 1502 23.79 -25.75 -7.308 35.81 790.8 0 0 0 0.002715 0.009512 0.00652 0.01185 2.603 9.121 6.252 11.36
-5.31 -27.67 2.143 0.5081 -0.0311 0.01898 -0.1961 0.1994 1503 0.5921 -37.85 6.295 38.37 194.2 0 0 0 0.02051 0.01736 0.01689 0.03174 19.67 16.65 16.2 30.44
-30.43 -2.467 17.03 1.429 -0.106 -0.01825 -0.1674 0.199 1504 -7.239 0.6685 0.7852 7.312 671.8 0 0 0 0.02443 0.01616 0.01286 0.03199 23.43 15.5 12.33 30.68
43.75 -23.03 5.864 0.8531 -0.03132 0.01367 0.2061 0.2089 1505 3.476 -1.744 -3.247 5.067 319.3 0 0 0 0.02153 0.004885 0.02136 0.03071 20.64 4.684 20.48 29.45
-41.89 26.86 5.346 0.9462 -0.05593 0.0114 -0.2195 0.2268 1506 -3.136 -7.754 -6.255 10.44 338 0 0 0 0.02576 0.004427 0.02605 0.0369 24.7 4.245 24.98 35.39
-10.4 -18.13 12.7 1.234 -0.1613 -0.05134 -0.1561 0.2303 1507 -3.122 15.34 -3.795 16.1 585.1 0 0 0 0.0008647 0.02636 0.002116 0.02646 0.8292 25.28 2.029 25.38
-19.22 -14.87 16.75 0.9354 -0.1278 0.007666 -0.1147 0.1719 1508 9.403 -39.09 -21.52 45.61 457 0 0 0 0.0198 0.01514 0.01648 0.02988 18.99 14.52 15.8 28.66
14.74 8.36 1.269 0.7815 -0.01367 0.0005555 0.2074 0.2078 1509 8.714 18.48 17.99 27.22 267.6 0 0 0 0.01923 0.009712 0.02606 0.03381 18.44 9.314 24.99 32.42
-11.28 -4.951 19.89 1.453 -0.1867 -0.05801 -0.08521 0.2132 1510 14.39 -5.785 8.554 17.71 694.8 0 0 0 0.0258 0.02312 0.01851 0.03927 24.74 22.17 17.75 37.66
32.55 21.16 14.33 1.207 -0.1012 0.01755 0.1722 0.2005 1511 3.616 -0.894 -7.887 8.722 508.9 0 0 0 0.0177 0.01274 0.01011 0.02404 16.97 12.21 9.697 23.05
38.12 4.436 13.86 1.402 -0.04556 0.03891 0.2172 0.2253 1512 -13.71 1.275 -27.92 31.14 642 0 0 0 0.01625 0.03404 0.01412 0.04028 15.58 32.64 13.54 38.62
20.7 -25.74 4.652 0.7539 -0.0593 0.06475 0.2062 0.2241 1513 4.592 -32.89 -4.948 33.58 289.8 0 0 0 0.02992 0.02575 0.01705 0.043 28.69 24.69 16.35 41.23
0.1391 21.13 0.692 0.7221 -0.02068 -0.06524 0.1453 0.1606 1514 -18.84 15.72 -12.44 27.51 243.8 0 0 0 0.02634 0.04074 0.03216 0.05821 25.26 39.07 30.84 55.82
-11.99 -16.33 13.31 1.611 -0.1342 -0.04913 -0.1535 0.2098 1515 -17.78 1.216 3.439 18.15 771.5 0 0 0 0.01216 0.01539 0.009978 0.022 11.66 14.75 9.569 21.1
25.15 -9.714 7.841 1.325 -0.05845 0.02641 0.1748 0.1862 1516 8.833 -19.28 9.186 23.11 551.9 0 0 0 0.01355 0.01186 0.01551 0.02377 13 11.38 14.87 22.79
-27.11 -11.89 2.295 0.563 -0.02125 -0.03934 -0.1845 0.1898 1517 0.6027 -9.732 -14.37 17.36 190.7 0 0 0 0.01387 0.03428 0.008927 0.03804 13.3 32.87 8.56 36.48
22.56 -21.76 13.16 1.064 -0.08323 0.01384 0.168 0.188 1518 4.669 -6.744 -1.406 8.322 489.2 0 0 0 0.009834 0.007385 0.004052 0.01295 9.43 7.082 3.886 12.42
-28.54 27.85 6.512 0.6551 -0.113 -0.03897 -0.1942 0.228 1519 15.18 -3.403 1.056 15.59 247.3 0 0 0 0.0261 0.01619 0.01951 0.03639 25.03 15.53 18.7 34.89
21.5 13.58 19.51 1.871 -0.1212 0.0237 0.1714 0.2112 1520 2.823 4.284 -1.799 5.436 805.4 0 0 0 0.02881 0.01809 0.00952 0.03532 27.62 17.34 9.129 33.87
37.27 -16.06 11.01 0.7437 -0.02801 -0.005125 0.2081 0.21 1521 -20.04 22.79 -5.485 30.84 324.5 0 0 0 0.02115 0.009224 0.01027 0.02526 20.28 8.846 9.851 24.22
31.53 4.306 17.17 1.735 -0.08075 0.01682 0.1861 0.2036 1522 -11.21 14.37 -2.751 18.43 783.2 0 0 0 0.00912 0.02844 0.01127 0.03193 8.746 27.28 10.81 30.62
-4.759 -7.514 12.42 1.322 -0.2152 -0.03412 -0.03505 0.2207 1523 7.438 -0.8786 -2.753 7.98 627 0 0 0 0.008765 0.03011 0.008354 0.03245 8.405 28.87 8.011 31.12
11.04 -18.27 17.41 1.256 -0.1802 -0.01772 0.126 0.2206 1524 5.666 -7.029 -12.29 15.25 609.1 0 0 0 0.01432 0.001304 0.03408 0.03699 13.74 1.251 32.68 35.47
-0.4209 -12.51 10.31 1.023 -0.1917 -0.04582 0.02019 0.1982 1525 11.2 6.522 -4.938 13.87 469.9 0 0 0 0.003345 0.03896 0.008975 0.04012 3.208 37.36 8.606 38.48
-46.37 -9.317 10.33 1.362 -0.05183 -0.01415 -0.2124 0.2191 1526 10.94 -1.348 4.334 11.85 580.5 0 0 0 0.01006 0.003419 0.01283 0.01666 9.648 3.279 12.31 15.98
-47.43 22.07 7.586 0.9134 -0.0131 -0.009287 -0.2321 0.2326 1527 -4.781 3.926 15.5 16.69 350.3 0 0 0 0.01048 0.006595 0.0191 0.02276 10.05 6.324 18.32 21.83
-12.79 -26.21 16.42 0.9156 -0.1682 -0.01285 -0.1636 0.235 1528 27.01 1.004 15.37 31.09 442 0 0 0 0.01137 0.007906 0.01003 0.0171 10.91 7.581 9.615 16.4
-20.15 4.337 3.643 1.618 -0.06044 -0.02343 -0.2112 0.2209 1529 -10.3 29.07 -2.911 30.98 549.5 0 0 0 0.02673 0.02827 0.02186 0.04463 25.63 27.11 20.96 42.8
-0.6342 3.309 7.476 0.8408 -0.1396 -0.07312 0.122 0.1993 1530 29.2 4.754 -29.34 41.67 346.3 0 0 0 0.007844 0.01679 0.01135 0.02173 7.522 16.1 10.89 20.84
-3.848 -12.85 1.114 0.3764 -0.04834 -0.09117 -0.135 0.1699 1531 -2.941 4.213 11.13 12.26 135.6 0 0 0 0.02912 0.04547 0.03136 0.06244 27.92 43.61 30.07 59.88
26.78 -6.44 8.279 1.298 -0.02774 0.02801 0.201 0.2048 1532 -19.13 -10.11 -14.11 25.83 544.2 0 0 0 0.01862 0.009727 0.01196 0.02417 17.86 9.327 11.46 23.18
-19.67 -21.13 7.632 0.5427 -0.06298 -0.03473 -0.2018 0.2142 1533 5.793 -4.839 13.14 15.15 222.2 0 0 0 0.01213 0.03148 0.02517 0.04209 11.63 30.18 24.13 40.36
-32.11 25.82 3.244 0.6558 -0.06976 -0.047 -0.218 0.2337 1534 7.701 4.77 0.3793 9.067 225.9 0 0 0 0.02643 0.01838 0.0224 0.03922 25.35 17.63 21.48 37.61
-29.68 -13.91 7.297 0.7142 -0.07907 -0.04162 -0.1446 0.17 1535 29.06 0.9677 -25.86 38.91 282.2 0 0 0 0.0279 0.02457 0.01567 0.04035 26.76 23.56 15.02 38.69
32.7 -20.42 5.943 1.024 -0.01571 0.0546 0.2171 0.2244 1536 0.5815 -37.07 10.14 38.43 393.6 0 0 0 0.008829 0.01267 0.004955 0.01622 8.466 12.15 4.752 15.55
0.3539 -25.56 16.61 1.846 -0.2424 -0.05831 -0.03684 0.252 1537 10.13 15.11 3.601 18.55 889.6 0 0 0 0.03149 0.01857 0.02711 0.04552 30.2 17.81 26 43.65
27.78 17.86 5.405 1.067 -0.03343 0.02597 0.1811 0.1859 1538 -9.919 -5.211 -5.394 12.44 398.6 0 0 0 0.02513 0.008459 0.01128 0.02882 24.1 8.111 10.81 27.63
43.22 -18.55 15.42 1.131 -0.06446 0.01798 0.184 0.1958 1539 9.215 -8.338 5.63 13.64 515.9 0 0 0 0.02108 0.009379 0.01423 0.02711 20.22 8.994 13.65 26
33.16 -2.739 16.64 1.679 -0.07885 0.01904 0.1902 0.2068 1540 -4.011 10.46 -10.79 15.55 775.5 0 0 0 0.01002 0.01439 0.01686 0.02433 9.612 13.8 16.17 23.33
25.04 -18.94 4.258 0.9379 -0.004417 0.01885 0.1798 0.1808 1541 -15.56 -1.225 15.48 21.98 354.9 0 0 0 0.0282 0.004494 0.02495 0.03792 27.04 4.31 23.92 36.36
-32.04 -18.56 15.38 0.9141 -0.099 0.007683 -0.1897 0.2141 1542 -9.547 -12.95 -14.16 21.44 439.2 0 0 0 0.01288 0.004655 0.01224 0.01837 12.35 4.464 11.74 17.62
28.27 -11.27 11.29 0.9348 -0.08312 0.01997 0.178 0.1974 1543 16.49 2.759 18.67 25.06 421.4 0 0 0 0.03389 0.02493 0.01592 0.04498 32.49 23.91 15.27 43.14
20.12 -21.76 13.33 1.628 -0.1002 -0.009946 0.1649 0.1932 1544 -5.361 19.28 -6.822 21.14 753.7 0 0 0 0.0297 0.00556 0.03295 0.04471 28.48 5.332 31.6 42.87
25.22 13.86 15.31 0.6684 -0.1026 0.0638 0.1868 0.2225 1545 13.09 -28.52 9.479 32.78 291 0 0 0 0.03386 0.01088 0.008368 0.03653 32.46 10.43 8.024 35.03
-14.73 -23.35 17.34 1.615 -0.1427 -0.03956 -0.1424 0.2055 1546 8.347 11.49 -0.3724 14.21 795.1 0 0 0 0.01691 0.006179 0.01088 0.02104 16.21 5.925 10.44 20.17
-3.519 -0.4547 3.18 0.5674 -0.1193 -0.1259 0.06426 0.185 1547 -4.877 18.39 -17.37 25.76 204.5 0 0 0 0.0047 0.006014 0.009566 0.01224 4.507 5.767 9.173 11.73
37.45 -28.05 10.17 0.9732 -0.03574 -0.006528 0.2094 0.2125 1548 -11.91 0.1146 11.5 16.56 403 0 0 0 0.01631 0.002498 0.01871 0.02494 15.64 2.395 17.94 23.92
-47.26 14.47 6.814 0.8037 -0.03562 -0.0308 -0.2147 0.2198 1549 3.101 8.649 -4.646 10.3 296.7 0 0 0 0.001746 0.0121 0.005436 0.01338 1.675 11.61 5.213 12.83
-48.64 -6.143 7.466 0.847 -0.03857 0.001079 -0.2015 0.2051 1550 11.9 -17.58 5.844 22.02 323.5 0 0 0 0.02532 0.01126 0.01227 0.0303 24.28 10.8 11.76 29.06
37.63 -1.029 6.777 0.7455 -0.01698 0.04357 0.2082 0.2134 1551 -2.059 -6.706 -3.411 7.801 297.2 0 0 0 0.02032 0.01697 0.01796 0.03199 19.49 16.27 17.22 30.68
24.48 -3.553 1.687 0.581 -0.0334 0.003033 0.2046 0.2073 1552 25.68 -9.745 -10.61 29.45 201.6 0 0 0 0.004263 0.003828 0.00516 0.007711 4.088 3.671 4.948 7.394
36.91 -6.252 0.9404 0.8583 0.0001696 0.02806 0.1966 0.1986 1553 7.194 9.949 23.18 26.23 298 0 0 0 0.00878 0.04077 0.03497 0.05442 8.419 39.09 33.53 52.19
14.27 -10.82 16.85 0.9735 -0.1371 -0.0338 0.1316 0.1931 1554 -2.326 10.56 2.432 11.08 468.4 0 0 0 0.0166 0.007097 0.01189 0.02162 15.92 6.805 11.41 20.73
-11.19 -5.759 8.532 1.511 -0.1432 -0.0215 -0.1085 0.1809 1555 3.72 -0.278 -9.752 10.44 643.8 0 0 0 0.01001 0.00369 0.01679 0.01989 9.6 3.538 16.1 19.08
27.35 -23.18 12.37 1.206 -0.04625 0.01929 0.2246 0.2301 1556 -21.01 2.402 -28.88 35.8 539.9 0 0 0 0.02187 0.008709 0.01898 0.03024 20.98 8.351 18.2 29
-33.53 26.54 4.582 1.181 -0.07825 -0.02375 -0.2189 0.2337 1557 7.462 -15.32 9.966 19.74 420 0 0 0 0.005241 0.02465 0.0293 0.03865 5.026 23.64 28.1 37.06
-48.57 7.188 4.911 0.8177 -0.0142 -0.02574 -0.2154 0.2174 1558 3.378 10.53 1.185 11.12 277.4 0 0 0 0.004263 0.01721 0.0156 0.02362 4.088 16.51 14.96 22.65
10.44 -9.059 0.7259 0.9318 -0.00702 0.02328 0.1812 0.1828 1559 -14.02 4.079 14.51 20.59 331.1 0 0 0 0.005029 0.01843 0.0105 0.0218 4.823 17.67 10.06 20.9
13.07 8.177 15.8 1.083 -0.1684 -0.003586 0.1411 0.2198 1560 46.84 -17.15 19.74 53.64 485.9 0 0 0 0.03409 0.009069 0.01877 0.03996 32.69 8.696 18 38.32
-2.261 21.14 11.82 1.702 -0.2001 0.04132 0.03822 0.2078 1561 15.4 5.295 10.98 19.64 737.7 0 0 0 0.02413 0.01918 0.01386 0.0338 23.14 18.39 13.29 32.41
30.5 -26.72 4.955 0.6891 -0.01208 0.02414 0.2326 0.2342 1562 -1.897 1.322 -13.84 14.03 260.9 0 0 0 0.03114 0.01199 0.0239 0.04104 29.86 11.5 22.92 39.36
32.83 -13.84 5.426 1.034 -0.01213 0.01906 0.2264 0.2275 1563 -16.38 0.1507 -6.252 17.54 398.9 0 0 0 0.01251 0.008883 0.01422 0.02092 12 8.518 13.64 20.06
-12.73 16.65 5.284 0.9685 -0.1856 -0.04114 -0.05299 0.1973 1564 53.27 -20 -39.21 69.1 352 0 0 0 0.04003 0.03377 0.01069 0.05345 38.39 32.38 10.25 51.26
18.07 -3.521 19.67 1.193 -0.1125 -0.02722 0.1548 0.1933 1565 -11.19 8.582 -15.66 21.07 557.6 0 0 0 0.008165 0.003014 0.01646 0.01862 7.83 2.89 15.78 17.85
25.77 -22.53 5.564 1.001 -0.0215 0.01405 0.1928 0.1945 1566 -3.319 13.14 0.9327 13.59 386.4 0 0 0 0.0102 0.005125 0.01148 0.01619 9.778 4.914 11.01 15.53
21.68 14.14 7.344 0.822 -0.05275 0.008276 0.1875 0.1949 1567 3.247 -11.1 5.36 12.74 326.6 0 0 0 0.004444 0.001567 0.005511 0.007251 4.261 1.503 5.285 6.953
0.1627 -16.48 19.24 1.618 -0.2248 -0.03774 -0.0242 0.2293 1568 19.83 -3.544 18.95 27.65 797.7 0 0 0 0.007255 0.0157 0.005605 0.01818 6.957 15.05 5.375 17.43
31.91 -1.8 10.76 1.807 -0.08711 0.03165 0.1947 0.2156 1569 28.9 -10.49 4.699 31.1 804.4 0 0 0 0.02309 0.0112 0.0208 0.03303 22.14 10.74 19.95 31.68
2.501 -29.1 13.91 0.9782 -0.2305 -0.04141 -0.01175 0.2345 1570 -11.1 13.92 -3.769 18.19 456.6 0 0 0 0.02489 0.02982 0.02364 0.04546 23.86 28.59 22.67 43.6
43.6 -7.117 16.47 0.7498 -0.03422 0.02233 0.2259 0.2296 1571 -27.69 -3.828 -29.98 40.99 344.9 0 0 0 0.02959 0.01126 0.0202 0.03756 28.38 10.79 19.37 36.01
-0.1297 -2.664 12.1 1.038 -0.192 0.01619 0.06867 0.2046 1572 2.012 -23.24 -8.266 24.75 484.4 0 0 0 0.01021 0.008824 0.003241 0.01388 9.789 8.462 3.108 13.31
6.821 -11.18 19.15 1.223 -0.1774 -0.02146 0.07505 0.1938 1573 -6.165 -15.6 1.362 16.83 596.3 0 0 0 0.01022 0.01108 0.01364 0.02033 9.801 10.62 13.08 19.49
8.399 1.708 4.82 0.8566 -0.08118 0.04798 0.208 0.2284 1574 -2.508 2.61 -10.27 10.89 329.2 0 0 0 0.03261 0.03584 0.01774 0.05161 31.27 34.37 17.01 49.49
-11.01 -8.652 12.19 1.649 -0.1949 -0.02049 -0.1314 0.2359 1575 9.323 -3.521 5.692 11.48 772.3 0 0 0 0.009756 0.01555 0.01189 0.02187 9.356 14.91 11.41 20.97
-30 -22.29 9.005 1.062 -0.03746 -0.008316 -0.1779 0.182 1576 -20.87 -17.97 -8.17 28.73 439.4 0 0 0 0.01939 0.004652 0.01891 0.02749 18.6 4.461 18.14 26.36
-20.88 2.165 5.544 0.9739 -0.07257 0.003072 -0.2002 0.2129 1577 -1.557 1.952 1.567 2.948 352.6 0 0 0 0.01102 0.005615 0.0145 0.01906 10.57 5.385 13.91 18.28
-11.83 9.239 19.19 1.493 -0.1988 -0.03763 -0.04656 0.2076 1578 19.76 -17.68 -5.647 27.11 663.7 0 0 0 0.02564 0.004575 0.0166 0.03089 24.59 4.387 15.92 29.62
43.56 -22.8 5.793 0.8632 -0.01722 0.01873 0.2305 0.2319 1579 -1.872 -7.578 -11.96 14.28 323.2 0 0 0 0.03404 0.006873 0.02359 0.04198 32.64 6.591 22.62 40.26
-15.97 -6.908 11.03 0.6954 -0.1848 -0.0001742 -0.1603 0.2447 1580 32.31 -6.812 3.898 33.25 314.4 0 0 0 0.008243 0.009049 0.009601 0.01556 7.904 8.677 9.206 14.92
-27.02 -28.87 13.52 2.03 -0.09651 0.00747 -0.1813 0.2055 1581 3.223 -19.42 -12.45 23.3 928.1 0 0 0 0.02641 0.01009 0.01803 0.03353 25.32 9.676 17.29 32.15
-42.06 -18.52 17.7 1.006 -0.09897 -0.02796 -0.1799 0.2073 1582 15.94 14.64 6.832 22.7 501.5 0 0 0 0.03728 0.0009 0.005265 0.03766 35.75 0.863 5.049 36.12
-26.71 9.036 13.4 2.272 -0.1029 -0.06684 -0.1601 0.2017 1583 9.562 9.877 4.29 14.4 991.9 0 0 0 0.02851 0.009607 0.01098 0.03203 27.34 9.213 10.53 30.71
-24.98 0.1495 19.98 0.9469 -0.1343 -0.02144 -0.1285 0.1871 1584 2.875 -14.78 -1.925 15.18 439.6 0 0 0 0.01154 0.00923 0.005564 0.01579 11.07 8.851 5.336 15.14
-6.947 22.84 13.44 1.497 -0.2092 0.003917 -0.01665 0.2099 1585 1.77 15.43 -5.115 16.35 663.1 0 0 0 0.01014 0.02152 0.008051 0.02511 9.72 20.63 7.72 24.08
36.72 -20.64 11.04 0.8178 -0.05179 0.00406 0.2284 0.2342 1586 -0.5221 -5.649 -5.433 7.855 353.1 0 0 0 0.02275 0.002685 0.0229 0.03239 21.81 2.575 21.96 31.06
9.412 -16.43 14.85 0.8775 -0.1822 -0.02067 0.1117 0.2147 1587 -8.988 5.284 4.75 11.46 423.2 0 0 0 0.007703 0.02062 0.006662 0.023 7.386 19.78 6.388 22.06
18.96 -28.06 1.167 0.4637 0.02792 0.002165 0.2372 0.2388 1588 -37.26 24.16 -2.227 44.46 175.3 0 0 0 0.01409 0.02586 0.04322 0.0523 13.51 24.79 41.44 50.15
36.1 -25.93 19.13 1.152 -0.08078 -0.01687 0.1876 0.205 1589 -12.39 4.792 5.161 14.25 528.8 0 0 0 0.006559 0.007892 0.003836 0.01096 6.289 7.568 3.678 10.51
-2.685 17.67 8.71 1.762 -0.1366 -0.02165 0.02589 0.1408 1590 -5.019 -0.1369 29.47 29.9 718.9 0 0 0 0.01212 0.01764 0.009575 0.02345 11.62 16.92 9.182 22.48
2.858 22.34 17.95 1.374 -0.197 -0.02434 0.09138 0.2185 1591 7.385 -19.33 -2.919 20.89 587.3 0 0 0 0.009847 0.01903 0.02519 0.03307 9.442 18.25 24.15 31.71
-16.67 -28.28 10.68 0.7891 -0.09513 0.007746 -0.188 0.2108 1592 2.052 -16.98 -5.282 17.9 342.3 0 0 0 0.04891 0.01461 0.003921 0.0512 46.9 14.01 3.76 49.09
-29.25 15.08 13.26 1.158 -0.09618 -0.03723 -0.1687 0.1977 1593 -1.957 -6.655 -17.57 18.89 503.5 0 0 0 0.03138 0.006547 0.0122 0.0343 30.1 6.278 11.7 32.9
24.01 16.39 17.58 2.034 -0.1061 0.02677 0.1789 0.2097 1594 3.718 -4.442 5.384 7.908 861.5 0 0 0 0.009823 0.006402 0.008741 0.01462 9.419 6.139 8.382 14.02
41.11 21.94 11.5 1.464 -0.05542 0.02311 0.2158 0.224 1595 -18.33 0.2754 -20.14 27.24 604 0 0 0 0.01465 0.01069 0.0148 0.02341 14.05 10.25 14.19 22.45
-21.32 0.7067 10.06 1.555 -0.09985 -0.07393 -0.1687 0.2095 1596 1.548 21.26 -8.413 22.91 663.8 0 0 0 0.006335 0.02393 0.003179 0.02495 6.075 22.94 3.049 23.93
-0.1208 -28.08 1.204 0.4345 0.04275 -0.05817 -0.172 0.1865 1597 -2.137 10.88 20.3 23.13 164.5 0 0 0 0.01225 0.02732 0.03235 0.04408 11.74 26.2 31.02 42.27
-36.43 14.71 4.272 0.7559 -0.04259 -0.03433 -0.2243 0.2309 1598 13.54 4.132 5.508 15.19 258.1 0 0 0 0.02636 0.01083 0.02778 0.0398 25.27 10.38 26.64 38.16
11.05 -14.1 11.23 0.9235 -0.1755 0.008148 0.1672 0.2426 1599 4.637 -8.052 -2.622 9.654 426.8 0 0 0 0.0009332 0.002461 0.0005164 0.002682 0.8948 2.36 0.4951 2.572
-30.73 -24.64 9.733 0.9511 -0.08075 -0.02731 -0.1984 0.2159 1600 7.884 9.953 1.666 12.81 399.7 0 0 0 0.02647 0.01475 0.02264 0.03782 25.38 14.15 21.71 36.27
17.36 17.3 10.12 1.48 -0.08432 -0.04664 0.1844 0.208 1601 -1.863 25.63 2.219 25.79 620.1 0 0 0 0.007022 0.01338 0.01465 0.02105 6.733 12.83 14.05 20.18
9.199 -22.26 8.972 1.01 -0.1663 0.04448 0.1668 0.2397 1602 -5.664 -27.67 -8.022 29.36 443 0 0 0 0.004922 0.01542 0.005077 0.01696 4.72 14.79 4.868 16.27
-9.259 -23.57 14.31 0.8656 -0.1832 -0.02384 -0.1566 0.2422 1603 10.48 -16.73 -5.072 20.38 416.6 0 0 0 0.004469 0.01698 0.005848 0.01851 4.285 16.28 5.608 17.75
9.981 18.94 16.18 1.4 -0.1442 -0.03211 0.1442 0.2065 1604 -2.139 9.221 -4.868 10.64 599.1 0 0 0 0.02272 0.01414 0.0225 0.03496 21.79 13.56 21.58 33.53
1.652 -3.911 11.04 0.531 -0.17 0.0001751 0.06973 0.1838 1605 0.9741 10.01 15.19 18.22 245.8 0 0 0 0.01494 0.00804 0.02389 0.0293 14.33 7.71 22.91 28.1
3.738 -21.79 12.73 1.175 -0.2212 -0.01463 0.04102 0.2254 1606 -2.595 -1.851 5.325 6.206 554.6 0 0 0 0.02654 0.01316 0.02257 0.03724 25.45 12.62 21.64 35.71
34.59 -21.42 15.19 1.579 -0.05555 0.002293 0.2137 0.2208 1607 -18.59 10.5 -6.635 22.35 725.9 0 0 0 0.02056 0.003644 0.02185 0.03022 19.71 3.494 20.95 28.98
8.65 -21.52 5.142 0.6627 -0.08827 -0.003028 0.07068 0.1131 1608 0.452 0.6642 55.47 55.48 268 0 0 0 0.02704 0.002012 0.02087 0.03422 25.93 1.929 20.02 32.81
13.4 13.93 5.186 0.7625 -0.04002 0.01179 0.2194 0.2233 1609 -10.67 -3.442 -11.08 15.76 283.3 0 0 0 0.003305 0.006936 0.003169 0.008311 3.169 6.651 3.038 7.969
35.45 21.04 12.05 1.042 -0.08711 0.00307 0.1852 0.2047 1610 8.183 13.73 -8.773 18.24 432.7 0 0 0 0.02728 0.003467 0.01091 0.02958 26.16 3.324 10.46 28.37
7.774 -8.835 6.374 1.439 -0.09504 -0.003072 0.1712 0.1958 1611 -7.19 3.001 -23.4 24.66 588.7 0 0 0 0.01958 0.01148 0.01443 0.02689 18.77 11.01 13.84 25.79
-21.1 24.52 11.21 1.519 -0.1733 -0.03227 -0.1598 0.238 1612 9.13 -9.891 -8.025 15.67 645.4 0 0 0 0.001255 0.02773 0.006835 0.02859 1.203 26.59 6.554 27.42
45.69 -5.736 13.27 1.575 -0.03177 0.002099 0.1884 0.1911 1613 -11.05 15.69 -0.3162 19.19 711.6 0 0 0 0.01463 0.005231 0.01639 0.02258 14.03 5.017 15.71 21.66
-13.89 5.587 17.43 2.119 -0.1737 -0.07169 -0.07982 0.2042 1614 -1.524 21.27 -2.939 21.53 953.6 0 0 0 0.01139 0.003651 0.02499 0.0277 10.92 3.501 23.96 26.56
26.74 28.21 10.61 1.146 -0.0778 0.009126 0.1829 0.199 1615 -5.208 15.74 2.459 16.76 454 0 0 0 0.0074 0.008735 0.02527 0.02774 7.096 8.376 24.23 26.6
-0.9717 13.71 16.45 1.318 -0.1804 0.0333 0.07954 0.2 1616 -6.205 -35.11 -14.73 38.58 576.4 0 0 0 0.03356 0.004658 0.005254 0.03429 32.19 4.467 5.038 32.88
17.6 -24.41 17.85 1.283 -0.126 0.01236 0.1408 0.1894 1617 -8.701 -5.148 -0.5008 10.12 609.8 0 0 0 0.01756 0.004739 0.01228 0.02195 16.84 4.545 11.77 21.04
-43.06 -3.277 13.41 1.078 -0.0784 -0.007582 -0.1695 0.1869 1618 14.3 -9.529 -29.28 33.95 489.1 0 0 0 0.0263 0.006172 0.03396 0.0434 25.22 5.918 32.57 41.62
-43.47 17.01 7.397 1.215 -0.0567 -0.02011 -0.22 0.228 1619 4.324 8.488 2.332 9.807 459.8 0 0 0 0.0263 0.004118 0.02335 0.03541 25.22 3.949 22.39 33.95
47.26 -26.69 11.48 1.153 -0.02249 0.006179 0.1841 0.1856 1620 -18.5 -5.908 -3.698 19.77 484.3 0 0 0 0.02383 0.001566 0.01137 0.02645 22.85 1.501 10.9 25.36
27.02 29.9 14.6 1.087 -0.09689 -0.0009519 0.1572 0.1846 1621 -15.19 33.11 15.41 39.56 436.6 0 0 0 0.03551 0.03125 0.01159 0.0487 34.05 29.96 11.11 46.7
39.08 -22.36 17.14 0.7691 -0.04019 0.006912 0.1987 0.2028 1622 -23.84 -4.915 -10.76 26.61 357.3 0 0 0 0.0301 0.009358 0.02286 0.03893 28.86 8.973 21.92 37.34
2.52 -15.63 5.46 1.565 -0.1279 -0.1084 0.05691 0.177 1623 -3.799 14.5 28.09 31.84 626 0 0 0 0.00588 0.01679 0.02506 0.03073 5.638 16.1 24.03 29.47
-16.06 25.58 7.824 1.235 -0.1467 0.03744 -0.13 0.1996 1624 -27.4 -10.19 2.843 29.37 495.7 0 0 0 0.01136 0.004034 0.006425 0.01366 10.89 3.869 6.161 13.1
-34.29 6.652 6.771 0.843 -0.03738 -0.01449 -0.2005 0.2045 1625 2.922 -14.15 -3.52 14.87 305.8 0 0 0 0.006159 0.02174 0.004514 0.02304 5.906 20.84 4.328 22.09
-27.14 10.02 0.8041 0.5299 0.0102 -0.05788 -0.2583 0.2649 1626 -23.82 12.8 35.41 44.56 166.7 0 0 0 0.01421 0.01516 0.01693 0.0268 13.62 14.53 16.23 25.7
-23.67 -23.18 5.771 0.6323 -0.002216 -0.03483 -0.1744 0.1778 1627 -20.03 9.344 -13.72 26.02 242.6 0 0 0 0.009906 0.02132 0.006076 0.02428 9.499 20.44 5.826 23.28
-5.264 29.29 19.78 1.609 -0.2065 -0.04116 0.0003166 0.2105 1628 -12.34 5.162 0.2419 13.38 691 0 0 0 0.0169 0.004858 0.007187 0.01899 16.2 4.659 6.892 18.21
22.18 18.17 6.076 0.8794 -0.01505 0.01699 0.2133 0.2145 1629 -35.38 -20.14 -22.77 46.65 332.4 0 0 0 0.005767 0.006313 0.01488 0.01716 5.53 6.054 14.26 16.45
-45.84 -9.55 14.39 1.308 -0.06446 -0.0005437 -0.1844 0.1953 1630 7.913 -13.73 -8.615 18.03 616.1 0 0 0 0.01224 0.009257 0.006873 0.01681 11.73 8.877 6.59 16.12
-15.6 26.33 16.94 1.239 -0.2326 -0.06976 -0.1061 0.265 1631 18.73 25.26 4.939 31.83 533.5 0 0 0 0.01696 0.03085 0.01975 0.04036 16.26 29.58 18.94 38.7
-49.58 -11.05 6.13 1.065 -0.06217 -0.02909 -0.2169 0.2275 1632 30.5 19.12 20.96 41.66 389.1 0 0 0 0.04195 0.01257 0.04059 0.05971 40.23 12.06 38.92 57.26
-9.544 9.396 15.68 1.173 -0.1999 -0.003264 -0.03212 0.2025 1633 4.382 3.595 -13.89 15.01 521.7 0 0 0 0.009415 0.007146 0.002522 0.01209 9.028 6.853 2.418 11.59
-36.12 -6.809 15.26 1.41 -0.1014 -0.002175 -0.2147 0.2374 1634 5.889 -0.6664 5.556 8.124 667.8 0 0 0 0.01662 0.005419 0.01822 0.02525 15.93 5.196 17.47 24.21
21.14 -30.2 13.7 1.586 -0.08154 0.03315 0.1541 0.1774 1635 -28 -0.1273 17.18 32.85 719.1 0 0 0 0.02273 0.027 0.04118 0.05423 21.8 25.89 39.48 52
-24.2 -7.456 10.48 1.782 -0.08476 -0.04698 -0.1802 0.2046 1636 0.5709 -7.797 0.01963 7.818 784.3 0 0 0 0.005733 0.03601 0.01123 0.03815 5.497 34.53 10.77 36.58
-29.67 -17.8 10.97 1.046 -0.08134 -0.0582 -0.1675 0.1951 1637 16.62 30.96 -8.924 36.26 459.2 0 0 0 0.01101 0.03406 0.02853 0.04577 10.56 32.66 27.36 43.89
-43.75 -16.52 12.98 1.199 -0.05024 -0.01982 -0.1817 0.1895 1638 -12.4 4.094 -0.6377 13.08 550.4 0 0 0 0.02175 0.003933 0.01672 0.02771 20.85 3.771 16.03 26.57
-4.181 2.283 4.751 1.381 -0.1139 -0.1241 0.06125 0.1793 1639 -3.531 3.805 -17.16 17.93 518.4 0 0 0 0.02881 0.007497 0.02518 0.03899 27.63 7.189 24.15 37.39
14.76 2.571 2.151 1.411 -0.02293 0.0293 0.2043 0.2077 1640 -8.557 -4.429 9.278 13.38 492.7 0 0 0 0.00854 0.02316 0.003666 0.02495 8.189 22.21 3.516 23.93
-38.02 3.978 10.56 1.125 -0.05574 -0.005511 -0.2091 0.2165 1641 -1.418 -5.044 1.602 5.479 461.4 0 0 0 0.01304 0.005342 0.01483 0.02046 12.5 5.123 14.23 19.62
-14.82 -11.16 8.855 1.135 -0.1353 -0.01521 -0.1888 0.2327 1642 6.689 -4.65 0.6648 8.174 488.2 0 0 0 0.03257 0.005101 0.03465 0.04783 31.24 4.891 33.23 45.86
-10.32 -24.06 4.58 0.926 -0.09243 -0.01536 -0.2514 0.2683 1643 14.82 -8.491 -2.301 17.24 360.6 0 0 0 0.005037 0.01385 0.001645 0.01483 4.83 13.28 1.577 14.22
14.08 0.6539 13.21 0.9312 -0.1028 -0.02 0.1933 0.2198 1644 -13.71 12.13 -26.01 31.81 432.4 0 0 0 0.02178 0.01608 0.03361 0.04316 20.88 15.42 32.23 41.39
-4.559 24.67 7.7 1.367 -0.1678 -0.04908 0.02731 0.177 1645 3.387 4.997 18.13 19.11 554.7 0 0 0 0.02267 0.02005 0.03042 0.04291 21.73 19.23 29.17 41.14
3.805 17.03 7.033 1.519 -0.08067 0.0471 0.1349 0.1641 1646 -27.33 -3.394 11.39 29.8 590.4 0 0 0 0.02944 0.004817 0.02885 0.0415 28.23 4.619 27.67 39.79
20.84 13.81 9.146 0.7495 -0.03158 -0.003294 0.2298 0.232 1647 -28.52 -12.98 -38.67 49.77 313 0 0 0 0.008626 0.01348 0.00673 0.01736 8.272 12.92 6.454 16.65
-46.96 -16.06 18.44 1.049 -0.05224 -0.02149 -0.1656 0.175 1648 -27.11 7.744 -0.4913 28.2 523.3 0 0 0 0.03062 0.008282 0.01615 0.03559 29.36 7.942 15.48 34.13
0.4673 6.726 15.99 1.064 -0.1836 -0.0176 0.08749 0.2042 1649 -8.109 11.67 -8.359 16.49 478.2 0 0 0 0.002892 0.01217 0.02686 0.02963 2.773 11.67 25.75 28.41
24.47 29.67 3.611 0.7088 -0.003115 -0.05315 0.1978 0.2049 1650 -38.24 30.89 -15.51 51.55 243.4 0 0 0 0.0314 0.02377 0.03054 0.04984 30.11 22.79 29.28 47.79
38.04 23.12 16.76 0.4939 -0.08941 0.04666 0.1449 0.1766 1651 -2.776 3.948 5.337 7.196 198.9 0 0 0 0.01073 0.009669 0.003085 0.01477 10.29 9.272 2.958 14.16
-25.19 0.2624 15.49 1.428 -0.1178 -0.05869 -0.1382 0.1909 1652 10.33 -1.583 -13.43 17.02 657.3 0 0 0 0.0272 0.03471 0.02048 0.04862 26.09 33.28 19.64 46.62
30.41 13.05 13.8 1.213 -0.08201 0.008037 0.2089 0.2246 1653 1.651 11.51 -14.54 18.61 535.4 0 0 0 0.004243 0.01058 0.02796 0.03019 4.069 10.14 26.81 28.95
11.87 11.32 4.845 0.5292 -0.07146 0.000623 0.1931 0.2059 1654 18.03 25.26 13.05 33.67 196.3 0 0 0 0.003366 0.01119 0.007262 0.01375 3.227 10.73 6.964 13.19
-3.919 -25.47 14.86 0.9894 -0.2297 -0.05134 -0.1031 0.257 1655 6.21 9.879 -7.845 14.06 474 0 0 0 0.005778 0.0204 0.006093 0.02206 5.541 19.56 5.843 21.15
-11.17 -26.67 14.49 0.8536 -0.1243 -0.01932 -0.1627 0.2057 1656 -20.2 -15 -6.76 26.05 403.9 0 0 0 0.002418 0.019 0.01835 0.02653 2.319 18.22 17.6 25.44
-8.664 17.69 14.89 1.642 -0.198 0.008341 -0.02626 0.1999 1657 -2.848 8.039 -2.599 8.916 727 0 0 0 0.01924 0.01363 0.01079 0.02593 18.45 13.07 10.35 24.86
-5.445 7.271 10.85 1.022 -0.1899 0.01004 0.00625 0.1902 1658 26.91 -31.17 27.88 49.73 445.6 0 0 0 0.01023 0.0141 0.01281 0.02162 9.806 13.52 12.28 20.73
40.69 -15.14 7.697 0.6889 -0.0167 0.039 0.2029 0.2073 1659 -12.06 -25.51 -4.079 28.51 277.5 0 0 0 0.0235 0.01425 0.01539 0.0315 22.54 13.67 14.75 30.21
-29.3 13.68 3.014 1.215 -0.02583 -0.02519 -0.2219 0.2248 1660 -4.625 -19.83 10.56 22.94 395.1 0 0 0 0.01337 0.0234 0.01367 0.03022 12.82 22.44 13.11 28.98
-10.94 -23.67 2.716 0.7421 -0.02637 -0.04015 -0.263 0.2673 1661 -16.18 26.51 -0.4608 31.06 277.5 0 0 0 0.02151 0.009023 0.02979 0.03784 20.63 8.653 28.56 36.28
0.9491 20.65 3.176 0.7084 -0.07186 -0.04259 0.1553 0.1764 1662 -16.93 3.289 -31.25 35.7 247.2 0 0 0 0.005073 0.03779 0.003981 0.03833 4.865 36.24 3.817 36.76
-41.16 12.67 13.5 1.484 -0.07331 -0.01804 -0.2062 0.2196 1663 -11.96 8.324 9.233 17.25 647.9 0 0 0 0.0127 0.009647 0.008786 0.01821 12.18 9.251 8.425 17.46
31.98 -0.3476 8.501 1.005 -0.04737 0.01878 0.2119 0.218 1664 2.458 2.576 -4.13 5.453 423.4 0 0 0 0.01052 0.006514 0.01369 0.01845 10.09 6.247 13.13 17.7
38.85 16.14 12.45 1.345 -0.02292 0.02919 0.1971 0.2006 1665 -2.088 7.434 0.2499 7.726 579.9 0 0 0 0.009361 0.01045 0.01972 0.0242 8.976 10.02 18.91 23.2
-26.13 -17.79 7.492 0.8653 -0.04547 -0.03055 -0.2031 0.2104 1666 14.35 -10.26 13.92 22.48 346.8 0 0 0 0.02852 0.01549 0.01397 0.03534 27.35 14.85 13.4 33.89
42.02 -4.955 5.206 0.7658 -0.01601 0.03116 0.2143 0.2171 1667 -5.064 12.13 -5.134 14.11 289.8 0 0 0 0.02044 0.02721 0.008268 0.03502 19.6 26.1 7.929 33.58
6.939 16.41 9.084 1.499 -0.1435 0.06996 0.1355 0.2094 1668 19.95 -17.6 18.89 32.63 616.8 0 0 0 0.01285 0.02878 0.01476 0.0348 12.33 27.6 14.16 33.37
-23.19 -14.41 8.866 0.7296 -0.08123 -0.01297 -0.1995 0.2158 1669 6.896 -23.77 15.83 29.38 308.3 0 0 0 0.02749 0.01524 0.01089 0.03327 26.37 14.61 10.44 31.9
4.589 -7.718 5.026 0.6615 -0.08889 -0.009485 0.185 0.2054 1670 2.288 -15.42 -57.7 59.76 259.6 0 0 0 0.02164 0.01339 0.02261 0.03404 20.75 12.84 21.68 32.64
-0.561 -4.139 2.9 0.5336 -0.09664 -0.1277 0.09644 0.1869 1671 0.7215 31.06 -0.428 31.07 194.3 0 0 0 0.008005 0.02741 0.01339 0.03154 7.676 26.29 12.84 30.25
38.77 -0.2642 1.483 0.7155 0.00692 0.04086 0.1847 0.1893 1672 -4.16 5.174 20.66 21.7 249.4 0 0 0 0.006106 0.005365 0.006239 0.01025 5.856 5.145 5.982 9.826
25.47 7.94 13.97 1.676 -0.09593 0.01954 0.2042 0.2265 1673 9.537 -4.658 -5.699 12.05 759.8 0 0 0 0.01267 0.01804 0.02207 0.0312 12.15 17.3 21.17 29.91
20.8 27.98 1.6 0.7996 -0.03645 -0.01636 0.1871 0.1913 1674 2.75 -0.7356 8.433 8.901 266.5 0 0 0 0.009842 0.008964 0.007641 0.01535 9.438 8.596 7.327 14.72
5.035 -5.024 10.27 0.7681 -0.1521 0.02406 0.1709 0.2301 1675 -12.06 -14.39 -44.11 47.94 353.9 0 0 0 0.002553 0.01104 0.007423 0.01355 2.448 10.59 7.118 12.99
32.5 -18.41 10.51 1.212 -0.04229 0.02052 0.2117 0.2168 1676 -3.014 -3.678 5.712 7.432 526.6 0 0 0 0.01996 0.007681 0.01542 0.02637 19.14 7.366 14.79 25.28
-2.837 -6.746 17.3 0.9784 -0.2087 -0.03313 -0.02023 0.2123 1677 -5.573 12.7 18.58 23.18 472.4 0 0 0 0.00761 0.01379 0.02091 0.02618 7.298 13.22 20.05 25.1
-1.649 -0.5209 7.13 0.5929 -0.1103 -0.1118 0.06127 0.1686 1678 2.351 17.91 -2.56 18.24 243.3 0 0 0 0.005029 0.01199 0.007465 0.015 4.823 11.5 7.159 14.38
-35.85 -27.02 5.459 0.6725 -0.05885 -0.01108 -0.2266 0.2344 1679 13.25 -6.367 9.115 17.3 248 0 0 0 0.01713 0.008612 0.01676 0.02547 16.43 8.258 16.07 24.42
-43.47 22.33 18.22 0.8683 -0.1069 0.02923 -0.1981 0.227 1680 16.86 -5.68 9.719 20.27 381.8 0 0 0 0.02045 0.01837 0.01018 0.02932 19.61 17.62 9.763 28.11
-46.72 -14.68 8.355 1.489 -0.05566 -0.0005199 -0.1904 0.1984 1681 12.65 2.852 -3.307 13.38 595.6 0 0 0 0.01985 0.002204 0.02207 0.02976 19.04 2.114 21.16 28.54
-18.31 -6.154 5.939 1.287 -0.0962 -0.003945 -0.1859 0.2094 1682 5.511 -9.136 -14.24 17.8 489.2 0 0 0 0.03746 0.007647 0.01381 0.04065 35.92 7.333 13.24 38.98
29.88 28.58 4.958 1.4 -0.06139 0.03349 0.1517 0.167 1683 1.698 7.058 32.52 33.32 495.2 0 0 0 0.03243 0.005361 0.03053 0.04487 31.1 5.14 29.28 43.02
-20.84 -2.879 13.95 0.9649 -0.1116 -0.06147 -0.1548 0.2005 1684 -6.913 9.834 5.663 13.29 450.4 0 0 0 0.02895 0.006998 0.01461 0.03318 27.76 6.711 14.01 31.81
-24.33 18.92 16.64 2.035 -0.1239 -0.04884 -0.133 0.1882 1685 -14.95 0.59 -14.25 20.66 898.5 0 0 0 0.02527 0.0275 0.01803 0.04147 24.23 26.37 17.29 39.77
-40.43 -23.24 17.57 1.168 -0.08667 -0.01307 -0.1738 0.1947 1686 8.935 -10.61 -6.224 15.2 580.5 0 0 0 0.01075 0.001402 0.004637 0.01179 10.31 1.345 4.447 11.31
20.96 29.88 6.689 1.324 -0.05408 -0.0157 0.1554 0.1653 1687 -6.617 -11.54 29.95 32.77 490.8 0 0 0 0.047 0.04075 0.02775 0.06812 45.07 39.07 26.61 65.32
24.6 -26.68 14.23 1.471 -0.05967 0.0427 0.1679 0.1833 1688 -23.77 -11.74 0.7704 26.52 673.1 0 0 0 0.04851 0.03275 0.009681 0.05932 46.52 31.4 9.283 56.89
25.76 -15.46 11.31 0.771 -0.04646 0.002178 0.2106 0.2157 1689 -15.85 6.933 -23.97 29.56 347.8 0 0 0 0.0198 0.006607 0.003859 0.02122 18.98 6.336 3.7 20.35
-35.71 16.42 14.69 1.67 -0.101 -0.01812 -0.2036 0.228 1690 2.569 9.585 7.496 12.44 737 0 0 0 0.01563 0.005306 0.003482 0.01687 14.99 5.088 3.339 16.18
31.62 11.92 10.43 0.9082 -0.05959 0.02593 0.1962 0.2067 1691 -3.845 -8.146 5.328 10.47 395.6 0 0 0 0.0208 0.008491 0.02037 0.03033 19.95 8.142 19.53 29.08
-43.98 12.75 7.262 0.9694 -0.03577 0.008486 -0.2036 0.2069 1692 -8.935 -13.64 -9.112 18.68 361.4 0 0 0 0.0245 0.01541 0.01899 0.03462 23.49 14.78 18.21 33.19
-28.15 30.2 19.33 1.369 -0.1767 -0.03018 -0.1604 0.2406 1693 9.611 9.39 8.101 15.69 573.6 0 0 0 0.005446 0.0101 0.001992 0.01165 5.222 9.686 1.91 11.17
-14.77 29.89 13.97 2.282 -0.2319 -0.03213 -0.09774 0.2537 1694 10.48 11.58 6.272 16.83 979.9 0 0 0 0.02418 0.005528 0.004706 0.02524 23.18 5.301 4.513 24.21
45.95 7.069 6.871 1.431 -0.001242 0.06018 0.1764 0.1864 1695 -9.754 -16.31 15.53 24.54 578.7 0 0 0 0.01095 0.02065 0.007182 0.02445 10.5 19.8 6.887 23.45
1.009 12.58 11.58 1.41 -0.1792 0.04179 0.1104 0.2146 1696 7.23 -5.7 -1.643 9.353 603.3 0 0 0 0.01159 0.02349 0.03983 0.04767 11.11 22.52 38.2 45.71
-29.22 -10.13 5.966 1.179 -0.05806 -0.05909 -0.1782 0.1965 1697 11.56 6.857 -9.051 16.2 440.8 0 0 0 0.005788 0.008297 0.006704 0.01214 5.55 7.956 6.429 11.64
12.74 21.87 14.4 1.326 -0.1299 -0.02518 0.1645 0.2111 1698 -3.502 -2.417 -10.75 11.56 564.4 0 0 0 0.01539 0.01289 0.01607 0.02572 14.76 12.36 15.41 24.66
2.815 -30.14 2.168 0.5157 -0.03035 -0.02476 -0.07217 0.08211 1699 3.924 -6.63 -33.31 34.19 194.1 0 0 0 0.03723 0.02672 0.03101 0.05533 35.7 25.63 29.74 53.06
10.06 -24.42 7.126 0.5564 -0.1376 0.05019 0.1813 0.2331 1700 -18.4 -6.184 -12.06 22.85 232.1 0 0 0 0.01067 0.02879 0.004714 0.03106 10.23 27.61 4.52 29.78
-18.1 4.502 6.696 1.785 -0.08925 0.001493 -0.1581 0.1816 1701 -26.63 12.46 -21.78 36.59 672.5 0 0 0 0.003776 0.01718 0.0115 0.02102 3.621 16.48 11.03 20.15
-28.03 -14.87 19.86 0.8062 -0.1275 -0.008455 -0.1675 0.2107 1702 -2.516 -6.28 -1.612 6.954 402.1 0 0 0 0.004886 0.00223 0.006476 0.008413 4.685 2.138 6.21 8.068
40.71 -0.1682 12.84 0.9822 -0.02762 0.0332 0.2147 0.219 1703 -16.12 -19.45 -24.66 35.31 443.9 0 0 0 0.01629 0.01039 0.009252 0.02142 15.62 9.96 8.872 20.54
29.49 21.68 11.12 1.057 -0.05668 0.02962 0.226 0.2349 1704 -23.34 -0.08383 -26.53 35.34 431.6 0 0 0 0.02342 0.01447 0.03226 0.04241 22.46 13.87 30.93 40.67
10.09 -14.87 17.09 0.9738 -0.1917 -0.006888 0.1263 0.2297 1705 12.73 -4.711 -17.78 22.37 473.5 0 0 0 0.01531 0.004052 0.01289 0.02043 14.69 3.885 12.36 19.59
-0.06007 -8.66 18.2 1.649 -0.2155 -0.02003 0.03203 0.2187 1706 13.54 -8.198 -12.97 20.46 799.9 0 0 0 0.004329 0.01092 0.009298 0.01498 4.151 10.47 8.916 14.37
-4.764 19.16 18.36 1.207 -0.2316 -0.01914 0.02041 0.2333 1707 29.62 -1.957 -1.939 29.74 526.9 0 0 0 0.005545 0.006222 0.02236 0.02387 5.317 5.966 21.45 22.89
-6.524 -28.87 1.45 0.5911 -0.01226 0.01078 -0.2435 0.2441 1708 0.9104 0.8192 34.52 34.54 226.6 0 0 0 0.006742 0.006035 0.009444 0.01308 6.465 5.787 9.056 12.54
-27.62 -11.71 5.073 1.167 -0.04115 -0.04285 -0.193 0.202 1709 -2.807 -10.8 -3.541 11.71 428.8 0 0 0 0.01025 0.01256 0.0122 0.02029 9.827 12.05 11.7 19.46
45.49 -11.39 15.43 1.481 -0.05737 0.03876 0.1906 0.2028 1710 -1.821 -23.04 -11.28 25.72 679.8 0 0 0 0.01899 0.01276 0.01015 0.02503 18.21 12.23 9.73 24
-42.87 -23.01 15.28 1.395 -0.08122 -0.02676 -0.1808 0.2 1711 17.81 15.78 0.2833 23.8 664 0 0 0 0.01301 0.003403 0.01122 0.01751 12.47 3.263 10.76 16.8
-5.996 21.98 8.467 1.132 -0.1767 -0.0657 0.03372 0.1915 1712 11.22 22.7 -8.707 26.78 466 0 0 0 0.006335 0.001951 0.002177 0.006977 6.075 1.87 2.087 6.691
-49.06 -6.811 13.35 1.506 -0.04738 -0.0003189 -0.1717 0.1781 1713 -11.52 -21.95 -11.67 27.39 690.1 0 0 0 0.02726 0.005724 0.02578 0.03795 26.14 5.489 24.72 36.39
-25.26 11.58 1.135 1.379 -0.02767 -0.04929 -0.2302 0.237 1714 13.42 9.214 1.352 16.33 433.6 0 0 0 0.008497 0.01773 0.02676 0.03321 8.148 17 25.66 31.84
-35.82 5.118 18.55 1.959 -0.112 -0.005734 -0.1776 0.21 1715 6.944 1.645 -11.52 13.55 892.1 0 0 0 0.009533 0.003603 0.005966 0.01181 9.141 3.455 5.721 11.32
10.32 -9.58 10.26 0.9947 -0.1557 0.03734 0.1609 0.2269 1716 0.008489 -20.86 10.12 23.18 453.6 0 0 0 0.004918 0.01005 0.005274 0.01237 4.716 9.638 5.057 11.86
44.5 19.89 5.512 0.948 -0.05074 0.03913 0.1748 0.1862 1717 1.481 8.884 -9.844 13.34 361.3 0 0 0 0.03357 0.03342 0.02279 0.05257 32.19 32.05 21.86 50.41
-7.113 -22.97 6.667 0.636 -0.1058 0.006833 -0.2018 0.2279 1718 -7.131 -12.87 2.78 14.98 262.2 0 0 0 0.01094 0.01298 0.002467 0.01715 10.49 12.45 2.366 16.45
10.26 13.06 13.9 2.139 -0.09116 -0.01516 0.1637 0.188 1719 -29.75 -4.93 -1.54 30.2 935.3 0 0 0 0.01569 0.01096 0.02091 0.02835 15.05 10.51 20.05 27.18
-46.87 -14.36 5.368 0.7057 -0.0516 0.01725 -0.1941 0.2016 1720 7.39 -7.746 7.165 12.88 253.4 0 0 0 0.01935 0.003617 0.01773 0.02649 18.56 3.468 17 25.41
-49.72 17.12 14.21 1.277 -0.04088 -0.01275 -0.183 0.1879 1721 3.162 5.494 -5.451 8.361 560.6 0 0 0 0.008086 0.003733 0.01219 0.0151 7.754 3.579 11.69 14.48
-16.41 13.57 0.6166 0.7689 -0.07088 -0.05791 -0.171 0.1939 1722 34.36 -13.38 4.14 37.1 246.4 0 0 0 0.007907 0.01101 0.007285 0.01539 7.583 10.56 6.986 14.76
-46.32 -18.3 2.869 0.7106 0.02145 -0.01507 -0.1671 0.1692 1723 -30.72 15.76 -31.4 46.67 238.5 0 0 0 0.008823 0.0268 0.01433 0.03164 8.461 25.7 13.74 30.34
-43.66 2.266 12.52 1.739 -0.05139 -0.01719 -0.2033 0.2104 1724 -10.48 -6.337 0.6823 12.27 750.7 0 0 0 0.01226 0.01691 0.006925 0.022 11.76 16.21 6.64 21.1
-0.2856 -23.17 18.27 1.64 -0.2101 -0.04145 -0.02782 0.216 1725 -10.53 9.408 -9.023 16.76 804.8 0 0 0 0.01567 0.003406 0.01685 0.02326 15.03 3.266 16.15 22.31
-6.766 -20.86 6.651 1.023 -0.1134 0.01037 -0.1729 0.207 1726 -11.52 -13.06 -10.7 20.44 422 0 0 0 0.0243 0.01127 0.02449 0.03629 23.3 10.81 23.48 34.8
-28.39 -26.17 3.027 0.6087 -0.01445 -0.0208 -0.1838 0.1855 1727 -5.262 4.845 -0.7064 7.188 216.8 0 0 0 0.009981 0.006776 0.02013 0.02347 9.571 6.498 19.3 22.5
1.368 -0.7809 11.99 1.192 -0.1799 -0.0195 0.09024 0.2022 1728 -6.396 19.99 2.053 21.09 550.9 0 0 0 0.02159 0.01699 0.03184 0.04206 20.7 16.29 30.54 40.33
3.142 1.105 10.28 0.8649 -0.1512 0.008415 0.1312 0.2004 1729 -5.853 4.505 1.298 7.499 390.9 0 0 0 0.04335 0.01814 0.004697 0.04723 41.57 17.39 4.504 45.29
-26.73 11.35 17.5 1.373 -0.1154 -0.03633 -0.1481 0.1912 1730 -5.881 -4.729 0.4902 7.562 610.7 0 0 0 0.01031 0.007691 0.01395 0.01897 9.887 7.375 13.37 18.19
37.47 -23.58 5.247 0.943 -0.01851 0.01561 0.2302 0.2314 1731 -11.54 4.673 -14.33 18.99 354.5 0 0 0 0.009842 0.009438 0.01421 0.0197 9.438 9.05 13.63 18.89
-2.095 12.74 5.011 1.31 -0.07232 -0.09463 0.09913 0.155 1732 -19.76 -8.383 10.87 24.06 474.5 0 0 0 0.005137 0.01913 0.006441 0.02083 4.926 18.34 6.177 19.97
27.31 4.563 2.549 0.9291 0.0066 0.01214 0.1719 0.1724 1733 -7.457 0.7852 22.29 23.52 329.7 0 0 0 0.00813 0.006407 0.0009629 0.0104 7.796 6.144 0.9234 9.969
-3.538 -14.25 10.11 1.381 -0.2111 0.001525 -0.03758 0.2144 1734 19.13 -30.37 -21.21 41.69 632.9 0 0 0 0.00948 0.0138 0.009409 0.01921 9.091 13.24 9.022 18.42
-45.84 -22.71 16.82 0.947 -0.06231 -0.01778 -0.1674 0.1795 1735 -0.2056 2.211 -1.865 2.9 465.7 0 0 0 0.02183 0.006767 0.01061 0.0252 20.93 6.489 10.18 24.16
35.06 -4.11 4.141 0.9611 -0.02235 0.04586 0.2239 0.2297 1736 7.623 -10.79 -2.709 13.48 353.3 0 0 0 0.01224 0.01314 0.005165 0.01869 11.74 12.6 4.952 17.92
-7.938 -26.17 16.93 1.49 -0.1878 -0.01725 -0.09215 0.2099 1737 15.03 -19.32 -27.48 36.8 722.3 0 0 0 0.02549 0.0176 0.009111 0.03229 24.45 16.88 8.736 30.96
-5.162 -1.902 8.959 1.559 -0.1295 -0.0731 -0.01254 0.1492 1738 0.7979 18.5 2.341 18.67 676.8 0 0 0 0.01128 0.01253 0.004764 0.01751 10.81 12.01 4.568 16.79
-49.52 -6.977 15.11 1.199 -0.05969 -0.03184 -0.2148 0.2252 1739 -5.769 3.101 31.57 32.25 565 0 0 0 0.03034 0.0215 0.01513 0.04014 29.09 20.61 14.51 38.49
-12.16 -18.57 5.459 0.3929 -0.103 0.01259 -0.2283 0.2508 1740 20.76 -32.38 -5.415 38.84 153.7 0 0 0 0.006586 0.01621 0.003304 0.0178 6.315 15.54 3.169 17.07
2.032 -27.59 17.1 1.105 -0.2392 -0.02141 -0.0002799 0.2401 1741 3.455 -13.81 -12.25 18.79 528.6 0 0 0 0.00784 0.01782 0.00416 0.01991 7.518 17.09 3.989 19.09
1.956 20.43 10.93 1.123 -0.1562 0.04442 0.09578 0.1885 1742 -8.308 0.5873 0.2642 8.333 479 0 0 0 0.005016 0.02854 0.004327 0.0293 4.81 27.37 4.149 28.1
30.56 28.14 6.993 1.296 -0.08761 0.06843 0.1761 0.2083 1743 24.03 -22.47 11.38 34.81 481.2 0 0 0 0.009521 0.02665 0.02758 0.03952 9.13 25.56 26.44 37.89
38.52 14.89 4.069 0.6371 -0.01033 0.04044 0.1862 0.1908 1744 -0.7088 -3.47 11.58 12.11 234.3 0 0 0 0.0009266 0.009408 0.009792 0.01361 0.8885 9.022 9.39 13.05
-36.25 -20.29 2.556 0.9069 -0.009619 0.003118 -0.2408 0.241 1745 -3.886 -0.7534 18.02 18.45 309.5 0 0 0 0.01539 0.01597 0.02272 0.03175 14.76 15.32 21.78 30.45
-25.75 -29 19.51 1.08 -0.1189 -0.0003181 -0.1673 0.2052 1746 -4.616 -21.04 -10.01 23.75 522.5 0 0 0 0.002348 0.01002 0.006556 0.0122 2.252 9.608 6.287 11.7
17.84 -2.482 15.16 1.342 -0.09811 -0.01967 0.1658 0.1936 1747 -7.661 -2.528 -3.144 8.658 633.1 0 0 0 0.01232 0.00633 0.02948 0.03257 11.82 6.07 28.27 31.23
9.375 23.6 11.82 1.752 -0.1395 0.007876 0.1334 0.1932 1748 -8.794 8.517 10.55 16.16 739.8 0 0 0 0.004994 0.008289 0.003436 0.01027 4.788 7.949 3.295 9.847
16.98 10.7 15.06 1.382 -0.1018 -0.01006 0.1593 0.1893 1749 6.26 -11.33 7.391 14.9 613.5 0 0 0 0.01832 0.002593 0.02765 0.03327 17.57 2.487 26.52 31.9
22.56 -6.407 13.88 1.21 -0.0894 -0.0101 0.1546 0.1789 1750 9.346 -2.723 13.57 16.7 573.4 0 0 0 0.01399 0.00744 0.01833 0.02423 13.41 7.134 17.58 23.24
32.24 22.64 8.032 1.349 -0.06551 0.01743 0.2097 0.2204 1751 5.853 13.73 -14.2 20.6 521.8 0 0 0 0.03479 0.009519 0.01965 0.04107 33.36 9.128 18.84 39.39
12.25 13.39 3.203 0.6569 -0.03684 0.07275 0.2115 0.2267 1752 0.556 -33.35 -3.613 33.55 230 0 0 0 0.009934 0.03181 0.008872 0.03449 9.526 30.5 8.508 33.07
38.2 27.95 0.08063 0.8714 0.004857 0.06259 0.1749 0.1858 1753 -19.38 -7.556 7.149 22 286.2 0 0 0 0.007054 0.02726 0.007286 0.02908 6.764 26.14 6.987 27.89
14.52 14.52 5.992 0.7866 -0.05344 -0.02421 0.1929 0.2016 1754 -8.557 16.49 0.6788 18.59 298.8 0 0 0 0.01457 0.01948 0.02383 0.03405 13.97 18.68 22.85 32.65
25.15 11.43 9.428 1.698 -0.04469 0.01405 0.1712 0.1775 1755 -2.78 -6.201 23.03 24.01 725 0 0 0 0.03155 0.005331 0.02616 0.04133 30.26 5.112 25.09 39.63
-2.299 8.191 16.05 0.9139 -0.2001 -0.01309 0.03932 0.2043 1756 -2.016 20.15 0.3215 20.25 408.2 0 0 0 0.01347 0.01486 0.009857 0.02235 12.92 14.25 9.452 21.43
-23.94 7.401 13.51 0.8397 -0.1503 -0.05434 -0.1332 0.208 1757 33.65 8.849 -19.16 39.72 369.4 0 0 0 0.008 0.03593 0.03988 0.05428 7.672 34.46 38.25 52.05
15.78 20.61 8.704 0.9778 -0.1094 0.02568 0.1811 0.2131 1758 12.78 -24.27 -0.8144 27.44 391.3 0 0 0 0.009656 0.00475 0.02147 0.02402 9.259 4.555 20.59 23.03
-49.06 3.321 6.463 1.32 -0.04159 0.001365 -0.1933 0.1977 1759 19.38 -17 -16.89 30.82 467.1 0 0 0 0.01136 0.00309 0.005454 0.01298 10.89 2.963 5.23 12.44
-40.04 11.14 3.033 0.8316 -0.01916 -0.001464 -0.2264 0.2272 1760 0.09125 -3.219 4.859 5.83 269.8 0 0 0 0.01377 0.008881 0.01114 0.01982 13.21 8.517 10.68 19
20.32 25.69 17.07 1.232 -0.0908 0.02076 0.1697 0.1936 1761 -17.72 -19.3 -19.8 32.84 506.3 0 0 0 0.003711 0.004893 0.006969 0.009289 3.558 4.692 6.683 8.907
42.02 -27.02 6.007 0.7877 -0.02222 -0.000865 0.2042 0.2054 1762 10.59 3.022 5.953 12.52 293.2 0 0 0 0.02011 0.007571 0.01783 0.02793 19.29 7.26 17.1 26.78
44.34 27.02 8.413 1.505 -0.02536 0.04214 0.1942 0.2003 1763 -1.273 -4.545 -34.29 34.61 579.4 0 0 0 0.01465 0.02495 0.009718 0.03052 14.04 23.93 9.318 29.27
38.39 -27.32 12.77 0.9186 -0.07472 -0.01329 0.1993 0.2133 1764 14.22 5.953 15.96 22.19 398.6 0 0 0 0.02763 0.01 0.01706 0.03398 26.5 9.591 16.36 32.58
4.159 19.01 8.653 0.8839 -0.1277 0.05283 0.1283 0.1885 1765 -11.28 2.685 -3.967 12.26 359.3 0 0 0 0.008492 0.02286 0.01452 0.02838 8.143 21.93 13.92 27.22
-46.68 -25.2 8.739 1.254 -0.04152 0.004482 -0.1913 0.1958 1766 7.21 -15.74 1.961 17.42 502.8 0 0 0 0.01119 0.002719 0.01507 0.01897 10.73 2.607 14.45 18.19
37.24 -29.32 15.09 1.056 -0.1017 -0.03836 0.2171 0.2427 1767 19.41 11.18 -10.56 24.77 468.5 0 0 0 0.01643 0.008411 0.01493 0.02374 15.76 8.065 14.32 22.77
28.97 -9.801 1.28 0.4741 -0.03363 0.03433 0.2169 0.2222 1768 36.19 -12.88 -3.727 38.6 164.7 0 0 0 0.02128 0.02491 0.01471 0.03592 20.41 23.89 14.11 34.44
-43.27 -6.902 10.46 0.5044 -0.08554 0.012 -0.1951 0.2133 1769 19.25 -8.703 0.981 21.15 215 0 0 0 0.005442 0.006024 0.01489 0.01696 5.218 5.776 14.28 16.27
0.1951 -23.27 1.488 0.4099 -0.03914 -0.009584 -0.1309 0.1369 1770 4.739 -9.223 -3.153 10.84 155.2 0 0 0 0.02645 0.01134 0.03019 0.04171 25.37 10.88 28.95 40
30.94 -22.46 7.338 0.8441 -0.004211 0.0102 0.2188 0.2191 1771 -20.94 -6.027 -0.08728 21.79 336.2 0 0 0 0.01862 0.01293 0.01602 0.02776 17.86 12.4 15.37 26.62
4.633 -23.81 1.586 0.5349 -0.05845 -0.002099 0.109 0.1237 1772 4.758 -4.896 -2.203 7.174 203.4 0 0 0 0.02507 0.007795 0.02132 0.03382 24.04 7.475 20.45 32.43
-7.027 8.201 10.94 1.15 -0.1681 -0.02061 0.003374 0.1694 1773 -1.581 11.64 -2.471 12.01 497.7 0 0 0 0.004243 0.007756 0.001152 0.008916 4.069 7.437 1.104 8.549
48.61 -11.22 14.37 0.9977 -0.004183 0.01331 0.2185 0.2189 1774 -23.71 14.49 -21.1 34.89 455.4 0 0 0 0.01923 0.0145 0.04143 0.04793 18.44 13.91 39.73 45.96
30.44 -18.11 12.1 1.114 -0.06651 -0.002197 0.179 0.191 1775 11.11 3.68 23.13 25.92 499.5 0 0 0 0.01639 0.007735 0.01482 0.02341 15.72 7.417 14.21 22.45
25.73 -16.11 1.82 0.9161 0.03567 -0.009629 0.1687 0.1727 1776 -43.87 6.235 24.32 50.54 326.4 0 0 0 0.01154 0.003624 0.0173 0.0211 11.06 3.475 16.59 20.24
37.52 -23.68 6.279 1.139 -0.05243 -0.001493 0.2108 0.2173 1777 18.22 -0.1507 11.11 21.34 434.8 0 0 0 0.003635 0.002544 0.009796 0.01075 3.486 2.44 9.394 10.31
-5.553 20.15 18.59 1.292 -0.2084 -0.02786 0.01782 0.211 1778 1.912 -0.3173 -8.911 9.119 565 0 0 0 0.0043 0.004877 0.006657 0.009305 4.123 4.677 6.383 8.923
-20.84 -5.895 4.523 0.591 -0.06161 -0.01139 -0.2235 0.2321 1779 12.48 -9.989 12.57 20.34 213.3 0 0 0 0.02765 0.005013 0.02473 0.03743 26.52 4.807 23.71 35.89
-42.19 -2.461 1.671 0.4355 -0.02436 -0.003702 -0.2222 0.2236 1780 7.165 -0.955 5.685 9.196 137.1 0 0 0 0.01129 0.01054 0.01927 0.0247 10.83 10.11 18.48 23.68
-45.32 20.55 14.11 1.198 -0.05119 -0.009836 -0.205 0.2115 1781 -0.603 -0.3157 -3.428 3.495 522 0 0 0 0.00468 0.006373 0.01376 0.01587 4.488 6.111 13.19 15.22
7.745 -4.67 7.314 0.9225 -0.09156 0.01322 0.1441 0.1712 1782 -25.94 7.239 32.3 42.06 389 0 0 0 0.04593 0.03578 0.02626 0.06387 44.04 34.31 25.18 61.24
47.57 -24.29 17.41 1.232 -0.02309 -0.02224 0.2973 0.2991 1783 28.55 41.95 -134.6 143.8 565.3 0 0 0 0 0 0 0 0 0 0 0
24.35 22.3 1.678 1.152 -0.02449 0.007327 0.1957 0.1973 1784 3.612 -12.37 -2.032 13.04 384.6 0 0 0 0.006091 0.0003182 0.007092 0.009354 5.841 0.3051 6.801 8.97
26.92 -14.87 7.173 0.9555 -0.02453 -0.01208 0.1892 0.1911 1785 -4.924 35 1.497 35.37 390 0 0 0 0.03391 0.01964 0.01685 0.04265 32.51 18.83 16.15 40.9
38.36 12.08 15.34 1.278 -0.06625 0.02982 0.1701 0.1849 1786 3.947 13.29 -0.2982 13.87 563.8 0 0 0 0.001685 0.01237 0.01171 0.01711 1.616 11.86 11.23 16.41
-27.2 -18.94 10.59 0.8189 -0.05331 -0.06483 -0.1859 0.204 1787 -3.453 19.34 17.26 26.15 358 0 0 0 0.006116 0.01461 0.01646 0.02284 5.865 14.01 15.78 21.91
-4.637 19.54 9.237 1.364 -0.1654 -0.003122 0.07165 0.1803 1788 4.913 -15.49 -32.78 36.59 568.2 0 0 0 0.01897 0.008648 0.02061 0.02932 18.2 8.293 19.76 28.11
-35.38 -2.884 3.314 0.9741 -0.03211 -0.01274 -0.1954 0.1985 1789 21.43 9.053 -20.91 31.28 324.2 0 0 0 0.005666 0.007014 0.008122 0.01214 5.434 6.726 7.789 11.64
-0.3196 -1.401 16.52 1.772 -0.2103 -0.03035 0.04835 0.218 1790 3.593 8.016 -6.634 11.01 834.4 0 0 0 0.003963 0.0169 0.004224 0.01787 3.8 16.21 4.051 17.14
-45.35 -20.04 2.756 0.6146 -0.01767 -0.01664 -0.1934 0.1949 1791 6.156 9.308 -3.624 11.73 206.4 0 0 0 0.01457 0.01021 0.007773 0.01941 13.97 9.788 7.454 18.62
-35.02 24.85 10.29 1.492 -0.08069 -0.03487 -0.2089 0.2267 1792 -13.91 13.58 4.318 19.91 613.6 0 0 0 0.01059 0.00973 0.002071 0.01453 10.16 9.331 1.986 13.94
-12.12 -24.29 4.064 0.5446 -0.02605 -0.02896 -0.252 0.255 1793 -26.9 -1.63 0.7798 26.96 208.6 0 0 0 0.02958 0.01464 0.009021 0.03422 28.37 14.04 8.65 32.82
9.742 19.84 7.966 0.8735 -0.1137 0.03041 0.1794 0.2146 1794 4.792 2.981 -8.974 10.6 346.2 0 0 0 0.02168 0.014 0.01905 0.03208 20.79 13.43 18.26 30.76
-45.96 -4.077 17.74 0.8735 -0.06343 -0.002853 -0.2174 0.2265 1795 -10.36 -4.261 16.89 20.27 418.8 0 0 0 0.02291 0.005121 0.0164 0.02864 21.97 4.911 15.73 27.46
32.78 -15.37 16.13 1.399 -0.08691 0.02041 0.2025 0.2213 1796 1.036 -1.42 -2.008 2.668 654.3 0 0 0 0.02131 0.01737 0.007427 0.02848 20.44 16.66 7.122 27.31
-16.05 29.82 18.85 1.081 -0.1978 -0.03594 -0.08409 0.2179 1797 -13.27 -1.829 -13.41 18.95 454.2 0 0 0 0.02776 0.009132 0.01937 0.03506 26.62 8.757 18.58 33.62
20.95 4.906 1.013 0.8203 0.02644 -0.008968 0.2247 0.2265 1798 -28.42 -5.555 -16.13 33.15 284.5 0 0 0 0.005203 0.005771 0.01378 0.01582 4.989 5.534 13.21 15.17
-46.52 6.869 15.92 1.704 -0.06852 -0.02475 -0.2054 0.218 1799 -3.335 4.886 4.258 7.289 767.1 0 0 0 0.02718 0.01014 0.008212 0.03015 26.07 9.727 7.874 28.91
22.85 -11.97 13.4 1.018 -0.05604 -0.005031 0.1692 0.1783 1800 -27.58 2.956 0.1188 27.74 480.7 0 0 0 0.04937 0.006332 0.0084 0.05048 47.34 6.072 8.055 48.41
37.26 9.828 3.734 0.8175 0.004494 0.03669 0.1841 0.1878 1801 -18.8 -1.613 13.47 23.18 300 0 0 0 0.00947 0.01734 0.01589 0.02536 9.081 16.63 15.24 24.31
-7.591 -12.08 8.043 1.539 -0.1335 -0.04161 -0.1412 0.1987 1802 -11.54 4.573 18.07 21.93 656.1 0 0 0 0.02833 0.01615 0.0341 0.04718 27.16 15.49 32.7 45.24
-4.833 -14.59 1.311 0.9731 -0.05359 -0.0653 -0.1402 0.1637 1803 24.69 -20.05 -5.175 32.23 353.6 0 0 0 0.01818 0.008575 0.01444 0.02475 17.43 8.223 13.84 23.73
16.77 -28.09 10.18 0.767 -0.1278 0.00185 0.2027 0.2396 1804 -0.5815 -4.359 -4.683 6.424 337.3 0 0 0 0.02641 0.004193 0.02855 0.03912 25.33 4.021 27.38 37.51
35.98 6.003 13.02 0.9059 -0.0645 0.03308 0.187 0.2005 1805 4.058 -0.2366 0.2674 4.073 409.4 0 0 0 0.01324 0.0217 0.002542 0.02555 12.7 20.81 2.437 24.5
27.51 -21.31 7.258 0.6551 -0.02374 0.03514 0.1747 0.1798 1806 -8.417 -4.425 13.23 16.29 263.4 0 0 0 0.03885 0.003524 0.0148 0.04172 37.25 3.38 14.2 40.01
11.99 -5.921 19.17 1.344 -0.1449 -0.05488 0.1293 0.2018 1807 -2.958 25.12 -6.932 26.22 639.4 0 0 0 0.009851 0.005938 0.02499 0.02751 9.447 5.694 23.97 26.38
-45.93 -15.89 7.748 0.8358 -0.02894 0.002605 -0.195 0.1971 1808 -6.026 0.4563 -1.49 6.224 327.4 0 0 0 0.02413 0.006519 0.01872 0.03123 23.14 6.252 17.95 29.95
-4.741 -17.14 8.809 0.7588 -0.1904 -0.01915 -0.08504 0.2094 1809 5.516 1.409 -12.85 14.05 334.2 0 0 0 0.02867 0.01457 0.0386 0.05024 27.49 13.97 37.02 48.18
-21.39 -22.43 18.84 1.528 -0.1143 -0.006002 -0.1493 0.1881 1810 -9.504 -17.5 8.349 21.59 760.9 0 0 0 0.003785 0.002601 0.01025 0.01123 3.629 2.494 9.83 10.77
-6.266 11.66 15.27 1.808 -0.1967 -0.006606 0.0003639 0.1969 1811 -5.144 17.45 -11.81 21.69 799 0 0 0 0.01051 0.003245 0.03055 0.03247 10.08 3.111 29.3 31.14
17.35 -7.821 4.056 0.7263 -0.0419 0.01319 0.2093 0.2139 1812 0.8107 -11.92 2.015 12.12 272.8 0 0 0 0.009003 0.005841 0.007674 0.01319 8.634 5.601 7.359 12.65
42.67 -7.684 17.35 1.263 -0.07302 0.03349 0.1951 0.211 1813 -1.01 -10.09 -3.801 10.83 583.7 0 0 0 0.01848 0.01196 0.02298 0.03183 17.72 11.47 22.04 30.52
22.67 -4.251 3.515 0.71 -0.003993 -0.004978 0.1723 0.1725 1814 -15.63 -7.538 21.07 27.3 258.4 0 0 0 0.0142 0.0142 0.01664 0.02608 13.61 13.62 15.95 25
9.724 -4.552 19.59 1.74 -0.1678 -0.02434 0.1048 0.1994 1815 2.812 -8.514 3.786 9.733 827.3 0 0 0 0.01252 0.008781 0.01718 0.023 12.01 8.42 16.47 22.06
19.36 2.606 6.482 0.8505 -0.03249 -0.03078 0.1978 0.2028 1816 -11.93 13.2 -6.37 18.9 342.5 0 0 0 0.009559 0.01969 0.0139 0.02593 9.166 18.88 13.33 24.86
-14 14.96 12.17 1.557 -0.1821 -0.003225 -0.1039 0.2097 1817 2.118 14.11 -5.206 15.19 664.9 0 0 0 0.0252 0.006857 0.02931 0.03926 24.17 6.576 28.11 37.65
29.15 28.22 7.176 0.8572 -0.04227 0.04571 0.2025 0.2118 1818 -25.12 0.186 -14.4 28.96 319.7 0 0 0 0.0156 0.01258 0.01968 0.02808 14.95 12.07 18.87 26.93
28.08 -11.2 0.8294 0.6666 0.0114 -0.02109 0.2237 0.2249 1819 -0.8107 38.28 -17.56 42.13 232.5 0 0 0 0.00964 0.01635 0.002848 0.01919 9.244 15.67 2.731 18.4
-24.37 2.306 5.528 1.65 -0.073 -0.04079 -0.1889 0.2066 1820 10.77 -6.81 -0.651 12.76 590.8 0 0 0 0.01401 0.02428 0.01006 0.02978 13.43 23.28 9.651 28.56
-44.05 2.133 14.03 1.057 -0.0759 -0.03931 -0.1943 0.2123 1821 -0.5528 28.89 3.242 29.08 472.6 0 0 0 0.01904 0.007629 0.01664 0.02641 18.26 7.315 15.95 25.33
-44.54 -10.44 1.062 0.8322 0.03579 -0.002829 -0.2166 0.2195 1822 -35.6 0.885 9.475 36.85 266.5 0 0 0 0.01254 0.01426 0.008104 0.02065 12.03 13.67 7.771 19.8
24.41 0.8985 4.507 0.7046 -0.005633 0.001326 0.1693 0.1694 1823 -13.91 -14.72 21.72 29.7 265.3 0 0 0 0.01147 0.004867 0.01105 0.01665 11 4.667 10.59 15.97
20.44 -12.41 18.7 1.534 -0.1061 0.01416 0.1732 0.2036 1824 -15.75 -8.317 -22.03 28.33 734.3 0 0 0 0.005309 0.009597 0.009297 0.01438 5.091 9.202 8.915 13.79
-35.84 -0.1926 13.3 0.9731 -0.09368 -0.007841 -0.2094 0.2295 1825 9.175 6.471 5.264 12.4 436.1 0 0 0 0.007464 0.004492 0.03387 0.03497 7.157 4.308 32.48 33.54
-20.93 25.74 19.89 1.025 -0.197 -0.02547 -0.114 0.2291 1826 14.83 -17.75 4.29 23.52 439.1 0 0 0 0.001511 0.00865 0.02046 0.02226 1.449 8.295 19.62 21.35
-2.904 23.24 12.84 1.539 -0.2065 0.04016 0.0294 0.2124 1827 0.73 -9.334 4.395 10.34 673.3 0 0 0 0.0269 0.005368 0.02582 0.03768 25.8 5.147 24.76 36.13
42.57 19.85 11.09 0.7211 -0.03252 0.03914 0.1923 0.1989 1828 -25.6 19.14 -15.18 35.39 301.3 0 0 0 0.01618 0.04576 0.00847 0.04927 15.52 43.88 8.122 47.25
-17.49 21.56 11.05 1.278 -0.1849 -0.009081 -0.1252 0.2234 1829 16.12 6.604 -16.85 24.24 547.4 0 0 0 0.01174 0.002122 0.004257 0.01267 11.26 2.035 4.082 12.15
-10.85 6.595 20.01 3.777 -0.1869 -0.0567 -0.05051 0.2017 1830 3.822 1.181 0.8011 4.08 1692 0 0 0 0.0163 0.01254 0.009984 0.02286 15.63 12.03 9.573 21.93
3.531 -19.88 4.363 0.547 -0.08601 -0.06209 0.09008 0.1392 1831 -20.98 -20.15 -23.8 37.58 216.9 0 0 0 0.01916 0.009764 0.01857 0.02841 18.37 9.363 17.81 27.25
3.194 -22.52 10.26 1.132 -0.2086 0.02471 0.03755 0.2134 1832 -2.561 -20.47 -23.07 30.95 511.6 0 0 0 0.02556 0.01374 0.01322 0.03189 24.51 13.17 12.68 30.58
-8.492 30.45 15.99 0.8819 -0.2393 -0.01204 -0.02279 0.2406 1833 -0.06579 -10.77 -5.147 11.94 379.5 0 0 0 0.01574 0.02505 0.008607 0.03081 15.09 24.02 8.253 29.54
-43.06 26.57 9.994 0.8617 -0.09986 0.01629 -0.1643 0.193 1834 24.06 -2.032 -31.66 39.82 340.7 0 0 0 0.01892 0.02339 0.02716 0.04053 18.14 22.42 26.04 38.86
42.36 -14.27 11.3 0.8655 -0.05218 -0.005161 0.1765 0.1841 1835 3.591 4.87 17.11 18.14 376.6 0 0 0 0.01048 0.008205 0.008341 0.01571 10.05 7.868 7.998 15.06
-40.09 -14.67 18.25 1.225 -0.09905 -0.03789 -0.1957 0.2226 1836 7.508 10.1 10.03 16.09 610.6 0 0 0 0.01763 0.0123 0.01594 0.02676 16.91 11.8 15.28 25.66
-41.65 -20.39 6.213 5.047 -0.03812 -0.007532 -0.2067 0.2103 1837 0.7762 4.484 3.596 5.8 1895 0 0 0 0.009527 0.0008638 0.01096 0.01455 9.136 0.8283 10.51 13.95
26.08 -25.62 12.21 1.128 -0.07651 0.01326 0.1779 0.1941 1838 11.63 16.46 3.923 20.53 502.1 0 0 0 0.01166 0.005188 0.01957 0.02336 11.18 4.975 18.76 22.4
-44.58 6.308 17.85 1.495 -0.06625 -0.02814 -0.1984 0.211 1839 -19.62 3.237 8.729 21.72 685.4 0 0 0 0.0358 0.01245 0.009526 0.03908 34.33 11.94 9.135 37.47
22.4 1.1 5.937 0.8612 -0.04851 -0.01318 0.1962 0.2026 1840 14.8 -2.12 0.3003 14.95 339.3 0 0 0 0.01141 0.01792 0.01188 0.02434 10.94 17.18 11.39 23.34
-31.59 -8.1 2.531 0.9724 -0.0292 -0.04721 -0.1876 0.1957 1841 14.81 5.454 0.4187 15.79 323.8 0 0 0 0.00368 0.007729 0.006255 0.0106 3.529 7.411 5.998 10.17
11.75 -12.74 5.762 0.7946 -0.1031 0.02512 0.2113 0.2365 1842 -5.581 0.1846 -0.2645 5.591 317.9 0 0 0 0.01806 0.00868 0.01479 0.0249 17.32 8.324 14.18 23.88
0.7001 -25.03 1.212 0.5049 -0.01282 0.005765 -0.1676 0.1682 1843 4.667 -11.74 14.89 19.53 191.1 0 0 0 0.006285 0.005141 0.01614 0.01807 6.027 4.93 15.48 17.32
-3.38 13.87 0.287 1.046 0.01255 -0.09931 0.1704 0.1976 1844 -13.68 16.46 -13.62 25.37 347.1 0 0 0 0.01578 0.0131 0.004155 0.02092 15.13 12.56 3.984 20.06
2.739 -22.1 3.962 0.5087 -0.1294 -0.06609 0.03758 0.1501 1845 -5.027 -23.26 -5.745 24.48 201.7 0 0 0 0.01656 0.01989 0.01218 0.0286 15.88 19.07 11.68 27.43
26.21 24.18 8.977 1.781 -0.05174 0.0111 0.1747 0.1826 1846 -3.069 -2.264 -1.63 4.147 699.7 0 0 0 0.04321 0.005154 0.02519 0.05028 41.44 4.942 24.15 48.22
32.31 -25.39 9.541 1.094 -0.04333 -0.00856 0.2245 0.2288 1847 0.3396 6.507 -2.557 6.999 455.7 0 0 0 0.02131 0.00594 0.02062 0.03024 20.44 5.696 19.77 29
33.65 12.7 17.11 1.785 -0.08655 0.05466 0.1874 0.2135 1848 7.882 -4.811 -1.557 9.364 771.3 0 0 0 0.004631 0.003741 0.009676 0.01136 4.441 3.587 9.278 10.89
-43.08 -14.88 16.81 1.548 -0.07253 -0.01231 -0.1847 0.1988 1849 -7.245 3.457 5.939 9.985 758.7 0 0 0 0.01639 0.008036 0.01239 0.02207 15.72 7.706 11.88 21.16
-34.39 -3.662 15.24 0.892 -0.1151 0.005458 -0.1811 0.2146 1850 10.18 -1.787 -8.714 13.52 418.6 0 0 0 0.01972 0.01075 0.02262 0.03188 18.91 10.31 21.69 30.57
-2.33 29.65 3.111 0.8923 -0.1583 -0.03397 0.06651 0.175 1851 16.09 -6.471 24.17 29.75 339.4 0 0 0 0.03525 0.03005 0.0338 0.05734 33.8 28.81 32.41 54.98
-2.64 -15.51 19.47 1.335 -0.2011 -0.06904 -0.03312 0.2151 1852 4.325 25.48 2.289 25.95 659.7 0 0 0 0.02385 0.00622 0.01402 0.02836 22.87 5.965 13.45 27.19
41.97 14.93 17.93 1.472 -0.0684 0.05353 0.1632 0.1849 1853 15.63 -20.12 4.13 25.81 626.8 0 0 0 0.0225 0.03231 0.02161 0.04492 21.58 30.99 20.72 43.07
7.496 -22.25 4.424 0.5199 -0.07866 -0.04138 0.09512 0.1302 1854 14.98 -14.04 11.58 23.57 208.3 0 0 0 0.004856 0.0394 0.005239 0.04004 4.657 37.78 5.023 38.39
41.73 -3.113 7.163 0.6119 -0.0304 0.04839 0.2036 0.2115 1855 -0.2165 -7.566 2.177 7.876 245.6 0 0 0 0.01933 0.02111 0.01842 0.03404 18.54 20.24 17.66 32.64
-35.79 14.85 13.5 1.304 -0.102 -0.009817 -0.2087 0.2325 1856 10.42 1.644 12.19 16.13 569.2 0 0 0 0.03091 0.01268 0.0102 0.03493 29.64 12.16 9.779 33.49
4.721 27.51 2.484 0.789 -0.06546 0.03636 0.1563 0.1733 1857 -26.44 -18.62 -27.46 42.42 286.3 0 0 0 0.01807 0.004757 0.023 0.02963 17.33 4.562 22.05 28.41
-14.67 -8.995 11.14 0.9103 -0.1734 -0.00866 -0.1697 0.2428 1858 23.48 -14.43 -5.131 28.04 415 0 0 0 0.009915 0.008397 0.00127 0.01306 9.508 8.052 1.218 12.52
-49.05 -24.64 10.54 0.5203 -0.0267 0.006673 -0.1741 0.1763 1859 -3.377 -9.452 -15 18.05 219.1 0 0 0 0.007633 0.004874 0.01925 0.02128 7.319 4.674 18.46 20.4
-9.408 23.67 16.07 1.26 -0.2237 -0.003294 -0.04355 0.2279 1860 5.494 -13.59 2.142 14.81 553.7 0 0 0 0.00186 0.003251 0.007722 0.008583 1.784 3.118 7.405 8.23
16.7 -13.76 0.3921 0.3843 0.025 0.03736 0.2389 0.2431 1861 -40.4 3.16 -6.753 41.08 137.9 0 0 0 0.02938 0.04285 0.02767 0.05886 28.17 41.09 26.54 56.44
-2.32 -26.66 3.259 0.7781 -0.04436 -0.05333 -0.1573 0.1719 1862 10.32 -6.759 -4.508 13.13 301.4 0 0 0 0.01922 0.002783 0.01759 0.0262 18.43 2.669 16.87 25.12
19.66 -14.97 2.66 0.7761 -0.02346 -0.0002039 0.2058 0.2071 1863 -12.53 26.79 5.585 30.1 284.2 0 0 0 0.01409 0.0236 0.01335 0.03056 13.51 22.63 12.8 29.3
-17.4 26.04 15.38 1.278 -0.2025 -0.06425 -0.1314 0.2498 1864 -2.525 21.16 3.149 21.54 554.5 0 0 0 0.01755 0.009504 0.01943 0.02785 16.83 9.113 18.63 26.71
0.4154 7.093 7.539 1.26 -0.114 -0.02561 0.1049 0.157 1865 -3.841 0.4807 7.068 8.059 511.1 0 0 0 0.01741 0.007131 0.0167 0.02516 16.7 6.838 16.01 24.12
12.77 27.04 8.564 2.3 -0.1203 0.005158 0.1709 0.209 1866 4.979 3.129 0.8096 5.936 910.7 0 0 0 0.007293 0.001766 0.00626 0.009772 6.993 1.694 6.003 9.371
13.17 -28.45 7.499 0.8919 -0.1257 0.04364 0.2239 0.2604 1867 -9.367 -29.75 -4.594 31.53 367.9 0 0 0 0.02004 0.00169 0.01382 0.0244 19.22 1.62 13.25 23.4
5.581 -23.03 13.49 1.814 -0.2238 -0.004776 0.05558 0.2307 1868 -16.11 -7.852 13.93 22.7 860.6 0 0 0 0.004768 0.002346 0.00553 0.00767 4.572 2.25 5.303 7.355
11.88 4.765 5.86 0.7817 -0.05842 0.03825 0.226 0.2366 1869 -21.11 -8.626 -22.45 31.99 308.8 0 0 0 0.0215 0.01663 0.03622 0.04529 20.62 15.95 34.73 43.43
17.16 15.86 6.401 0.7322 -0.1017 0.001535 0.1741 0.2016 1870 44.05 -9.242 21.14 49.72 280.4 0 0 0 0.0311 0.009803 0.02349 0.04019 29.82 9.4 22.52 38.54
18.56 -7.224 7.534 0.952 -0.05971 -0.001224 0.1928 0.2018 1871 -6.519 -3.264 1.699 7.486 394.3 0 0 0 0.01457 0.002759 0.01539 0.02137 13.97 2.646 14.76 20.49
-35.97 -17.78 19.01 1.076 -0.1075 -0.03317 -0.2032 0.2323 1872 7.335 12.53 17.65 22.85 538.7 0 0 0 0.01511 0.01408 0.01191 0.02384 14.49 13.5 11.42 22.86
-8.92 20.02 9.529 1.243 -0.1726 -0.03849 -0.02423 0.1785 1873 3.512 9.888 2.06 10.69 521.2 0 0 0 0.002281 0.0207 0.00556 0.02156 2.187 19.85 5.332 20.67
-16.9 -14.75 1.835 0.9008 -0.03216 -0.003815 -0.257 0.259 1874 -0.694 4.242 21.29 21.72 313.8 0 0 0 0.01823 0.003531 0.01864 0.02631 17.48 3.386 17.88 25.23
-19.52 5.408 13.31 0.8456 -0.1349 -0.06164 -0.1351 0.2006 1875 -2.257 5.771 -0.8017 6.249 375.1 0 0 0 0.03945 0.03242 0.04277 0.06661 37.83 31.09 41.01 63.87
22.34 19.25 12.67 1.267 -0.0751 0.01282 0.1715 0.1877 1876 -4.295 -26.5 -1.282 26.88 533.9 0 0 0 0.01412 0.01323 0.009959 0.02177 13.54 12.69 9.55 20.87
-45.6 -16.21 3.125 0.5597 -0.03319 0.0134 -0.2042 0.2073 1877 12.36 -7.445 7.222 16.13 188.4 0 0 0 0.01864 0.008329 0.01061 0.02301 17.87 7.987 10.18 22.06
28.27 -0.5733 3.728 0.6734 -0.0004938 0.006079 0.1834 0.1835 1878 -14.04 3.357 9.237 17.13 246.4 0 0 0 0.00392 0.003617 0.005259 0.007491 3.759 3.469 5.043 7.183
-19.54 17.47 3.623 1.201 -0.1246 0.03029 -0.1918 0.2307 1879 39.1 -9.584 -16.27 43.42 413.6 0 0 0 0.003799 0.005415 0.03352 0.03416 3.643 5.192 32.14 32.76
-7.63 -19.06 7.789 0.7622 -0.1643 -0.02061 -0.172 0.2388 1880 13.83 5.921 -20.26 25.23 324.2 0 0 0 0.02343 0.0137 0.02292 0.03553 22.47 13.14 21.98 34.07
9.28 25.17 1.198 0.7957 -0.04996 0.05578 0.1973 0.2111 1881 -10 3.709 -18.05 20.97 275.3 0 0 0 0.03577 0.02539 0.01455 0.04621 34.3 24.34 13.95 44.31
-4.989 11.48 7.702 1.791 -0.1385 -0.0945 0.03784 0.1719 1882 8.864 9.537 2.843 13.33 703.9 0 0 0 0.02034 0.009539 0.01399 0.02647 19.5 9.147 13.42 25.38
-7.616 26.68 13.08 1.679 -0.2251 0.02186 -0.03138 0.2283 1883 7.51 -6.976 2.412 10.53 733.8 0 0 0 0.01215 0.02603 0.006481 0.02944 11.65 24.96 6.214 28.24
28.77 11.37 13.23 0.6498 -0.07381 0.01845 0.19 0.2047 1884 -11 11.78 5.546 17.04 288.1 0 0 0 0.0211 0.01907 0.02392 0.03716 20.24 18.29 22.93 35.64
-23.4 -18.76 0.9866 1.045 -0.006906 -0.02159 -0.2192 0.2204 1885 14.89 1.027 10.1 18.02 362 0 0 0 0.03139 0.001431 0.01855 0.0365 30.11 1.373 17.79 35
2.771 30 6.027 1.019 -0.155 0.06593 0.0992 0.1955 1886 6.458 -18.91 21.05 29.03 392.2 0 0 0 0.005779 0.01079 0.01211 0.01722 5.542 10.35 11.61 16.51
-22.92 2.947 14.87 1.627 -0.1388 -0.0672 -0.1272 0.1999 1887 21.58 9.622 -25.36 34.66 737 0 0 0 0.01439 0.01902 0.0002952 0.02385 13.8 18.24 0.2831 22.87
-46.92 -2.687 17.37 1.116 -0.07339 0.003322 -0.1737 0.1886 1888 -3.331 -24.98 -10.26 27.21 529.4 0 0 0 0.02874 0.003735 0.0254 0.03854 27.56 3.582 24.35 36.95
12.55 4.534 14.45 1.391 -0.1457 -0.004599 0.1537 0.2118 1889 25.18 -9.84 5.908 27.67 639.2 0 0 0 0.007714 0.008464 0.01375 0.01789 7.397 8.116 13.18 17.16
-33.34 -27.74 5.411 0.804 -0.03625 -0.001425 -0.2305 0.2333 1890 -9.287 3.228 6.88 12 296.8 0 0 0 0.02294 0.002599 0.01015 0.02521 21.99 2.492 9.729 24.18
33.81 27.34 1.088 0.3601 -0.007052 0.05879 0.1829 0.1923 1891 -17.62 -8.944 14.21 24.34 117.7 0 0 0 0.02002 0.02153 0.01607 0.03351 19.2 20.64 15.41 32.13
-49.85 -13.34 15.32 1.393 -0.04866 -0.01459 -0.1956 0.202 1892 -3.066 -6.354 5.754 9.104 670.1 0 0 0 0.0104 0.0081 0.006576 0.01473 9.975 7.767 6.306 14.13
-24.97 -26 14.38 1.341 -0.09728 -0.02114 -0.1717 0.1984 1893 0.6229 -3.712 0.1926 3.769 629 0 0 0 0.01594 0.01455 0.01893 0.0287 15.28 13.96 18.15 27.52
37.79 -26.96 10.06 1.287 -0.045 0.0002471 0.22 0.2245 1894 1.761 -5.545 -0.9614 5.897 533.7 0 0 0 0.007999 0.006668 0.008618 0.01352 7.67 6.394 8.264 12.96
21.52 -18.28 5.643 0.7256 -0.07739 -0.009374 0.1934 0.2085 1895 15.61 9.86 5.408 19.24 284.4 0 0 0 0.01608 0.007176 0.0172 0.02462 15.42 6.882 16.5 23.61
29.33 11.62 2.633 0.7658 -0.02468 0.01628 0.1903 0.1925 1896 13.17 16.94 13.95 25.59 270.4 0 0 0 0.01941 0.005885 0.02063 0.02894 18.62 5.643 19.79 27.75
-24.31 -7.889 17.03 1.286 -0.1116 -0.03972 -0.1578 0.1973 1897 -2.02 -1.948 14.56 14.83 619.2 0 0 0 0.0176 0.01611 0.0145 0.02792 16.88 15.45 13.9 26.77
8.981 -28.06 7.64 0.5652 -0.1292 0.02197 0.1375 0.1899 1898 -5.908 -1.133 -4.882 7.747 236 0 0 0 0.03107 0.01351 0.02363 0.04131 29.79 12.96 22.66 39.61
15.54 -24.9 11.58 0.6656 -0.153 0.006292 0.1492 0.2138 1899 19.94 -0.01698 23.89 31.12 301 0 0 0 0.0111 0.01655 0.006822 0.02106 10.64 15.87 6.542 20.2
-35.87 2.374 8.547 1.666 -0.04598 -0.02685 -0.2068 0.2135 1900 -3.25 18.06 -1.851 18.45 647.7 0 0 0 0.007347 0.003726 0.004252 0.00927 7.045 3.573 4.077 8.89
-16.93 -15.73 19.61 0.836 -0.1176 -0.04577 -0.09731 0.1594 1901 -20.31 6.061 -13.24 24.99 412.4 0 0 0 0.02681 0.01608 0.02673 0.04113 25.71 15.42 25.63 39.44
9.062 3.88 18.88 0.6738 -0.182 -0.04181 0.1089 0.2162 1902 22.97 13.83 6.238 27.53 306.2 0 0 0 0.008224 0.01094 0.01028 0.01712 7.886 10.49 9.858 16.42
-9.562 3.699 7.551 1.12 -0.1134 -0.08534 -0.05657 0.1528 1903 -13.64 1.673 15.04 20.37 450.9 0 0 0 0.03003 0.01854 0.03281 0.04819 28.79 17.78 31.46 46.21
-3.454 5.201 12.27 1.217 -0.1972 -0.002639 0.0352 0.2003 1904 11.44 3.56 8.507 14.69 545 0 0 0 0.02905 0.007404 0.01533 0.03367 27.86 7.1 14.7 32.29
44.19 -12.87 8.674 0.91 -0.02331 -0.0004114 0.1885 0.1899 1905 -2.483 -3.118 9.692 10.48 374.9 0 0 0 0.0119 0.002773 0.00872 0.01501 11.41 2.659 8.362 14.39
-33.51 5.313 8.718 0.8667 -0.06298 -0.01255 -0.1977 0.2079 1906 7.252 -5.482 2.239 9.362 336.9 0 0 0 0.01042 0.01081 0.005659 0.01605 9.993 10.37 5.427 15.39
34.41 -22.15 16.09 1.097 -0.1042 -0.006816 0.2243 0.2474 1907 21.99 10.8 -19.2 31.12 508 0 0 0 0.01412 0.006608 0.00525 0.01645 13.54 6.337 5.035 15.78
38.2 4.458 7.782 0.9447 -0.02914 0.04779 0.1997 0.2074 1908 -0.5051 -3.299 0.5571 3.384 390.7 0 0 0 0.003908 0.004877 0.004515 0.00771 3.748 4.676 4.33 7.393
25.55 -27.85 19.38 0.9763 -0.1132 0.01495 0.1587 0.1955 1909 -8.09 3.175 14.72 17.09 449.4 0 0 0 0.01427 0.008395 0.02446 0.02954 13.68 8.05 23.45 28.32
41.29 16.32 17.18 1.449 -0.05073 0.02426 0.1555 0.1653 1910 4.478 17.4 10.52 20.82 614.8 0 0 0 0.02074 0.02787 0.02281 0.04156 19.89 26.73 21.87 39.85
-0.1655 6.247 8.547 1.02 -0.1204 -0.01745 0.1296 0.1778 1911 -19.96 -6.772 -29.07 35.91 428.2 0 0 0 0.02537 0.01165 0.03042 0.04129 24.33 11.17 29.17 39.59
-17.21 -12.4 17.18 1.128 -0.1399 -0.04297 -0.1317 0.1969 1912 5.452 -6.774 -6.959 11.14 550.7 0 0 0 0.01009 0.03762 0.002283 0.03901 9.678 36.07 2.19 37.41
-13.37 23.7 13.47 1.147 -0.2264 -0.006275 -0.1131 0.2532 1913 17.02 -0.6239 17.9 24.71 505.4 0 0 0 0.02913 0.0007248 0.01284 0.03184 27.93 0.695 12.31 30.53
-6.119 -13.23 5.813 0.7477 -0.1071 -0.05356 -0.1032 0.1581 1914 -8.26 0.7428 -7.371 11.1 296.1 0 0 0 0.009913 0.02417 0.01134 0.02848 9.506 23.18 10.88 27.31
8.625 9.181 11.65 1.737 -0.1388 0.02008 0.165 0.2166 1915 11.04 -11.46 -8.88 18.22 762.8 0 0 0 0.01285 0.009547 0.0143 0.02147 12.32 9.155 13.72 20.58
-2.61 -24.99 13.67 0.91 -0.2102 -0.01125 -0.1252 0.2449 1916 -17.38 -17.64 29.01 38.14 432 0 0 0 0.01324 0.01369 0.01342 0.0233 12.7 13.13 12.87 22.34
22.26 -9.356 2.203 0.482 0.001833 -0.01302 0.1724 0.1729 1917 -19.31 -4.796 23.59 30.86 170.7 0 0 0 0.0181 0.005329 0.01829 0.02628 17.36 5.11 17.54 25.2
-12.57 2.906 16.66 0.9839 -0.1943 -0.02758 -0.07003 0.2084 1918 7.173 4.618 -17.35 19.33 448.8 0 0 0 0.01466 0.01537 0.0351 0.04102 14.06 14.74 33.66 39.34
2.942 -3.251 6.411 1.09 -0.07394 -0.02069 0.1158 0.139 1919 -11.03 -16.54 6.409 20.89 443.7 0 0 0 0.0004726 0.01958 0.01574 0.02512 0.4532 18.77 15.09 24.09
31.02 -17.27 9.479 1.118 -0.04644 0.02531 0.2123 0.2188 1920 3.807 -8.811 4.268 10.5 478.6 0 0 0 0.01161 0.006296 0.009924 0.01652 11.13 6.037 9.517 15.84
19.7 19.38 6.078 0.6995 -0.05939 -0.01003 0.2059 0.2145 1921 -5.87 -7.881 -8.689 13.12 262.9 0 0 0 0.001497 0.007012 0.01909 0.0204 1.436 6.724 18.31 19.56
-30.47 -25.3 9.37 0.925 -0.07638 -0.007826 -0.2094 0.223 1922 10.68 -18.96 -2.245 21.88 384.7 0 0 0 0.02836 0.01077 0.0169 0.03472 27.19 10.33 16.2 33.29
-31.93 6.936 2.017 0.7616 0.01012 -0.03818 -0.2327 0.236 1923 -10.05 -1.703 18.06 20.74 238.9 0 0 0 0.01461 0.01273 0.01138 0.02248 14.01 12.21 10.91 21.55
-24.56 -10.08 9.25 0.9646 -0.0883 -0.03595 -0.2055 0.2265 1924 16.17 -7.097 22.1 28.29 410.4 0 0 0 0.0447 0.03577 0.03014 0.0647 42.87 34.3 28.91 62.04
-6.056 -8.234 6.113 1.461 -0.1035 -0.0604 -0.07045 0.139 1925 -12.2 -10.59 -2.605 16.37 580.9 0 0 0 0.002762 0.006801 0.003305 0.00805 2.648 6.521 3.169 7.719
28.12 27.25 15.15 1.379 -0.09196 0.008552 0.1827 0.2048 1926 -4.665 28.26 0.6627 28.65 558.8 0 0 0 0.01546 0.03609 0.01162 0.04094 14.82 34.61 11.14 39.26
-43.34 15.29 10.14 1.438 -0.05765 0.009074 -0.2181 0.2258 1927 -2.834 -10.37 7.393 13.05 587.4 0 0 0 0.004429 0.002175 0.006625 0.008261 4.247 2.086 6.353 7.921
26.33 10.85 19.04 1.757 -0.08658 0.0293 0.1664 0.1898 1928 -23.88 -8.435 15.12 29.5 764.8 0 0 0 0.002536 0.007735 0.007804 0.01128 2.432 7.418 7.483 10.81
-35.9 -24.45 6.845 0.7889 -0.04972 -0.003565 -0.2194 0.225 1929 -3.116 3.716 0.2693 4.857 303.2 0 0 0 0.01918 0.003913 0.01161 0.02276 18.4 3.752 11.14 21.83
9.564 23.3 13.12 1.729 -0.1535 -0.02298 0.1534 0.2182 1930 -0.9189 0.5284 -12.36 12.4 737.2 0 0 0 0.005121 0.0139 0.008997 0.01733 4.911 13.33 8.627 16.62
45.3 -16.79 8.362 1.06 -0.01186 -0.02883 0.1897 0.1923 1931 -14.42 43.26 0.1167 45.6 429.3 0 0 0 0.02267 0.01646 0.02444 0.03717 21.74 15.78 23.44 35.65
-16.18 -16.98 18.97 1.061 -0.141 -0.02461 -0.1303 0.1935 1932 12.55 -19.67 10.19 25.47 524.4 0 0 0 0.009695 0.02747 0.01214 0.03156 9.297 26.34 11.64 30.26
-21.73 -22.24 13.71 1.657 -0.08116 -0.01745 -0.16 0.1802 1933 -2.381 -14.55 2.092 14.89 782.2 0 0 0 0.01531 0.01297 0.0127 0.02375 14.68 12.43 12.18 22.77
38.01 26.74 7.301 1.277 -0.0575 0.07334 0.1668 0.1911 1934 21.16 -25.52 20.19 38.82 481.7 0 0 0 0.01492 0.01947 0.001302 0.02456 14.3 18.67 1.249 23.55
-15.01 -12.42 2.34 1.013 -0.0533 0.008627 -0.2158 0.2224 1935 -10.62 -7.625 -11.93 17.7 356 0 0 0 0.02159 0.008066 0.02461 0.03372 20.71 7.735 23.6 32.34
-28.44 18.4 4.571 1.064 -0.04414 -0.07715 -0.2136 0.2314 1936 -8.191 35.27 0.399 36.21 374.4 0 0 0 0.02337 0.02164 0.02128 0.03831 22.41 20.76 20.4 36.73
-24.86 -24.28 8.622 1.429 -0.06278 -0.03787 -0.1683 0.1836 1937 16.47 12.2 -8.528 22.19 590.5 0 0 0 0.01255 0.01233 0.01097 0.02073 12.04 11.82 10.52 19.88
11.55 -30.59 0.6074 0.3433 0.01225 0.08887 0.1769 0.1984 1938 13.56 -28.03 14.65 34.41 129 0 0 0 0.0281 0.03357 0.02276 0.04934 26.94 32.19 21.83 47.31
35.75 27.11 9.224 0.8725 -0.08236 0.05102 0.1649 0.1912 1939 28.74 5.638 18.08 34.42 339.1 0 0 0 0.02564 0.01181 0.02006 0.03464 24.59 11.33 19.24 33.21
-17.07 4.413 11.72 1.182 -0.1822 0.0109 -0.1571 0.2408 1940 28.55 -33.06 14.84 46.13 515.7 0 0 0 0.0033 0.03197 0.01156 0.03415 3.164 30.66 11.08 32.75
36.49 8.567 15 0.7338 -0.0727 0.02981 0.1755 0.1923 1941 7.364 13.5 8.785 17.71 329.2 0 0 0 0.009836 0.01997 0.001834 0.02234 9.432 19.15 1.759 21.42
42.16 -10.84 9.036 1.161 -0.03559 0.0163 0.1892 0.1932 1942 -6.218 -1.778 9.072 11.14 486.2 0 0 0 0.03159 0.00924 0.01491 0.03613 30.29 8.861 14.3 34.65
2.795 -0.849 17.88 0.8324 -0.1854 -0.04108 0.07713 0.2049 1943 3.122 13.82 -7.14 15.87 388.8 0 0 0 0.01601 0.01344 0.001802 0.02098 15.35 12.89 1.728 20.12
6.566 -16.77 13.09 1.569 -0.2301 -0.01934 0.09039 0.2479 1944 10.52 23.83 7.875 27.21 745.8 0 0 0 0.01777 0.00412 0.01785 0.02552 17.04 3.951 17.11 24.47
19.68 17.6 19.46 1.979 -0.1318 0.007819 0.1515 0.2009 1945 9.389 -0.3396 1.847 9.575 833.7 0 0 0 0.006981 0.009852 0.002019 0.01224 6.694 9.448 1.936 11.74
8.995 -19.62 8.895 1.422 -0.161 0.02113 0.1594 0.2276 1946 -2.619 -9.507 2.434 10.16 624.8 0 0 0 0.003482 0.01206 0.002086 0.01273 3.339 11.57 2 12.21
-17 -7.535 9.546 0.9756 -0.1341 -0.01654 -0.1862 0.2301 1947 1.846 -0.2886 6.915 7.163 425.3 0 0 0 0.01293 0.01765 0.008236 0.02338 12.4 16.93 7.898 22.42
9.586 17.89 1.341 0.612 -0.01985 0.05367 0.1964 0.2046 1948 -8.841 -0.1401 1.231 8.927 204.9 0 0 0 0.01415 0.02243 0.01533 0.03063 13.57 21.5 14.7 29.37
-20.22 -14.13 15.96 1.093 -0.1186 -0.006852 -0.1522 0.1931 1949 7.386 -22.54 1.448 23.77 531 0 0 0 0.02716 0.0009865 0.02779 0.03887 26.04 0.946 26.65 37.27
21.35 29.98 15.92 0.9298 -0.1455 0.04326 0.1581 0.2192 1950 22.21 -29.48 -10.55 38.39 378.5 0 0 0 0.01903 0.009192 0.01987 0.029 18.25 8.815 19.05 27.81
-20.71 -24.91 18.23 0.9202 -0.1232 -0.03489 -0.134 0.1853 1951 -2.561 17.5 -9.564 20.11 454.6 0 0 0 0.01037 0.003496 0.01084 0.0154 9.94 3.353 10.4 14.77
0.8056 -19.93 6.024 0.7554 -0.168 -0.07615 0.01958 0.1855 1952 37.66 -27.46 -20.47 50.9 309.4 0 0 0 0.01158 0.02046 0.005883 0.02424 11.11 19.62 5.642 23.24
-1.09 -23.67 5.866 0.751 -0.09956 -0.1283 -0.06645 0.1755 1953 2.939 17.01 -4.212 17.77 306 0 0 0 0.01213 0.003381 0.01272 0.0179 11.63 3.242 12.2 17.17
-17.94 16.15 5.379 0.9809 -0.1014 -0.02362 -0.1779 0.2061 1954 -12.85 38.14 -10.34 41.56 352.5 0 0 0 0.01461 0.00925 0.007078 0.01868 14.01 8.87 6.787 17.92
-30.11 28.84 12.4 2.222 -0.1323 -0.02448 -0.2012 0.2421 1955 -8.884 -17.51 17.85 26.53 925 0 0 0 0.02267 0.009566 0.02923 0.03821 21.74 9.173 28.03 36.64
-34.31 -6.621 19.75 0.7522 -0.114 0.007214 -0.1975 0.2282 1956 -0.9375 -7.58 1.521 7.788 363.9 0 0 0 0.005931 0.002251 0.0008083 0.006395 5.688 2.158 0.7751 6.133
9.606 -12.55 16.66 1.647 -0.1816 -0.02441 0.1231 0.2208 1957 8.557 10.86 -14.1 19.75 800.2 0 0 0 0.007864 0.00286 0.02738 0.02863 7.541 2.743 26.25 27.45
28.02 4.284 17.59 0.9946 -0.08479 0.03471 0.172 0.1949 1958 -21.21 -18.28 18.38 33.49 449.9 0 0 0 0.01401 0.008306 0.006465 0.01752 13.43 7.965 6.2 16.8
-3.194 -21.73 1.352 1.236 -0.01809 -0.07451 -0.174 0.1901 1959 8.37 4.987 3.922 10.5 463.9 0 0 0 0.004752 0.01545 0.0007488 0.01618 4.557 14.81 0.7181 15.52
40.54 0.9047 5.71 1.267 -0.007546 0.0623 0.2024 0.2119 1960 -6.231 -19.18 6.062 21.06 492.1 0 0 0 0.01402 0.03082 0.02832 0.04414 13.44 29.55 27.15 42.33
39.15 -0.06321 1.679 0.4021 -0.000719 0.06417 0.1933 0.2037 1961 -1.842 -21.64 10.15 23.97 140.2 0 0 0 0.01557 0.03351 0.008186 0.03784 14.93 32.13 7.85 36.29
24.44 10.59 16.43 0.9946 -0.1058 0.02797 0.1919 0.221 1962 7.114 -2.136 -6.691 9.997 438.5 0 0 0 0.01672 0.01324 0.01386 0.02543 16.03 12.7 13.29 24.39
24.14 16.52 0.08563 0.822 0.04852 -0.002709 0.2042 0.2099 1963 -38.46 -2.246 0.02597 38.53 278.9 0 0 0 0.003927 0.003002 0.007869 0.009292 3.765 2.879 7.546 8.911
34.85 26.52 2.777 0.8462 -0.02953 0.06107 0.1929 0.2045 1964 -4.805 -20.03 3.591 20.91 284.7 0 0 0 0.009786 0.02935 0.01366 0.03382 9.384 28.15 13.1 32.43
-2.271 -26.9 17.18 1.071 -0.2023 -0.05331 -0.05902 0.2174 1965 -8.34 15.13 -20.42 26.75 516.2 0 0 0 0.03526 0.01652 0.01575 0.042 33.81 15.84 15.1 40.28
25.29 -17.87 13.11 0.8584 -0.07118 0.02881 0.188 0.203 1966 0.7725 -16.42 -9.954 19.21 396.2 0 0 0 0.01262 0.005438 0.004892 0.01459 12.1 5.215 4.691 13.99
14.25 21.93 3.86 0.6418 -0.08022 -0.006638 0.1778 0.1952 1967 22.05 3.221 21.06 30.66 226.1 0 0 0 0.009843 0.0121 0.00426 0.01617 9.438 11.6 4.085 15.5
-20.38 -14.44 16.65 1.123 -0.1415 -0.03948 -0.1256 0.1932 1968 30.85 5.409 -20.44 37.4 548.2 0 0 0 0.01434 0.01087 0.02744 0.03281 13.75 10.42 26.31 31.46
26.29 19.75 1.644 1.072 -0.01416 0.005503 0.1616 0.1624 1969 -10.56 6.011 26.93 29.54 361.1 0 0 0 0.0126 0.003465 0.01512 0.01999 12.09 3.323 14.5 19.17
-44.17 24.85 5.559 0.5743 -0.05875 0.009947 -0.2269 0.2346 1970 7.391 2.271 4.649 9.022 206.9 0 0 0 0.01253 0.009397 0.02014 0.02551 12.01 9.011 19.31 24.46
8.961 7.273 4.349 1.364 -0.05714 0.03458 0.2097 0.22 1971 0.7704 14.79 1.53 14.89 506.2 0 0 0 0.0007765 0.03103 0.01129 0.03303 0.7446 29.76 10.83 31.68
10.11 -4.626 14.68 1.541 -0.1551 -0.01975 0.1478 0.2152 1972 7.3 -1.749 -9.75 12.31 739.4 0 0 0 0.02388 0.006032 0.02189 0.03295 22.9 5.785 20.99 31.6
-45.63 12.36 12.13 1.459 -0.07465 -0.005635 -0.2046 0.2178 1973 14.71 -15.71 -5.418 22.19 619.5 0 0 0 0.01528 0.02089 0.009314 0.02751 14.66 20.03 8.932 26.38
41.89 8.76 5.606 1.004 -0.02616 0.06674 0.2013 0.2137 1974 9.52 -20.01 -4.902 22.69 392.6 0 0 0 0.01859 0.02148 0.0164 0.0328 17.83 20.6 15.73 31.46
-30.62 8.528 10.18 1.797 -0.07062 -0.02907 -0.1775 0.1932 1975 6.756 -15.28 -5.278 17.52 734.9 0 0 0 0.02658 0.01562 0.0171 0.03525 25.49 14.98 16.4 33.8
-36.2 23.41 10.51 1.223 -0.08801 -0.00209 -0.1854 0.2052 1976 -5.717 -14.67 -24.19 28.87 506.4 0 0 0 0.005357 0.0096 0.004405 0.01184 5.137 9.206 4.224 11.36
-45.09 -21.86 0.8832 0.7662 -0.01515 -0.02098 -0.2003 0.2019 1977 2.539 4.915 8.413 10.07 252.1 0 0 0 0.0129 0.008141 0.003119 0.01557 12.37 7.807 2.991 14.93
-3.443 26.26 7.294 1.099 -0.1586 -0.02159 0.04845 0.1673 1978 -3.302 -14.27 8.834 17.11 442.8 0 0 0 0.02527 0.02754 0.01263 0.03945 24.23 26.41 12.11 37.83
-38.35 17.98 4.405 0.7175 -0.02795 -0.03042 -0.2101 0.2142 1979 -12.14 14.42 -13.43 23.15 250.7 0 0 0 0.02105 0.008311 0.02716 0.03535 20.18 7.969 26.04 33.9
36.1 27.29 19.19 1.15 -0.08609 0.06176 0.15 0.1836 1980 -13.58 -22.8 -1.009 26.56 436 0 0 0 0.01561 0.01022 0.0189 0.02655 14.97 9.8 18.12 25.46
18.45 14.9 6.549 0.9796 -0.029 0.007449 0.2029 0.2051 1981 -26.06 -16.23 -10.27 32.38 377.9 0 0 0 0.001785 0.003482 0.01346 0.01402 1.711 3.339 12.91 13.44
14.7 -29.66 18.2 1.059 -0.1891 0.02339 0.145 0.2394 1982 10.25 -4.172 -23.52 26 495.5 0 0 0 0.02698 0.0193 0.006993 0.03391 25.87 18.51 6.706 32.51
-26.15 -27.06 12.09 0.6666 -0.07818 -0.01017 -0.1747 0.1916 1983 -3.889 6.946 -4.396 9.094 297 0 0 0 0.03403 0.004477 0.0368 0.05032 32.63 4.293 35.28 48.25
-3.2 16.04 4.241 0.4767 -0.08987 -0.08834 0.1212 0.1749 1984 -3.043 19.95 -15.13 25.22 170.2 0 0 0 0.005639 0.02861 0.002082 0.02923 5.408 27.43 1.996 28.03
-3.518 -18.91 1.229 0.6417 -0.01399 -0.1107 -0.1834 0.2147 1985 1.759 16.24 16.42 23.16 237.6 0 0 0 0.005719 0.0101 0.003404 0.01209 5.485 9.682 3.265 11.6
14.76 -27.52 5.43 0.2957 -0.1083 0.05116 0.2077 0.2398 1986 17.62 -36.12 21.55 45.6 116.3 0 0 0 0.008842 0.005197 0.01206 0.01583 8.479 4.983 11.56 15.18
-20.87 29.58 18.26 1.937 -0.1934 -0.0596 -0.1136 0.2321 1987 8.273 10.85 3.073 13.99 810.9 0 0 0 0.006037 0.02217 0.01766 0.02898 5.789 21.26 16.94 27.79
10.51 -0.8678 15.89 1.599 -0.1585 -0.01405 0.1366 0.2097 1988 13.08 -1.708 -2.034 13.35 750.3 0 0 0 0.003342 0.01468 0.006936 0.01657 3.204 14.07 6.651 15.89
3.709 23.49 8.751 1.454 -0.111 0.06725 0.1299 0.1836 1989 -32.27 -10.52 -14.68 36.98 593.3 0 0 0 0.02333 0.03539 0.0203 0.047 22.37 33.94 19.47 45.07
1.471 9.731 4.539 0.7172 -0.1098 -0.04273 0.1179 0.1667 1990 35.29 -16.46 10.47 40.33 262 0 0 0 0.01722 0.04513 0.01543 0.05071 16.52 43.28 14.8 48.63
-24.19 25.84 9.461 1.081 -0.1532 -0.02259 -0.1798 0.2373 1991 4.418 -4.563 -5.107 8.15 444.4 0 0 0 0.008814 0.00787 0.008487 0.01455 8.452 7.547 8.139 13.95
9.036 -15.49 4.584 1.34 -0.11 -0.003189 0.1652 0.1985 1992 4.48 23.52 -4.95 24.45 522.6 0 0 0 0.0216 0.01466 0.02053 0.03322 20.71 14.06 19.69 31.85
31.76 -18.99 13.3 1.525 -0.07799 -0.005665 0.1819 0.198 1993 8.26 19.59 25.68 33.34 693.5 0 0 0 0.008297 0.01099 0.01889 0.02338 7.956 10.54 18.12 22.42
26.22 -14.14 17 0.8147 -0.09608 0.03196 0.1524 0.183 1994 -1.944 -16.08 32.6 36.4 387 0 0 0 0.04788 0.02028 0.03608 0.06329 45.91 19.45 34.6 60.69
-35.3 13.45 16.11 1.239 -0.1163 -0.0199 -0.2109 0.2416 1995 0.7083 8.827 -2.561 9.219 550.8 0 0 0 0.01669 0.00576 0.01521 0.0233 16 5.524 14.59 22.35
-49.88 -13.33 6.354 1.075 -0.03701 -0.01114 -0.1782 0.1823 1996 5.067 7.126 -7.61 11.59 397.9 0 0 0 0.01645 0.003623 0.01009 0.01964 15.78 3.475 9.676 18.83
-7.506 -17.03 8.029 1.384 -0.1665 -0.03407 -0.164 0.2362 1997 9.879 12.84 -0.9107 16.23 592.5 0 0 0 0.005338 0.02293 0.004218 0.02392 5.118 21.99 4.045 22.94
19.38 -9.16 16.32 1.655 -0.08683 0.0007057 0.1747 0.1951 1998 -21.95 -8.02 -18.29 29.68 789.1 0 0 0 0.01318 0.009826 0.01773 0.02418 12.64 9.423 17 23.19
23.4 23.77 10.23 1.205 -0.07789 -0.0271 0.1731 0.1917 1999 11.07 11.64 5.576 17 486.4 0 0 0 0.01374 0.01211 0.02013 0.02722 13.17 11.62 19.31 26.1
41.41 12.94 11.12 1.493 -0.01355 0.02644 0.1756 0.1781 2000 -12.05 6.927 12.77 18.87 652.2 0 0 0 0.009545 0.007554 0.01237 0.01735 9.153 7.244 11.86 16.64
5.8 10.32 18.93 1.813 -0.1604 -0.01562 0.1019 0.1906 2001 4.034 -7.279 7.284 11.06 797.7 0 0 0 0.01382 0.005065 0.01727 0.02269 13.26 4.857 16.56 21.76
-28.87 19.99 8.619 1.181 -0.09292 -0.04384 -0.2197 0.2425 2002 -0.5412 7.379 14.02 15.86 472.2 0 0 0 0.01972 0.01654 0.02644 0.0369 18.91 15.86 25.36 35.38
-21.02 12.48 4.575 0.8605 -0.1266 0.02061 -0.2043 0.2412 2003 39.89 -0.6091 -2.821 40 294.1 0 0 0 0.02629 0.03308 0.01785 0.04587 25.21 31.72 17.11 43.99
-36.08 26.63 17.3 1.703 -0.1363 -0.01448 -0.1842 0.2296 2004 7.152 16.36 1.505 17.92 721.3 0 0 0 0.002321 0.0005051 0.01812 0.01828 2.225 0.4844 17.38 17.53
-5.91 30.45 13.41 1.119 -0.2524 0.007804 0.005177 0.2526 2005 18.37 0.2223 -4.84 19 485.9 0 0 0 0.04373 0.01582 0.01308 0.04831 41.93 15.17 12.54 46.33
29.35 -4.976 2.804 0.5392 -0.03421 0.03174 0.2177 0.2226 2006 17.99 -16.55 -13.6 27.98 190.6 0 0 0 0.01789 0.007126 0.01362 0.02359 17.15 6.833 13.07 22.62
0.4104 26.47 0.3287 0.6856 -0.06137 -0.05501 0.1423 0.1644 2007 -15.17 23.94 -1.806 28.4 246.3 0 0 0 0.01882 0.03831 0.01462 0.04512 18.04 36.74 14.01 43.26
-40.65 6.247 19.42 1.782 -0.08777 -0.001279 -0.1716 0.1928 2008 -16.18 -2.177 -7.222 17.85 815.3 0 0 0 0.019 0.005503 0.02141 0.02915 18.22 5.277 20.53 27.95
-20.95 19.98 1.298 0.7914 -0.06647 0.00699 -0.2144 0.2245 2009 2.843 15.13 0.5167 15.4 264.2 0 0 0 0.0195 0.0133 0.009872 0.02558 18.7 12.75 9.467 24.53
-4.686 14.93 1.176 0.549 -0.02738 -0.05499 0.1223 0.1369 2010 -0.9041 -4.441 10.94 11.84 182.7 0 0 0 0.01989 0.01467 0.02005 0.03182 19.07 14.07 19.22 30.51
-26.49 13.94 14.42 1.297 -0.1229 -0.04511 -0.1492 0.1985 2011 15.61 0.5815 -11.22 19.23 569.5 0 0 0 0.01594 0.003166 0.01609 0.02287 15.29 3.036 15.43 21.93
26.47 -6.828 16.41 1.063 -0.0929 -0.00638 0.1958 0.2168 2012 -1.744 16.47 -11.11 19.94 499 0 0 0 0.007373 0.01027 0.009734 0.01596 7.07 9.849 9.334 15.3
-14.98 15.56 11.12 1.265 -0.1929 0.001618 -0.1562 0.2482 2013 24.33 19.99 27.94 42.1 531.7 0 0 0 0.02351 0.01543 0.01117 0.03026 22.54 14.8 10.71 29.02
-38.06 20.41 10.72 1.512 -0.07739 -0.01272 -0.2412 0.2536 2014 -9.06 1.486 18.92 21.03 631.7 0 0 0 0.007176 0.00364 0.01277 0.0151 6.881 3.49 12.25 14.48
-6.764 23.55 15.37 1.031 -0.2034 -0.003144 -0.01995 0.2044 2015 -12.21 7.4 4.603 15 455.2 0 0 0 0.007306 0.004714 0.005987 0.01056 7.006 4.521 5.742 10.12
26.09 1.348 8.46 1.516 -0.03904 -0.003373 0.1781 0.1824 2016 -2.071 1.021 -1.115 2.564 641.6 0 0 0 0.01264 0.004469 0.01352 0.01904 12.12 4.285 12.97 18.26
-43.57 -6.792 14.81 1.339 -0.07216 0.005695 -0.1986 0.2114 2017 -7.917 -9.957 -4.577 13.52 628.6 0 0 0 0.00739 0.00664 0.01262 0.01606 7.086 6.367 12.1 15.4
19.1 -26.41 8.2 0.9301 -0.07568 0.01349 0.2208 0.2338 2018 -8.073 5.335 -19.09 21.4 389 0 0 0 0.02302 0.01113 0.03162 0.04067 22.08 10.68 30.32 39
-23.75 -23.95 10.1 0.9462 -0.06586 -0.02843 -0.1729 0.1872 2019 3.901 0.7937 -2.644 4.779 408 0 0 0 0.03346 0.02903 0.02466 0.05071 32.09 27.84 23.65 48.62
12.35 -26.56 6.097 0.8347 -0.09604 0.03019 0.2029 0.2265 2020 -12.29 14.06 4.542 19.22 335.2 0 0 0 0.01355 0.04854 0.01075 0.05153 13 46.55 10.31 49.41
2.133 -26.92 10.36 0.7137 -0.1815 0.008453 -0.005283 0.1818 2021 -9.775 -3.652 -15.11 18.36 316.1 0 0 0 0.0133 0.00315 0.01545 0.02063 12.76 3.02 14.81 19.78
-3.401 14.15 16.99 1.742 -0.1987 0.005957 0.03218 0.2014 2022 4.44 -9.41 -2.662 10.74 762.7 0 0 0 0.002377 0.003134 0.004623 0.006071 2.28 3.006 4.434 5.821
47.81 -5.176 16.31 0.5884 0.0006668 -0.004925 0.2306 0.2307 2023 -1.579 25.76 -9.106 27.37 270 0 0 0 0.01435 0.003235 0.01681 0.02234 13.76 3.102 16.12 21.42
-47.33 7.071 12.69 1.797 -0.05584 -0.04009 -0.2112 0.2221 2024 -10.08 21.02 18.36 29.67 771.6 0 0 0 0.006685 0.001812 0.004928 0.0085 6.41 1.738 4.725 8.151
-39.07 14.7 5.261 1.003 -0.03348 -0.01594 -0.21 0.2132 2025 -1.024 3.437 -7.509 8.321 352.9 0 0 0 0.01452 0.003738 0.01123 0.01874 13.93 3.584 10.77 17.97
19.1 -22.27 10.33 0.9816 -0.1024 0.001887 0.1838 0.2104 2026 -2.661 5.439 -6.828 9.126 438.8 0 0 0 0.02172 0.01394 0.007983 0.02702 20.83 13.37 7.655 25.91
20.05 7.212 17.28 1.074 -0.1014 0.01122 0.1675 0.1962 2027 -1.558 -11.2 -2.709 11.62 483.7 0 0 0 0.02977 0.004861 0.03006 0.04258 28.55 4.661 28.82 40.84
29.8 -8.051 1.372 0.4086 -0.003401 0.02417 0.226 0.2273 2028 -2.126 -3.527 -8.432 9.384 141.4 0 0 0 0.006675 0.006918 0.01433 0.01725 6.401 6.634 13.74 16.55
-33.43 -24.77 11.99 1.478 -0.1184 -7.597e-05 -0.2146 0.2451 2029 26.56 -14.62 2.381 30.41 654.7 0 0 0 0.01262 0.004005 0.006393 0.0147 12.1 3.84 6.13 14.1
-13.76 -4.037 8.604 1.716 -0.1406 -0.01941 -0.1484 0.2053 2030 -2.731 13.89 -2.629 14.4 725.8 0 0 0 0.009507 0.001554 0.007298 0.01209 9.116 1.49 6.998 11.59
-30.38 -24.54 16.85 1.739 -0.1181 -0.0001232 -0.179 0.2144 2031 6.817 -18.12 -17.06 25.8 844.6 0 0 0 0.03167 0.009151 0.02949 0.04423 30.37 8.775 28.28 42.41
-12.53 -26.03 18.71 1.59 -0.1565 0.006293 -0.1285 0.2026 2032 5.03 -13.19 -3.808 14.62 779.8 0 0 0 0.01002 0.003101 0.009545 0.01418 9.607 2.973 9.153 13.6
20.15 19.45 18.96 1.892 -0.1206 0.006903 0.1425 0.1868 2033 6.515 -0.9736 9.083 11.22 787.7 0 0 0 0.01412 0.0077 0.02198 0.02724 13.54 7.383 21.08 26.12
-26.85 -5.452 1.544 0.4221 2.483e-05 -0.04995 -0.2009 0.207 2034 -2.163 6.405 6.984 9.719 138 0 0 0 0.01451 0.03306 0.007755 0.03693 13.91 31.71 7.436 35.41
-23.37 -21.94 13.91 1.547 -0.06452 -0.0339 -0.1684 0.1835 2035 -17.35 4.319 4.777 18.51 732.3 0 0 0 0.03769 0.008913 0.01729 0.04241 36.14 8.547 16.58 40.67
11.91 -20.32 11.4 0.8936 -0.1796 -0.000191 0.1731 0.2494 2036 -3.476 -5.513 -0.973 6.59 409.8 0 0 0 0.00558 0.004267 0.003339 0.007778 5.351 4.091 3.202 7.458
18.07 -23.89 4.51 0.6641 -0.04483 -0.01487 0.2177 0.2228 2037 -15.98 21.17 6.2 27.24 256.1 0 0 0 0.02053 0.01067 0.02085 0.03115 19.68 10.24 20 29.87
1.408 -24.06 9.11 0.8605 -0.1402 -0.0449 -0.03386 0.1511 2038 -13.5 5.594 4.054 15.17 377.5 0 0 0 0.01463 0.02175 0.01862 0.03215 14.03 20.85 17.86 30.83
-46.69 5.268 4.855 0.9612 -0.03788 -0.01573 -0.1868 0.1912 2039 23.76 15.97 -33.11 43.77 323.2 0 0 0 0.03055 0.01236 0.01671 0.03695 29.29 11.85 16.02 35.43
10.19 -26.34 4.345 0.5361 -0.04351 -0.01135 0.168 0.1739 2040 -13.28 15.46 -4.472 20.87 210.5 0 0 0 0.03158 0.00511 0.009488 0.03337 30.28 4.901 9.098 32
39.65 -14.6 8.173 1.536 -0.03099 0.01586 0.2035 0.2064 2041 -3.285 3.767 0.9889 5.095 628.7 0 0 0 0.01324 0.005247 0.007056 0.01589 12.7 5.032 6.766 15.24
38.75 -2.265 2.219 0.8698 -0.01565 0.03919 0.2085 0.2127 2042 4.423 -1.343 0.8168 4.694 304.6 0 0 0 0.00508 0.03094 0.00785 0.03232 4.871 29.67 7.527 30.99
35.37 24.67 2.726 0.7562 -0.03172 0.05154 0.2031 0.2119 2043 -4.571 -1.172 -3.233 5.72 256.5 0 0 0 0.00963 0.02678 0.00826 0.02964 9.235 25.68 7.921 28.42
34.43 -8.458 16.44 0.8044 -0.06912 0.03577 0.1827 0.1986 2044 -7.075 -6.341 4.497 10.51 374.6 0 0 0 0.0543 0.002264 0.01778 0.05718 52.07 2.171 17.05 54.83
-4.076 14.42 6.918 1.113 -0.1451 -0.0908 0.08349 0.1904 2045 4.179 13.94 -11.06 18.28 426.6 0 0 0 0.02015 0.02782 0.03313 0.04772 19.32 26.67 31.77 45.76
1.235 -28.9 9.592 1.015 -0.169 -0.0192 -0.06399 0.1817 2046 11.49 2.716 13.5 17.93 438.7 0 0 0 0.01926 0.008553 0.02054 0.02942 18.47 8.201 19.7 28.22
-7.783 19.38 15.81 1.632 -0.2109 -0.007179 -0.0236 0.2124 2047 7.525 0.6446 4.667 8.878 721.6 0 0 0 0.006075 0.007902 0.003067 0.01043 5.826 7.577 2.941 10
-18.6 -4.857 15.05 0.8857 -0.1325 -0.05654 -0.1336 0.1965 2048 4.1 -5.613 2.609 7.425 419.2 0 0 0 0.008922 0.01439 0.01259 0.0211 8.556 13.8 12.07 20.23
5.985 -16.55 15.14 1.851 -0.2202 -0.02106 0.0914 0.2393 2049 6.195 4.856 -6.468 10.19 896.6 0 0 0 0.01844 0.00715 0.00655 0.02084 17.69 6.857 6.281 19.98
29.26 -13.87 9.469 1.212 -0.01887 0.02544 0.1971 0.1996 2050 -27.74 -13.41 6.731 31.54 526.1 0 0 0 0.03464 0.01074 0.03179 0.04823 33.22 10.3 30.49 46.25
24.19 -17.62 0.3646 0.312 0.04636 -0.006993 0.216 0.221 2051 -45.26 4.026 -6.437 45.89 112.2 0 0 0 0.008561 0.003409 0.004496 0.01025 8.209 3.269 4.311 9.832
44.74 -11.51 12.82 1.107 -0.06766 0.007737 0.1737 0.1866 2052 -5.764 8.775 -0.6839 10.52 495.1 0 0 0 0.03215 0.006171 0.03019 0.04453 30.83 5.917 28.95 42.7
-37.94 -17.35 5.769 1.345 -0.04734 -0.00805 -0.2011 0.2067 2053 17.24 7.761 -28.05 33.82 498.3 0 0 0 0.01846 0.007739 0.01423 0.02456 17.71 7.421 13.64 23.55
-43.91 23.06 8.188 0.9126 -0.03159 0.01228 -0.2067 0.2094 2054 -15.43 9.28 -8.048 19.72 353.8 0 0 0 0.03392 0.02621 0.0314 0.05314 32.53 25.13 30.11 50.95
-45.33 0.7984 12.95 0.8736 -0.03571 -0.02637 -0.2209 0.2253 2055 -21.33 4.815 23.31 31.96 383.8 0 0 0 0.01279 0.01082 0.008686 0.01887 12.27 10.38 8.329 18.1
-0.603 -12.2 7.013 1.223 -0.1718 -0.06511 0.001117 0.1837 2056 17.07 -7.322 15.09 23.93 507.6 0 0 0 0.01069 0.03195 0.01255 0.03595 10.25 30.64 12.04 34.48
-41.29 27.71 7.01 3.064 -0.05781 0.006234 -0.2124 0.2203 2057 -4.807 -0.02679 -2.767 5.546 1135 0 0 0 0.02288 0.001676 0.02232 0.03201 21.94 1.607 21.4 30.69
0.422 -0.592 14.72 1.663 -0.2014 0.01129 0.05777 0.2098 2058 1.275 -21.02 4.538 21.54 783.6 0 0 0 0.008951 0.01505 0.006554 0.0187 8.584 14.43 6.285 17.93
-40.79 16.66 17.3 0.8126 -0.09157 -0.007424 -0.1941 0.2148 2059 6.274 2.906 3.807 7.894 363.3 0 0 0 0.00698 0.007045 0.01634 0.01911 6.693 6.755 15.67 18.33
-30.2 20.32 5.753 1.238 -0.08248 -0.026 -0.1953 0.2136 2060 9.096 -18.61 3.302 20.97 453.2 0 0 0 0.04159 0.01725 0.005105 0.04531 39.88 16.54 4.895 43.45
7.268 3.215 16.13 1.067 -0.1487 0.01085 0.1257 0.1951 2061 -8.472 -23.59 -4.216 25.42 489 0 0 0 0.006118 0.009281 0.00244 0.01138 5.867 8.899 2.34 10.91
43.38 17.19 4.304 1.234 -0.01331 0.04872 0.1826 0.1894 2062 6.231 4.597 22.09 23.41 455.9 0 0 0 0.02008 0.01211 0.01001 0.0255 19.25 11.61 9.602 24.45
-8.855 -28.32 13.95 0.769 -0.1531 -0.03613 -0.1478 0.2159 2063 -1.974 -6.086 -11.02 12.74 359.7 0 0 0 0.00593 0.03389 0.004498 0.0347 5.686 32.5 4.313 33.27
-9.494 -1.598 2.23 1.292 -0.05984 -0.0944 -0.1817 0.2133 2064 -29.56 -13.98 38.89 50.81 445.4 0 0 0 0.02687 0.01233 0.02168 0.03666 25.76 11.83 20.79 35.16
-9.316 -17.93 18.3 1.811 -0.1683 -0.03757 -0.1083 0.2036 2065 6.829 1.095 7.784 10.41 898 0 0 0 0.01523 0.02042 0.02762 0.03758 14.61 19.58 26.49 36.03
-40.03 -26.66 18.3 1.643 -0.07169 -0.03695 -0.1909 0.2072 2066 -5.586 21.52 4.992 22.79 812 0 0 0 0.01554 0.008452 0.0259 0.03137 14.9 8.105 24.84 30.08
-2.455 18.31 15.78 1.514 -0.2092 -0.001629 0.03464 0.2121 2067 12.55 8.174 2.584 15.2 664.4 0 0 0 0.002956 0.00769 0.006971 0.01079 2.834 7.374 6.684 10.35
-31.23 -25.99 2.932 0.5834 -0.02018 -0.02092 -0.1977 0.1998 2068 -7.209 8.557 3.598 11.75 205.7 0 0 0 0.0166 0.002497 0.01868 0.02511 15.92 2.394 17.91 24.08
-5.624 15.96 17.96 1.016 -0.1972 -0.02709 0.01308 0.1995 2069 -0.2886 12.83 -6.411 14.35 444.9 0 0 0 0.005886 0.006536 0.006538 0.01096 5.645 6.268 6.269 10.51
-8.254 19.92 7.965 1.129 -0.1595 -0.06088 -0.003839 0.1708 2070 -3.533 20.51 -9.973 23.08 454.1 0 0 0 0.00241 0.0161 0.006748 0.01762 2.311 15.44 6.471 16.9
-16.08 13.4 8.74 0.9954 -0.1506 -0.00881 -0.1432 0.208 2071 4.89 17.38 -0.1719 18.06 391.1 0 0 0 0.02223 0.01289 0.02468 0.03562 21.31 12.36 23.66 34.16
-24.72 4.471 5.158 0.8431 -0.07381 -0.04602 -0.1908 0.2097 2072 23.84 1.494 -2.668 24.04 296 0 0 0 0.07766 0.008483 0.06994 0.1049 74.47 8.134 67.07 100.6
-13.94 1.243 9.196 1.539 -0.1428 0.004253 -0.1071 0.1785 2073 -23.9 2.26 -24.15 34.05 650.7 0 0 0 0.009371 0.004831 0.007689 0.01305 8.986 4.633 7.373 12.51
-44.58 -12.82 11.74 1.592 -0.04815 0.004622 -0.2008 0.2066 2074 7.12 -2.103 4.113 8.488 709.3 0 0 0 0.005653 0.007807 0.004893 0.01081 5.421 7.486 4.692 10.37
-3.919 7.133 12.23 1.092 -0.2077 0.0305 0.04256 0.2142 2075 26.67 -23.33 9.041 36.57 484.1 0 0 0 0.01669 0.004742 0.0107 0.02038 16 4.547 10.26 19.55
0.8296 -29.99 4.708 0.5498 -0.05589 -0.04849 -0.1201 0.1411 2076 -9.921 -9.86 17.5 22.4 217.2 0 0 0 0.005307 0.02801 0.003445 0.02872 5.089 26.86 3.304 27.54
31.12 8.699 12.65 1.129 -0.08671 0.01842 0.1896 0.2093 2077 15.19 12.53 6.551 20.75 504.3 0 0 0 0.02187 0.02514 0.02887 0.04409 20.97 24.11 27.69 42.28
8.326 -1.071 0.2036 1.16 0.00383 0.025 0.1932 0.1948 2078 7.275 15.34 -3.62 17.36 408.3 0 0 0 0.006467 0.007168 0.001601 0.009786 6.202 6.873 1.535 9.384
-11.15 -28.95 17.47 1.422 -0.1729 -0.02555 -0.141 0.2246 2079 6.906 11.13 7.462 15.07 685.8 0 0 0 0.02215 0.001732 0.01656 0.02771 21.24 1.661 15.88 26.57
48.48 3.242 10.3 0.6982 -0.03687 0.009216 0.1958 0.1995 2080 0.1698 3.179 -8.226 8.821 304.6 0 0 0 0.01907 0.006276 0.01658 0.02604 18.29 6.018 15.9 24.97
23.16 -29.52 18.5 1.743 -0.1082 0.01867 0.1554 0.1902 2081 -8.476 9.291 3.99 13.19 800.4 0 0 0 0.02495 0.01635 0.01036 0.03158 23.93 15.68 9.938 30.28
13.99 16.28 15.44 1.296 -0.1264 -0.03491 0.1514 0.2003 2082 5.53 7.421 6.119 11.1 558.8 0 0 0 0.009332 0.00826 0.009488 0.01566 8.949 7.92 9.098 15.02
32.16 -27.97 15.24 0.797 -0.1185 0.002062 0.204 0.2359 2083 27.41 -10.17 24.98 38.45 359.4 0 0 0 0.00082 0.006814 0.00716 0.009918 0.7863 6.534 6.866 9.511
-46.11 4.958 8.925 1.65 -0.03739 -0.01038 -0.2058 0.2095 2084 -2.634 4.577 -4.098 6.684 640.5 0 0 0 0.007603 0.006575 0.003041 0.0105 7.291 6.305 2.916 10.07
-41.27 13.08 5.652 0.9716 -0.02619 -0.0175 -0.2283 0.2304 2085 -12.96 9.622 9.804 18.89 344 0 0 0 0.007927 0.002493 0.006372 0.01047 7.601 2.391 6.11 10.04
25.82 18.26 1.468 0.8571 -0.005107 -0.003648 0.1961 0.1962 2086 0.3565 -2.927 -6.778 7.391 289.8 0 0 0 0.006463 0.006438 0.005527 0.01067 6.197 6.174 5.3 10.23
41.09 -18.35 4.563 0.4952 -0.02665 0.04977 0.2001 0.208 2087 4.618 -24.96 -1.535 25.43 184.5 0 0 0 0.02929 0.02659 0.02332 0.04592 28.09 25.5 22.36 44.03
-8.537 -2.702 12.88 2.08 -0.2057 -0.02289 -0.06619 0.2173 2088 4.395 6.674 3.784 8.842 975.6 0 0 0 0.005643 0.007673 0.02158 0.02359 5.411 7.358 20.69 22.62
-44.13 -9.81 13.16 1.829 -0.05816 -0.03247 -0.2136 0.2237 2089 -5.156 19.8 0.2918 20.46 840.3 0 0 0 0.004608 0.004417 0.01055 0.01233 4.418 4.235 10.11 11.82
-29.82 -11.3 19.38 1.732 -0.1348 0.00355 -0.1831 0.2274 2090 7.861 -13.06 4.428 15.87 857 0 0 0 0.003556 0.002367 0.006784 0.008017 3.41 2.269 6.505 7.688
-20.99 -13.98 16.82 0.9481 -0.1193 -0.04166 -0.1599 0.2038 2091 2.502 4.412 11.38 12.46 463.5 0 0 0 0.02325 0.02287 0.01559 0.03615 22.29 21.93 14.95 34.66
-16.47 16.63 14.72 0.9444 -0.1498 -0.05783 -0.1271 0.2048 2092 -34.87 9.531 2.766 36.25 416.1 0 0 0 0.03569 0.002914 0.02221 0.04213 34.22 2.794 21.29 40.4
25.96 24.83 7.903 0.8184 -0.05572 0.004721 0.155 0.1648 2093 5.165 -5.863 19.27 20.8 314.1 0 0 0 0.006923 0.004341 0.004229 0.009201 6.639 4.163 4.055 8.823
-1.83 3.607 18.18 0.9581 -0.1969 -0.02876 0.02722 0.2009 2094 -0.1231 11.36 -0.4329 11.37 434 0 0 0 0.006462 0.01104 0.006146 0.01419 6.197 10.59 5.893 13.61
-47.88 -18.16 5.564 0.9764 -0.03648 0.006079 -0.2104 0.2136 2095 15.9 -14.64 13.6 25.53 356.3 0 0 0 0.002624 0.009422 0.005028 0.011 2.516 9.035 4.822 10.55
-25.08 -0.186 13.2 1.049 -0.1066 -0.07192 -0.147 0.1953 2096 9.726 8.746 -12.75 18.27 474.3 0 0 0 0.008215 0.02178 0.007779 0.02454 7.878 20.88 7.459 23.53
5.035 -5.746 15.9 1.262 -0.1876 -0.003936 0.09827 0.2118 2097 1.878 -14.03 -6.802 15.71 607.5 0 0 0 0.02277 0.008314 0.0225 0.03307 21.84 7.972 21.58 31.72
-47.07 0.8484 13.08 0.761 -0.0805 -0.005405 -0.1788 0.1961 2098 20.13 -3.02 -9.683 22.54 335.3 0 0 0 0.002523 0.005724 0.006592 0.009088 2.42 5.489 6.321 8.715
27.08 10.83 9.266 1.311 -0.0458 -0.004867 0.2124 0.2173 2099 3.935 26.75 -3.037 27.21 558.9 0 0 0 0.0008126 0.0109 0.006669 0.0128 0.7792 10.45 6.395 12.28
-15.97 25.59 0.6487 0.7923 -0.04639 -0.09563 -0.1282 0.1665 2100 -13.39 -1.827 -8.532 15.98 274.8 0 0 0 0.007602 0.01822 0.007654 0.02117 7.29 17.47 7.34 20.3
31.56 -16.81 7.186 1.127 -0.01887 0.02451 0.2069 0.2092 2101 -8.574 0.6218 13.92 16.36 454.1 0 0 0 0.02424 0.01855 0.01571 0.03433 23.24 17.79 15.07 32.92
-32.48 -7.646 13.52 1.032 -0.0966 -0.02058 -0.1823 0.2073 2102 3.415 13.23 -7.598 15.63 480.1 0 0 0 0.01537 0.01292 0.0235 0.03091 14.74 12.39 22.53 29.64
34.22 -0.7845 15.83 1.532 -0.07338 0.04667 0.184 0.2035 2103 2.593 -12.47 4.705 13.58 705.3 0 0 0 0.01198 0.006629 0.01837 0.02291 11.49 6.356 17.61 21.97
25.38 19.69 10.43 0.9446 -0.06052 0.01603 0.1833 0.1937 2104 -2.551 -10.43 -6.891 12.76 389.4 0 0 0 0.01611 0.006222 0.01516 0.02298 15.45 5.967 14.53 22.03
-29.01 -10.88 16.78 0.8874 -0.1185 -0.0355 -0.1857 0.2231 2105 13.85 17.98 9.124 24.46 431.9 0 0 0 0.008269 0.006757 0.02847 0.0304 7.929 6.48 27.3 29.15
-14.64 -23.81 11.72 1.086 -0.07972 -0.04926 -0.1775 0.2007 2106 -22.5 23.82 -6.893 33.48 494.5 0 0 0 0.0145 0.01286 0.02967 0.03544 13.9 12.34 28.45 33.98
-21.37 -6.698 5.981 0.6786 -0.07994 -0.01208 -0.1851 0.202 2107 8.359 -16.31 -8.421 20.17 256.3 0 0 0 0.01249 0.006149 0.01128 0.01792 11.98 5.896 10.82 17.18
13.94 -28.51 17.67 1.659 -0.1731 0.009162 0.1072 0.2038 2108 -5.098 2.899 9.069 10.8 779.7 0 0 0 0.01026 0.005305 0.004883 0.01254 9.839 5.087 4.682 12.03
-22.4 -23.31 2.785 0.4097 0.004485 0.01946 -0.1866 0.1877 2109 -5.852 -36.2 5.794 37.12 147.1 0 0 0 0.00294 0.02289 0.002403 0.0232 2.819 21.95 2.304 22.25
-48.97 -11.04 15.49 1.79 -0.05864 -0.004835 -0.2013 0.2097 2110 3.524 -3.82 14.19 15.11 857.1 0 0 0 0.02484 0.002595 0.01698 0.0302 23.82 2.488 16.28 28.96
0.7918 -16.83 12.63 0.6468 -0.2469 0.01065 0.01067 0.2474 2111 7.61 -23.98 -12.37 28.03 307 0 0 0 0.0684 0.01849 0.01292 0.07203 65.59 17.73 12.39 69.07
-20.75 -6.167 16.77 1.293 -0.1406 -0.06094 -0.1333 0.2031 2112 19.32 0.2483 -10.52 22 617.5 0 0 0 0.003154 0.007464 0.003738 0.008923 3.024 7.157 3.584 8.557
-6.859 -11.6 11.15 0.7131 -0.2075 -0.03938 -0.1062 0.2363 2113 1.339 10.26 3.408 10.89 332.1 0 0 0 0.01136 0.006145 0.01004 0.01636 10.9 5.892 9.625 15.69
-38.18 20.58 7.7 1.175 -0.0904 -0.02194 -0.2306 0.2486 2114 20.96 9.357 8.81 24.58 454.3 0 0 0 0.00767 0.003168 0.004835 0.009604 7.355 3.038 4.636 9.21
-34.12 -1.187 10.86 1.754 -0.06677 0.007598 -0.1963 0.2075 2115 -1.987 -8.69 1.682 9.072 748.8 0 0 0 0.03095 0.00562 0.01323 0.03412 29.68 5.389 12.68 32.72
40.25 25.51 15.56 1.157 -0.07206 0.02812 0.1622 0.1797 2116 -4.249 15.36 -7.568 17.64 457.5 0 0 0 0.005836 0.02237 0.004022 0.02346 5.596 21.45 3.856 22.5
24.9 -6.754 2.469 0.7703 -0.01443 -0.008158 0.2018 0.2025 2117 4.686 0.006367 -16.65 17.29 272.2 0 0 0 0.00407 0.0069 0.01139 0.01392 3.903 6.617 10.92 13.35
-24.83 15.05 11.27 1.486 -0.1097 -0.04087 -0.1706 0.2069 2118 5.919 -6.001 -1.617 8.582 622.1 0 0 0 0.007305 0.0124 0.008635 0.01678 7.005 11.89 8.28 16.09
-2.462 16.65 15.03 1.089 -0.1783 0.01688 0.05193 0.1865 2119 -5.651 -12.71 -9.386 16.78 478.8 0 0 0 0.01612 0.006291 0.02947 0.03418 15.46 6.032 28.26 32.77
1.714 -6.465 11.6 0.9641 -0.1558 0.007387 0.07457 0.1729 2120 -30.61 -22.75 -0.2361 38.14 451.2 0 0 0 0.03099 0.02646 0.04051 0.05746 29.72 25.38 38.85 55.1
-41.87 -27.27 2.036 0.3255 -0.01118 -0.006799 -0.1862 0.1866 2121 -5.944 3.873 -18.77 20.07 110.2 0 0 0 0.01706 0.004313 0.01798 0.02516 16.36 4.136 17.24 24.13
28.41 27.38 0.7264 0.387 -0.01608 0.01776 0.1746 0.1762 2122 5.39 -1.321 2.681 6.164 126.8 0 0 0 0.00391 0.002515 0.007234 0.008599 3.75 2.411 6.937 8.246
15.28 2.921 2.658 0.7082 -0.02749 -0.00144 0.2146 0.2163 2123 -3.561 14.85 -3.62 15.69 251.7 0 0 0 0.004239 0.006637 0.007096 0.0106 4.065 6.364 6.804 10.16
-3.796 12.87 15.65 2.093 -0.2061 0.01307 0.04511 0.2114 2124 10.03 -7.18 -15.38 19.71 918.4 0 0 0 0.0127 0.001411 0.01766 0.0218 12.18 1.353 16.94 20.91
-14.09 -18.67 5.859 1.163 -0.07872 -0.02325 -0.2117 0.2271 2125 -5.736 2.025 -18.41 19.39 456.5 0 0 0 0.004382 0.004793 0.007159 0.009666 4.202 4.596 6.865 9.269
-29.58 -20.71 2.07 0.9744 0.005936 -0.03425 -0.1612 0.1649 2126 -3.382 -4.017 -7.328 9.016 334.9 0 0 0 0.008543 0.006762 0.01062 0.01522 8.192 6.484 10.19 14.59
4.875 -19.92 15.24 0.8492 -0.235 -0.03256 0.04875 0.2422 2127 -3.26 9.964 7.364 12.81 411.2 0 0 0 0.005419 0.01358 0.002868 0.0149 5.196 13.02 2.75 14.29
-6.376 14.38 18.96 1.95 -0.1713 -0.03091 -0.001079 0.174 2128 -20.29 2.39 -0.3226 20.43 854.1 0 0 0 0.008405 0.01046 0.003522 0.01387 8.06 10.03 3.377 13.3
14.18 -23.2 14.49 0.9794 -0.1742 -0.002238 0.1517 0.231 2129 6.269 5.242 -10.16 13.04 461.7 0 0 0 0.001595 0.005992 0.003918 0.007335 1.529 5.746 3.757 7.034
-43.27 28.34 14.64 1.74 -0.08914 0.008308 -0.1874 0.2076 2130 1.757 15.47 -1.256 15.62 724.9 0 0 0 0.03191 0.0302 0.03039 0.05342 30.6 28.96 29.14 51.22
0.6577 11.51 14.92 1.217 -0.1837 0.006702 0.1033 0.2109 2131 3.741 9.059 -17.19 19.79 536.5 0 0 0 0.02954 0.02578 0.05523 0.06774 28.33 24.72 52.97 64.96
25.77 1.446 1.791 0.6959 0.003397 0.001425 0.1704 0.1705 2132 -10.02 -0.7661 14.3 17.48 242 0 0 0 0.002212 0.003374 0.002687 0.004847 2.121 3.235 2.576 4.648
14.32 15.36 3.552 1.313 -0.03973 -0.0005986 0.2042 0.2081 2133 -8.192 4.607 -3.777 10.13 463.6 0 0 0 0.0087 0.005706 0.002893 0.0108 8.342 5.472 2.774 10.36
2.807 20.06 7.596 0.9325 -0.1112 0.008122 0.1113 0.1575 2134 -33.14 21.79 -0.9937 39.68 368.3 0 0 0 0.01942 0.01592 0.03755 0.04517 18.62 15.27 36.01 43.32
-33.72 21.45 19.09 1.057 -0.1396 -0.01208 -0.1793 0.2276 2135 2.967 6.043 -2.056 7.04 465.9 0 0 0 0.01099 0.005484 0.01006 0.01588 10.54 5.259 9.648 15.23
-39.46 -19.88 1.343 0.2677 -0.02047 0.004166 -0.2007 0.2017 2136 5.437 -3.406 -4.947 8.101 88.87 0 0 0 0.01453 0.01344 0.004114 0.02021 13.93 12.88 3.945 19.38
-31.93 -28.08 3.867 0.3831 -0.04335 -0.0001921 -0.2126 0.217 2137 3.076 -6.159 -1.451 7.035 137.6 0 0 0 0.01008 0.01092 0.005378 0.0158 9.664 10.47 5.157 15.15
-26.12 -13.43 0.5247 0.4014 -0.005457 -0.02211 -0.181 0.1824 2138 -14.84 -11.23 -13.15 22.79 135.8 0 0 0 0.004965 0.01994 0.00511 0.02118 4.761 19.12 4.9 20.31
37.99 -18.87 4.489 0.886 -0.0361 0.01402 0.2106 0.2141 2139 8.323 11.71 3.285 14.74 330.6 0 0 0 0.01334 0.02517 0.01212 0.03096 12.79 24.14 11.62 29.69
-17.25 12.35 14.22 1.402 -0.137 -0.004945 -0.1341 0.1918 2140 -23.5 -30.3 8.228 39.22 611.6 0 0 0 0.03017 0.007802 0.01182 0.03333 28.93 7.481 11.33 31.96
20.26 -26.53 2.873 0.4028 -0.006987 -0.005539 0.2075 0.2077 2141 -11.86 31.56 20.61 39.51 152.1 0 0 0 0.02641 0.02419 0.03462 0.04981 25.32 23.2 33.2 47.76
-44.35 -27.59 10.59 1.477 -0.02 0.002411 -0.2056 0.2066 2142 -20.72 -18.34 26.18 38.1 614.6 0 0 0 0.01403 0.006534 0.02795 0.03194 13.45 6.265 26.8 30.63
-1.285 -2.704 5.082 0.8401 -0.1023 -0.1048 0.06616 0.1607 2143 1.681 -13.31 -11.77 17.85 324.9 0 0 0 0.00632 0.00496 0.007237 0.01081 6.06 4.757 6.939 10.37
47.6 20.35 9.491 1.087 -0.009877 0.02543 0.1613 0.1636 2144 -16.73 16.18 -6.224 24.09 446 0 0 0 0.01535 0.008525 0.002631 0.01775 14.72 8.175 2.523 17.03
4.574 16.78 0.7232 0.9068 -0.0307 0.01593 0.1421 0.1463 2145 -0.08913 -36.53 13.74 39.03 303.2 0 0 0 0.02332 0.009824 0.01874 0.03149 22.36 9.42 17.97 30.2
-6.501 -23.7 11.63 1.061 -0.1876 -0.02267 -0.1684 0.2531 2146 -2.508 -7.111 3.31 8.235 491 0 0 0 0.007914 0.007453 0.007422 0.01316 7.589 7.147 7.117 12.62
-38.64 11.98 16.22 1.642 -0.1271 -0.01391 -0.2074 0.2436 2147 21.09 -2.292 8.485 22.85 734 0 0 0 0.01223 0.001569 0.01138 0.01678 11.73 1.505 10.91 16.09
37.59 11.34 14.45 1.184 -0.06187 0.0587 0.167 0.1875 2148 3.06 -13.22 2.454 13.79 527 0 0 0 0.0143 0.02978 0.02589 0.04198 13.72 28.56 24.83 40.25
19.46 -26.5 14.59 0.8888 -0.1617 0.01218 0.1409 0.2149 2149 41 15 16.79 46.77 410.9 0 0 0 0.01557 0.007698 0.006997 0.01873 14.93 7.381 6.71 17.96
3.231 -30.84 9.959 0.418 -0.1861 -0.0105 0.003094 0.1864 2150 13.36 -5.976 -18.79 23.82 180.1 0 0 0 0.004718 0.01548 0.006849 0.01757 4.524 14.84 6.567 16.85
39.35 -15.04 6.731 1.394 -0.02424 0.01028 0.2042 0.2059 2151 -2.462 15.45 -0.9871 15.67 549 0 0 0 0.01157 0.02687 0.01545 0.03308 11.1 25.77 14.81 31.73
35.35 24.01 8.082 1.333 -0.03146 0.08882 0.1944 0.216 2152 -28.6 -14.34 -25.83 41.12 515.4 0 0 0 0.017 0.01526 0.05349 0.05816 16.3 14.63 51.29 55.77
-15.57 -25.87 3.051 0.5228 0.009031 -0.05129 -0.2517 0.2571 2153 -18.09 28.25 25.88 42.37 193.9 0 0 0 0.01539 0.01333 0.03075 0.03688 14.76 12.79 29.49 35.37
42.25 -4.863 8.824 1.108 -0.01811 0.0289 0.1976 0.2005 2154 -14.95 3.245 9.002 17.75 466.3 0 0 0 0.02351 0.008939 0.02862 0.0381 22.54 8.572 27.45 36.54
-44.36 21.34 18.56 2.027 -0.07333 -0.00651 -0.199 0.2121 2155 -4.026 16.45 5.437 17.78 901.2 0 0 0 0.005774 0.003205 0.005971 0.008903 5.537 3.073 5.725 8.537
21.18 11.66 5.786 1.16 -0.04019 -0.002682 0.211 0.2148 2156 5.229 -8.374 -7.004 12.1 444.9 0 0 0 0.005126 0.007351 0.006639 0.01115 4.915 7.049 6.366 10.69
-4.249 13.2 6.437 0.9212 -0.1509 -0.1019 0.08747 0.202 2157 17.02 5.107 -19.1 26.09 346.2 0 0 0 0.01415 0.01706 0.01612 0.02741 13.57 16.36 15.46 26.28
-9.631 20.3 0.3754 1.005 -0.002081 -0.1246 0.005998 0.1248 2158 -12.82 3.655 -15.38 20.36 340.4 0 0 0 0.007582 0.00264 0.00933 0.01231 7.27 2.532 8.947 11.8
4.883 -8.456 0.5342 0.8026 -0.0334 -0.01734 0.1516 0.1562 2159 12.06 -0.1783 0.09881 12.06 285.9 0 0 0 0.004211 0.002861 0.008217 0.009666 4.038 2.743 7.879 9.269
-33.6 12.16 0.7309 0.9826 -0.006647 -0.02372 -0.207 0.2085 2160 3.075 -9.281 -3.627 10.43 307.1 0 0 0 0.004735 0.01375 0.01237 0.01909 4.541 13.18 11.86 18.31
-10.83 -25.08 7.457 0.9595 -0.0601 -0.06066 -0.2543 0.2683 2161 -34.87 26.17 21.78 48.74 397.7 0 0 0 0.01371 0.0357 0.007989 0.03907 13.14 34.24 7.661 37.46
